F1,Accuracy,Precision,Recall,MCC,AUC,TN,FP,FN,TP,model,rule
0.75,0.8297872340425532,0.6666666666666666,0.8571428571428571,0.6353285249985376,0.7705627705627706,27,6,2,12,AND_Logistic_GB_Accuracy_Prob,Logistic>=0.04 AND GB_Accuracy_Prob>=0.05
0.7407407407407408,0.851063829787234,0.7692307692307693,0.7142857142857143,0.6373241351470041,0.7705627705627706,30,3,4,10,AND_Logistic_GB_Accuracy_Prob,Logistic>=0.09 AND GB_Accuracy_Prob>=0.25
0.7333333333333334,0.8297872340425532,0.6875,0.7857142857142857,0.6120766251056302,0.7705627705627706,28,5,3,11,AND_Logistic_GB_Accuracy_Prob,Logistic>=0.09 AND GB_Accuracy_Prob>=0.05
0.7272727272727273,0.8723404255319149,1.0,0.5714285714285714,0.6953534953651154,0.7965367965367964,33,0,6,8,WeightedAverage,"weights={'GB_Accuracy_Prob': 2, 'Logistic_Prob': 0, 'RandomForest_Prob': 0, 'ExtraTrees_Prob': 2, 'SVC_RBF_Prob': 3}, threshold=0.42"
0.7272727272727273,0.8085106382978723,0.631578947368421,0.8571428571428571,0.6010899408143632,0.7705627705627706,26,7,2,12,AND_Logistic_GB_Accuracy_Prob,Logistic>=0.03 AND GB_Accuracy_Prob>=0.05
0.7272727272727273,0.8085106382978723,0.631578947368421,0.8571428571428571,0.6010899408143632,0.7705627705627706,26,7,2,12,AND_Logistic_GB_Accuracy_Prob,Logistic>=0.04 AND GB_Accuracy_Prob>=0.04
0.7200000000000001,0.851063829787234,0.8181818181818182,0.6428571428571429,0.6289030475727685,0.7705627705627706,31,2,5,9,AND_Logistic_GB_Accuracy_Prob,Logistic>=0.09 AND GB_Accuracy_Prob>=0.28
0.7142857142857143,0.8297872340425532,0.7142857142857143,0.7142857142857143,0.5930735930735931,0.7705627705627706,29,4,4,10,AND_Logistic_GB_Accuracy_Prob,Logistic>=0.03 AND GB_Accuracy_Prob>=0.25
0.7142857142857143,0.8297872340425532,0.7142857142857143,0.7142857142857143,0.5930735930735931,0.7705627705627706,29,4,4,10,AND_Logistic_GB_Accuracy_Prob,Logistic>=0.09 AND GB_Accuracy_Prob>=0.18
0.7096774193548386,0.8085106382978723,0.6470588235294118,0.7857142857142857,0.5747753405735131,0.7705627705627706,27,6,3,11,AND_Logistic_GB_Accuracy_Prob,Logistic>=0.04 AND GB_Accuracy_Prob>=0.06
0.7096774193548386,0.8085106382978723,0.6470588235294118,0.7857142857142857,0.5747753405735131,0.7705627705627706,27,6,3,11,AND_Logistic_GB_Accuracy_Prob,Logistic>=0.09 AND GB_Accuracy_Prob>=0.04
0.7058823529411764,0.7872340425531915,0.6,0.8571428571428571,0.5685916431234195,0.7705627705627706,25,8,2,12,AND_Logistic_GB_Accuracy_Prob,Logistic>=0.03 AND GB_Accuracy_Prob>=0.04
0.6956521739130435,0.851063829787234,0.8888888888888888,0.5714285714285714,0.6289352956273975,0.7705627705627706,32,1,6,8,AND_Logistic_GB_Accuracy_Prob,Logistic>=0.09 AND GB_Accuracy_Prob>=0.31
0.6956521739130435,0.851063829787234,0.8888888888888888,0.5714285714285714,0.6289352956273975,0.7857142857142857,32,1,6,8,WeightedAverage,"weights={'GB_Accuracy_Prob': 1, 'Logistic_Prob': 0, 'RandomForest_Prob': 0, 'ExtraTrees_Prob': 0, 'SVC_RBF_Prob': 3}, threshold=0.36"
0.6956521739130435,0.851063829787234,0.8888888888888888,0.5714285714285714,0.6289352956273975,0.7965367965367965,32,1,6,8,WeightedAverage,"weights={'GB_Accuracy_Prob': 1, 'Logistic_Prob': 0, 'RandomForest_Prob': 0, 'ExtraTrees_Prob': 1, 'SVC_RBF_Prob': 2}, threshold=0.40"
0.6923076923076924,0.8297872340425532,0.75,0.6428571428571429,0.5788880006133953,0.7705627705627706,30,3,5,9,AND_Logistic_GB_Accuracy_Prob,Logistic>=0.03 AND GB_Accuracy_Prob>=0.28
0.6923076923076924,0.8297872340425532,0.75,0.6428571428571429,0.5788880006133953,0.7705627705627706,30,3,5,9,AND_Logistic_GB_Accuracy_Prob,Logistic>=0.09 AND GB_Accuracy_Prob>=0.27
0.6923076923076924,0.8297872340425532,0.75,0.6428571428571429,0.5788880006133953,0.7727272727272727,30,3,5,9,WeightedAverage,"weights={'GB_Accuracy_Prob': 1, 'Logistic_Prob': 0, 'RandomForest_Prob': 0, 'ExtraTrees_Prob': 3, 'SVC_RBF_Prob': 3}, threshold=0.33"
0.689655172413793,0.8085106382978723,0.6666666666666666,0.7142857142857143,0.5521177907240944,0.7705627705627706,28,5,4,10,AND_Logistic_GB_Accuracy_Prob,Logistic>=0.01 AND GB_Accuracy_Prob>=0.25
0.689655172413793,0.8085106382978723,0.6666666666666666,0.7142857142857143,0.5521177907240944,0.7705627705627706,28,5,4,10,AND_Logistic_GB_Accuracy_Prob,Logistic>=0.03 AND GB_Accuracy_Prob>=0.21
0.689655172413793,0.8085106382978723,0.6666666666666666,0.7142857142857143,0.5521177907240944,0.7705627705627706,28,5,4,10,AND_Logistic_GB_Accuracy_Prob,Logistic>=0.09 AND GB_Accuracy_Prob>=0.11
0.689655172413793,0.8085106382978723,0.6666666666666666,0.7142857142857143,0.5521177907240944,0.7835497835497836,28,5,4,10,WeightedAverage,"weights={'GB_Accuracy_Prob': 1, 'Logistic_Prob': 0, 'RandomForest_Prob': 1, 'ExtraTrees_Prob': 2, 'SVC_RBF_Prob': 0}, threshold=0.33"
0.6875000000000001,0.7872340425531915,0.6111111111111112,0.7857142857142857,0.539621984373758,0.7640692640692641,26,7,3,11,OR_Logistic_RandomForest_Prob,Logistic>=0.16 OR RandomForest_Prob>=0.39
0.6875000000000001,0.7872340425531915,0.6111111111111112,0.7857142857142857,0.539621984373758,0.7705627705627706,26,7,3,11,AND_Logistic_GB_Accuracy_Prob,Logistic>=0.03 AND GB_Accuracy_Prob>=0.06
0.6875000000000001,0.7872340425531915,0.6111111111111112,0.7857142857142857,0.539621984373758,0.7705627705627706,26,7,3,11,AND_Logistic_GB_Accuracy_Prob,Logistic>=0.07 AND GB_Accuracy_Prob>=0.04
0.6857142857142857,0.7659574468085106,0.5714285714285714,0.8571428571428571,0.5375841492902727,0.7640692640692641,24,9,2,12,OR_Logistic_RandomForest_Prob,Logistic>=0.09 OR RandomForest_Prob>=0.39
0.6666666666666667,0.7659574468085106,0.5789473684210527,0.7857142857142857,0.5062871649141113,0.7640692640692641,25,8,3,11,AND_Logistic_RandomForest_Prob,Logistic>=0.06 AND RandomForest_Prob>=0.22
0.6666666666666667,0.7659574468085106,0.5789473684210527,0.7857142857142857,0.5062871649141113,0.7640692640692641,25,8,3,11,OR_Logistic_RandomForest_Prob,Logistic>=0.13 OR RandomForest_Prob>=0.39
0.6666666666666667,0.7659574468085106,0.5789473684210527,0.7857142857142857,0.5062871649141113,0.7640692640692641,25,8,3,11,OR_Logistic_ExtraTrees_Prob,Logistic>=0.16 OR ExtraTrees_Prob>=0.34
0.6666666666666667,0.7659574468085106,0.5789473684210527,0.7857142857142857,0.5062871649141113,0.7705627705627706,25,8,3,11,AND_Logistic_GB_Accuracy_Prob,Logistic>=0.01 AND GB_Accuracy_Prob>=0.09
0.6666666666666666,0.851063829787234,1.0,0.5,0.6422616289332564,0.7965367965367965,33,0,7,7,WeightedAverage,"weights={'GB_Accuracy_Prob': 1, 'Logistic_Prob': 0, 'RandomForest_Prob': 0, 'ExtraTrees_Prob': 1, 'SVC_RBF_Prob': 0}, threshold=0.48"
0.6666666666666666,0.8297872340425532,0.8,0.5714285714285714,0.5708081339836757,0.7662337662337662,31,2,6,8,AND_Logistic_SVC_RBF_Prob,Logistic>=0.09 AND SVC_RBF_Prob>=0.30
0.6666666666666666,0.8297872340425532,0.8,0.5714285714285714,0.5708081339836757,0.7705627705627706,31,2,6,8,AND_Logistic_GB_Accuracy_Prob,Logistic>=0.01 AND GB_Accuracy_Prob>=0.32
0.6666666666666666,0.8297872340425532,0.8,0.5714285714285714,0.5708081339836757,0.7705627705627706,31,2,6,8,AND_Logistic_GB_Accuracy_Prob,Logistic>=0.28 AND GB_Accuracy_Prob>=0.28
0.6666666666666666,0.8297872340425532,0.8,0.5714285714285714,0.5708081339836757,0.7943722943722944,31,2,6,8,WeightedAverage,"weights={'GB_Accuracy_Prob': 1, 'Logistic_Prob': 0, 'RandomForest_Prob': 0, 'ExtraTrees_Prob': 0, 'SVC_RBF_Prob': 2}, threshold=0.34"
0.6666666666666666,0.8085106382978723,0.6923076923076923,0.6428571428571429,0.5333163769806527,0.7705627705627706,29,4,5,9,AND_Logistic_GB_Accuracy_Prob,Logistic>=0.01 AND GB_Accuracy_Prob>=0.28
0.6666666666666666,0.8085106382978723,0.6923076923076923,0.6428571428571429,0.5333163769806527,0.7705627705627706,29,4,5,9,AND_Logistic_GB_Accuracy_Prob,Logistic>=0.03 AND GB_Accuracy_Prob>=0.27
0.6666666666666666,0.8085106382978723,0.6923076923076923,0.6428571428571429,0.5333163769806527,0.7705627705627706,29,4,5,9,AND_Logistic_GB_Accuracy_Prob,Logistic>=0.22 AND GB_Accuracy_Prob>=0.18
0.6666666666666666,0.8085106382978723,0.6923076923076923,0.6428571428571429,0.5333163769806527,0.8008658008658008,29,4,5,9,WeightedAverage,"weights={'GB_Accuracy_Prob': 1, 'Logistic_Prob': 0, 'RandomForest_Prob': 1, 'ExtraTrees_Prob': 0, 'SVC_RBF_Prob': 2}, threshold=0.32"
0.6666666666666666,0.8085106382978723,0.6923076923076923,0.6428571428571429,0.5333163769806527,0.7727272727272727,29,4,5,9,WeightedAverage,"weights={'GB_Accuracy_Prob': 1, 'Logistic_Prob': 0, 'RandomForest_Prob': 1, 'ExtraTrees_Prob': 3, 'SVC_RBF_Prob': 3}, threshold=0.33"
0.6666666666666666,0.8085106382978723,0.6923076923076923,0.6428571428571429,0.5333163769806527,0.79004329004329,29,4,5,9,WeightedAverage,"weights={'GB_Accuracy_Prob': 2, 'Logistic_Prob': 0, 'RandomForest_Prob': 0, 'ExtraTrees_Prob': 0, 'SVC_RBF_Prob': 1}, threshold=0.31"
0.6666666666666666,0.7872340425531915,0.625,0.7142857142857143,0.5138936852422697,0.7662337662337662,27,6,4,10,AND_Logistic_SVC_RBF_Prob,Logistic>=0.06 AND SVC_RBF_Prob>=0.28
0.6666666666666666,0.7872340425531915,0.625,0.7142857142857143,0.5138936852422697,0.7705627705627706,27,6,4,10,AND_Logistic_GB_Accuracy_Prob,Logistic>=0.01 AND GB_Accuracy_Prob>=0.21
0.6666666666666666,0.7872340425531915,0.625,0.7142857142857143,0.5138936852422697,0.7705627705627706,27,6,4,10,AND_Logistic_GB_Accuracy_Prob,Logistic>=0.03 AND GB_Accuracy_Prob>=0.18
0.6666666666666666,0.7872340425531915,0.625,0.7142857142857143,0.5138936852422697,0.7705627705627706,27,6,4,10,AND_Logistic_GB_Accuracy_Prob,Logistic>=0.04 AND GB_Accuracy_Prob>=0.11
0.6666666666666666,0.7872340425531915,0.625,0.7142857142857143,0.5138936852422697,0.79004329004329,27,6,4,10,WeightedAverage,"weights={'GB_Accuracy_Prob': 1, 'Logistic_Prob': 0, 'RandomForest_Prob': 1, 'ExtraTrees_Prob': 2, 'SVC_RBF_Prob': 2}, threshold=0.31"
0.6666666666666666,0.7872340425531915,0.625,0.7142857142857143,0.5138936852422697,0.7900432900432901,27,6,4,10,WeightedAverage,"weights={'GB_Accuracy_Prob': 1, 'Logistic_Prob': 0, 'RandomForest_Prob': 2, 'ExtraTrees_Prob': 1, 'SVC_RBF_Prob': 0}, threshold=0.32"
0.6666666666666666,0.7872340425531915,0.625,0.7142857142857143,0.5138936852422697,0.7640692640692641,27,6,4,10,WeightedAverage,"weights={'GB_Accuracy_Prob': 1, 'Logistic_Prob': 1, 'RandomForest_Prob': 2, 'ExtraTrees_Prob': 3, 'SVC_RBF_Prob': 0}, threshold=0.32"
0.6666666666666665,0.7446808510638298,0.5454545454545454,0.8571428571428571,0.5078525445492186,0.7640692640692641,23,10,2,12,AND_Logistic_RandomForest_Prob,Logistic>=0.06 AND RandomForest_Prob>=0.16
0.6666666666666665,0.7446808510638298,0.5454545454545454,0.8571428571428571,0.5078525445492186,0.7640692640692641,23,10,2,12,OR_Logistic_ExtraTrees_Prob,Logistic>=0.09 OR ExtraTrees_Prob>=0.34
0.6666666666666665,0.7446808510638298,0.5454545454545454,0.8571428571428571,0.5078525445492186,0.7705627705627706,23,10,2,12,AND_Logistic_GB_Accuracy_Prob,Logistic>=0.02 AND GB_Accuracy_Prob>=0.05
0.6486486486486486,0.723404255319149,0.5217391304347826,0.8571428571428571,0.47920886032610543,0.777056277056277,22,11,2,12,Logistic_Prob,Logistic_Prob>=0.06
0.6486486486486486,0.723404255319149,0.5217391304347826,0.8571428571428571,0.47920886032610543,0.7640692640692641,22,11,2,12,AND_Logistic_RandomForest_Prob,Logistic>=0.04 AND RandomForest_Prob>=0.16
0.6486486486486486,0.723404255319149,0.5217391304347826,0.8571428571428571,0.47920886032610543,0.7640692640692641,22,11,2,12,OR_Logistic_ExtraTrees_Prob,Logistic>=0.09 OR ExtraTrees_Prob>=0.33
0.6486486486486486,0.723404255319149,0.5217391304347826,0.8571428571428571,0.47920886032610543,0.7705627705627706,22,11,2,12,AND_Logistic_GB_Accuracy_Prob,Logistic>=0.01 AND GB_Accuracy_Prob>=0.05
0.6486486486486486,0.723404255319149,0.5217391304347826,0.8571428571428571,0.47920886032610543,0.7705627705627706,22,11,2,12,AND_Logistic_GB_Accuracy_Prob,Logistic>=0.02 AND GB_Accuracy_Prob>=0.04
0.6486486486486486,0.723404255319149,0.5217391304347826,0.8571428571428571,0.47920886032610543,0.7662337662337662,22,11,2,12,WeightedAverage,"weights={'GB_Accuracy_Prob': 0, 'Logistic_Prob': 1, 'RandomForest_Prob': 0, 'ExtraTrees_Prob': 0, 'SVC_RBF_Prob': 1}, threshold=0.18"
0.6486486486486486,0.723404255319149,0.5217391304347826,0.8571428571428571,0.47920886032610543,0.7705627705627706,22,11,2,12,WeightedAverage,"weights={'GB_Accuracy_Prob': 0, 'Logistic_Prob': 3, 'RandomForest_Prob': 2, 'ExtraTrees_Prob': 0, 'SVC_RBF_Prob': 1}, threshold=0.17"
0.6486486486486486,0.723404255319149,0.5217391304347826,0.8571428571428571,0.47920886032610543,0.79004329004329,22,11,2,12,WeightedAverage,"weights={'GB_Accuracy_Prob': 1, 'Logistic_Prob': 1, 'RandomForest_Prob': 1, 'ExtraTrees_Prob': 0, 'SVC_RBF_Prob': 0}, threshold=0.14"
0.6470588235294117,0.7446808510638298,0.55,0.7857142857142857,0.4744937303529944,0.777056277056277,24,9,3,11,Logistic_Prob,Logistic_Prob>=0.09
0.6470588235294117,0.7446808510638298,0.55,0.7857142857142857,0.4744937303529944,0.7640692640692641,24,9,3,11,AND_Logistic_RandomForest_Prob,Logistic>=0.04 AND RandomForest_Prob>=0.22
0.6470588235294117,0.7446808510638298,0.55,0.7857142857142857,0.4744937303529944,0.7640692640692641,24,9,3,11,OR_Logistic_RandomForest_Prob,Logistic>=0.13 OR RandomForest_Prob>=0.34
0.6470588235294117,0.7446808510638298,0.55,0.7857142857142857,0.4744937303529944,0.7640692640692641,24,9,3,11,OR_Logistic_ExtraTrees_Prob,Logistic>=0.13 OR ExtraTrees_Prob>=0.34
0.6470588235294117,0.7446808510638298,0.55,0.7857142857142857,0.4744937303529944,0.7640692640692641,24,9,3,11,OR_Logistic_ExtraTrees_Prob,Logistic>=0.16 OR ExtraTrees_Prob>=0.33
0.6470588235294117,0.7446808510638298,0.55,0.7857142857142857,0.4744937303529944,0.7705627705627706,24,9,3,11,AND_Logistic_GB_Accuracy_Prob,Logistic>=0.01 AND GB_Accuracy_Prob>=0.08
0.6470588235294117,0.7446808510638298,0.55,0.7857142857142857,0.4744937303529944,0.7705627705627706,24,9,3,11,WeightedAverage,"weights={'GB_Accuracy_Prob': 0, 'Logistic_Prob': 2, 'RandomForest_Prob': 0, 'ExtraTrees_Prob': 1, 'SVC_RBF_Prob': 0}, threshold=0.17"
0.6470588235294117,0.7446808510638298,0.55,0.7857142857142857,0.4744937303529944,0.764069264069264,24,9,3,11,WeightedAverage,"weights={'GB_Accuracy_Prob': 0, 'Logistic_Prob': 2, 'RandomForest_Prob': 3, 'ExtraTrees_Prob': 0, 'SVC_RBF_Prob': 1}, threshold=0.22"
0.6470588235294117,0.7446808510638298,0.55,0.7857142857142857,0.4744937303529944,0.8051948051948051,24,9,3,11,WeightedAverage,"weights={'GB_Accuracy_Prob': 1, 'Logistic_Prob': 0, 'RandomForest_Prob': 1, 'ExtraTrees_Prob': 0, 'SVC_RBF_Prob': 0}, threshold=0.20"
0.6470588235294117,0.7446808510638298,0.55,0.7857142857142857,0.4744937303529944,0.7792207792207791,24,9,3,11,WeightedAverage,"weights={'GB_Accuracy_Prob': 1, 'Logistic_Prob': 2, 'RandomForest_Prob': 1, 'ExtraTrees_Prob': 1, 'SVC_RBF_Prob': 1}, threshold=0.22"
0.6451612903225806,0.7659574468085106,0.5882352941176471,0.7142857142857143,0.4779493871435665,0.79004329004329,26,7,4,10,GB_Accuracy_Prob,GB_Accuracy_Prob>=0.25
0.6451612903225806,0.7659574468085106,0.5882352941176471,0.7142857142857143,0.4779493871435665,0.777056277056277,26,7,4,10,Logistic_Prob,Logistic_Prob>=0.16
0.6451612903225806,0.7659574468085106,0.5882352941176471,0.7142857142857143,0.4779493871435665,0.7640692640692641,26,7,4,10,AND_Logistic_RandomForest_Prob,Logistic>=0.06 AND RandomForest_Prob>=0.23
0.6451612903225806,0.7659574468085106,0.5882352941176471,0.7142857142857143,0.4779493871435665,0.7640692640692641,26,7,4,10,OR_Logistic_RandomForest_Prob,Logistic>=0.22 OR RandomForest_Prob>=0.39
0.6451612903225806,0.7659574468085106,0.5882352941176471,0.7142857142857143,0.4779493871435665,0.7662337662337662,26,7,4,10,AND_Logistic_SVC_RBF_Prob,Logistic>=0.04 AND SVC_RBF_Prob>=0.28
0.6451612903225806,0.7659574468085106,0.5882352941176471,0.7142857142857143,0.4779493871435665,0.7705627705627706,26,7,4,10,AND_Logistic_GB_Accuracy_Prob,Logistic>=0.01 AND GB_Accuracy_Prob>=0.18
0.6451612903225806,0.7659574468085106,0.5882352941176471,0.7142857142857143,0.4779493871435665,0.7705627705627706,26,7,4,10,AND_Logistic_GB_Accuracy_Prob,Logistic>=0.03 AND GB_Accuracy_Prob>=0.11
0.6451612903225806,0.7659574468085106,0.5882352941176471,0.7142857142857143,0.4779493871435665,0.7380952380952381,26,7,4,10,WeightedAverage,"weights={'GB_Accuracy_Prob': 0, 'Logistic_Prob': 0, 'RandomForest_Prob': 0, 'ExtraTrees_Prob': 1, 'SVC_RBF_Prob': 3}, threshold=0.29"
0.6451612903225806,0.7659574468085106,0.5882352941176471,0.7142857142857143,0.4779493871435665,0.777056277056277,26,7,4,10,WeightedAverage,"weights={'GB_Accuracy_Prob': 1, 'Logistic_Prob': 0, 'RandomForest_Prob': 0, 'ExtraTrees_Prob': 2, 'SVC_RBF_Prob': 0}, threshold=0.32"
0.6451612903225806,0.7659574468085106,0.5882352941176471,0.7142857142857143,0.4779493871435665,0.7878787878787878,26,7,4,10,WeightedAverage,"weights={'GB_Accuracy_Prob': 2, 'Logistic_Prob': 1, 'RandomForest_Prob': 2, 'ExtraTrees_Prob': 3, 'SVC_RBF_Prob': 0}, threshold=0.29"
0.6428571428571429,0.7872340425531915,0.6428571428571429,0.6428571428571429,0.49134199134199136,0.7640692640692641,28,5,5,9,OR_Logistic_RandomForest_Prob,Logistic>=0.80 OR RandomForest_Prob>=0.34
0.6428571428571429,0.7872340425531915,0.6428571428571429,0.6428571428571429,0.49134199134199136,0.7662337662337662,28,5,5,9,AND_Logistic_SVC_RBF_Prob,Logistic>=0.09 AND SVC_RBF_Prob>=0.28
0.6428571428571429,0.7872340425531915,0.6428571428571429,0.6428571428571429,0.49134199134199136,0.7705627705627706,28,5,5,9,AND_Logistic_GB_Accuracy_Prob,Logistic>=0.01 AND GB_Accuracy_Prob>=0.27
0.6428571428571429,0.7872340425531915,0.6428571428571429,0.6428571428571429,0.49134199134199136,0.7705627705627706,28,5,5,9,AND_Logistic_GB_Accuracy_Prob,Logistic>=0.22 AND GB_Accuracy_Prob>=0.04
0.6428571428571429,0.7872340425531915,0.6428571428571429,0.6428571428571429,0.49134199134199136,0.7943722943722944,28,5,5,9,WeightedAverage,"weights={'GB_Accuracy_Prob': 1, 'Logistic_Prob': 0, 'RandomForest_Prob': 0, 'ExtraTrees_Prob': 0, 'SVC_RBF_Prob': 1}, threshold=0.30"
0.6428571428571429,0.7872340425531915,0.6428571428571429,0.6428571428571429,0.49134199134199136,0.7662337662337662,28,5,5,9,WeightedAverage,"weights={'GB_Accuracy_Prob': 1, 'Logistic_Prob': 0, 'RandomForest_Prob': 0, 'ExtraTrees_Prob': 3, 'SVC_RBF_Prob': 0}, threshold=0.34"
0.6428571428571429,0.7872340425531915,0.6428571428571429,0.6428571428571429,0.49134199134199136,0.8051948051948051,28,5,5,9,WeightedAverage,"weights={'GB_Accuracy_Prob': 1, 'Logistic_Prob': 0, 'RandomForest_Prob': 1, 'ExtraTrees_Prob': 0, 'SVC_RBF_Prob': 0}, threshold=0.33"
0.6428571428571429,0.7872340425531915,0.6428571428571429,0.6428571428571429,0.49134199134199136,0.7619047619047619,28,5,5,9,WeightedAverage,"weights={'GB_Accuracy_Prob': 1, 'Logistic_Prob': 0, 'RandomForest_Prob': 2, 'ExtraTrees_Prob': 3, 'SVC_RBF_Prob': 0}, threshold=0.33"
0.6428571428571429,0.7872340425531915,0.6428571428571429,0.6428571428571429,0.49134199134199136,0.7727272727272727,28,5,5,9,WeightedAverage,"weights={'GB_Accuracy_Prob': 1, 'Logistic_Prob': 1, 'RandomForest_Prob': 2, 'ExtraTrees_Prob': 3, 'SVC_RBF_Prob': 2}, threshold=0.32"
0.6428571428571429,0.7872340425531915,0.6428571428571429,0.6428571428571429,0.49134199134199136,0.79004329004329,28,5,5,9,WeightedAverage,"weights={'GB_Accuracy_Prob': 2, 'Logistic_Prob': 0, 'RandomForest_Prob': 0, 'ExtraTrees_Prob': 0, 'SVC_RBF_Prob': 1}, threshold=0.30"
0.6428571428571429,0.7872340425531915,0.6428571428571429,0.6428571428571429,0.49134199134199136,0.7878787878787878,28,5,5,9,WeightedAverage,"weights={'GB_Accuracy_Prob': 2, 'Logistic_Prob': 1, 'RandomForest_Prob': 2, 'ExtraTrees_Prob': 0, 'SVC_RBF_Prob': 3}, threshold=0.32"
0.64,0.8085106382978723,0.7272727272727273,0.5714285714285714,0.5190203589634,0.7662337662337662,30,3,6,8,AND_Logistic_SVC_RBF_Prob,Logistic>=0.04 AND SVC_RBF_Prob>=0.30
0.64,0.8085106382978723,0.7272727272727273,0.5714285714285714,0.5190203589634,0.7705627705627706,30,3,6,8,AND_Logistic_GB_Accuracy_Prob,Logistic>=0.01 AND GB_Accuracy_Prob>=0.31
0.64,0.8085106382978723,0.7272727272727273,0.5714285714285714,0.5190203589634,0.7705627705627706,30,3,6,8,AND_Logistic_GB_Accuracy_Prob,Logistic>=0.28 AND GB_Accuracy_Prob>=0.25
0.64,0.8085106382978723,0.7272727272727273,0.5714285714285714,0.5190203589634,0.7943722943722944,30,3,6,8,WeightedAverage,"weights={'GB_Accuracy_Prob': 1, 'Logistic_Prob': 0, 'RandomForest_Prob': 0, 'ExtraTrees_Prob': 0, 'SVC_RBF_Prob': 1}, threshold=0.34"
0.64,0.8085106382978723,0.7272727272727273,0.5714285714285714,0.5190203589634,0.7857142857142857,30,3,6,8,WeightedAverage,"weights={'GB_Accuracy_Prob': 1, 'Logistic_Prob': 0, 'RandomForest_Prob': 0, 'ExtraTrees_Prob': 0, 'SVC_RBF_Prob': 3}, threshold=0.33"
0.64,0.8085106382978723,0.7272727272727273,0.5714285714285714,0.5190203589634,0.7835497835497836,30,3,6,8,WeightedAverage,"weights={'GB_Accuracy_Prob': 1, 'Logistic_Prob': 0, 'RandomForest_Prob': 0, 'ExtraTrees_Prob': 3, 'SVC_RBF_Prob': 2}, threshold=0.34"
0.64,0.8085106382978723,0.7272727272727273,0.5714285714285714,0.5190203589634,0.8008658008658008,30,3,6,8,WeightedAverage,"weights={'GB_Accuracy_Prob': 1, 'Logistic_Prob': 0, 'RandomForest_Prob': 1, 'ExtraTrees_Prob': 0, 'SVC_RBF_Prob': 2}, threshold=0.35"
0.64,0.8085106382978723,0.7272727272727273,0.5714285714285714,0.5190203589634,0.7727272727272727,30,3,6,8,WeightedAverage,"weights={'GB_Accuracy_Prob': 1, 'Logistic_Prob': 0, 'RandomForest_Prob': 1, 'ExtraTrees_Prob': 3, 'SVC_RBF_Prob': 3}, threshold=0.34"
0.64,0.8085106382978723,0.7272727272727273,0.5714285714285714,0.5190203589634,0.7835497835497836,30,3,6,8,WeightedAverage,"weights={'GB_Accuracy_Prob': 1, 'Logistic_Prob': 1, 'RandomForest_Prob': 0, 'ExtraTrees_Prob': 0, 'SVC_RBF_Prob': 3}, threshold=0.43"
0.6363636363636364,0.8297872340425532,0.875,0.5,0.5715595018720835,0.79004329004329,32,1,7,7,GB_Accuracy_Prob,GB_Accuracy_Prob>=0.53
0.6363636363636364,0.8297872340425532,0.875,0.5,0.5715595018720835,0.777056277056277,32,1,7,7,WeightedAverage,"weights={'GB_Accuracy_Prob': 1, 'Logistic_Prob': 0, 'RandomForest_Prob': 0, 'ExtraTrees_Prob': 2, 'SVC_RBF_Prob': 0}, threshold=0.44"
0.6363636363636364,0.8297872340425532,0.875,0.5,0.5715595018720835,0.7943722943722944,32,1,7,7,WeightedAverage,"weights={'GB_Accuracy_Prob': 2, 'Logistic_Prob': 0, 'RandomForest_Prob': 1, 'ExtraTrees_Prob': 2, 'SVC_RBF_Prob': 1}, threshold=0.44"
0.6363636363636364,0.8297872340425532,0.875,0.5,0.5715595018720835,0.7878787878787878,32,1,7,7,WeightedAverage,"weights={'GB_Accuracy_Prob': 2, 'Logistic_Prob': 0, 'RandomForest_Prob': 1, 'ExtraTrees_Prob': 2, 'SVC_RBF_Prob': 3}, threshold=0.41"
0.6363636363636364,0.8297872340425532,0.875,0.5,0.5715595018720835,0.777056277056277,32,1,7,7,WeightedAverage,"weights={'GB_Accuracy_Prob': 2, 'Logistic_Prob': 1, 'RandomForest_Prob': 0, 'ExtraTrees_Prob': 3, 'SVC_RBF_Prob': 1}, threshold=0.51"
0.631578947368421,0.7021276595744681,0.5,0.8571428571428571,0.4514860336956696,0.777056277056277,21,12,2,12,Logistic_Prob,Logistic_Prob>=0.04
0.631578947368421,0.7021276595744681,0.5,0.8571428571428571,0.4514860336956696,0.7640692640692641,21,12,2,12,AND_Logistic_RandomForest_Prob,Logistic>=0.03 AND RandomForest_Prob>=0.16
0.631578947368421,0.7021276595744681,0.5,0.8571428571428571,0.4514860336956696,0.7640692640692641,21,12,2,12,OR_Logistic_RandomForest_Prob,Logistic>=0.09 OR RandomForest_Prob>=0.33
0.631578947368421,0.7021276595744681,0.5,0.8571428571428571,0.4514860336956696,0.7640692640692641,21,12,2,12,OR_Logistic_ExtraTrees_Prob,Logistic>=0.06 OR ExtraTrees_Prob>=0.33
0.631578947368421,0.7021276595744681,0.5,0.8571428571428571,0.4514860336956696,0.7640692640692641,21,12,2,12,OR_Logistic_ExtraTrees_Prob,Logistic>=0.09 OR ExtraTrees_Prob>=0.32
0.631578947368421,0.7021276595744681,0.5,0.8571428571428571,0.4514860336956696,0.7662337662337662,21,12,2,12,OR_Logistic_SVC_RBF_Prob,Logistic>=0.06 OR SVC_RBF_Prob>=0.31
0.631578947368421,0.7021276595744681,0.5,0.8571428571428571,0.4514860336956696,0.7705627705627706,21,12,2,12,AND_Logistic_GB_Accuracy_Prob,Logistic>=0.01 AND GB_Accuracy_Prob>=0.04
0.631578947368421,0.7021276595744681,0.5,0.8571428571428571,0.4514860336956696,0.7705627705627706,21,12,2,12,AND_Logistic_GB_Accuracy_Prob,Logistic>=0.03 AND GB_Accuracy_Prob>=0.03
0.631578947368421,0.7021276595744681,0.5,0.8571428571428571,0.4514860336956696,0.7705627705627706,21,12,2,12,OR_Logistic_GB_Accuracy_Prob,Logistic>=0.06 OR GB_Accuracy_Prob>=0.39
0.631578947368421,0.7021276595744681,0.5,0.8571428571428571,0.4514860336956696,0.764069264069264,21,12,2,12,WeightedAverage,"weights={'GB_Accuracy_Prob': 0, 'Logistic_Prob': 2, 'RandomForest_Prob': 1, 'ExtraTrees_Prob': 0, 'SVC_RBF_Prob': 0}, threshold=0.12"
0.631578947368421,0.7021276595744681,0.5,0.8571428571428571,0.4514860336956696,0.79004329004329,21,12,2,12,WeightedAverage,"weights={'GB_Accuracy_Prob': 1, 'Logistic_Prob': 1, 'RandomForest_Prob': 1, 'ExtraTrees_Prob': 0, 'SVC_RBF_Prob': 0}, threshold=0.13"
0.631578947368421,0.7021276595744681,0.5,0.8571428571428571,0.4514860336956696,0.8051948051948051,21,12,2,12,WeightedAverage,"weights={'GB_Accuracy_Prob': 2, 'Logistic_Prob': 0, 'RandomForest_Prob': 0, 'ExtraTrees_Prob': 1, 'SVC_RBF_Prob': 0}, threshold=0.13"
0.631578947368421,0.7021276595744681,0.5,0.8571428571428571,0.4514860336956696,0.7900432900432901,21,12,2,12,WeightedAverage,"weights={'GB_Accuracy_Prob': 2, 'Logistic_Prob': 1, 'RandomForest_Prob': 1, 'ExtraTrees_Prob': 0, 'SVC_RBF_Prob': 0}, threshold=0.12"
0.631578947368421,0.7021276595744681,0.5,0.8571428571428571,0.4514860336956696,0.7770562770562771,21,12,2,12,WeightedAverage,"weights={'GB_Accuracy_Prob': 2, 'Logistic_Prob': 2, 'RandomForest_Prob': 3, 'ExtraTrees_Prob': 0, 'SVC_RBF_Prob': 0}, threshold=0.15"
0.6285714285714286,0.723404255319149,0.5238095238095238,0.7857142857142857,0.44400468626566963,0.79004329004329,23,10,3,11,GB_Accuracy_Prob,GB_Accuracy_Prob>=0.09
0.6285714285714286,0.723404255319149,0.5238095238095238,0.7857142857142857,0.44400468626566963,0.7640692640692641,23,10,3,11,AND_Logistic_RandomForest_Prob,Logistic>=0.03 AND RandomForest_Prob>=0.22
0.6285714285714286,0.723404255319149,0.5238095238095238,0.7857142857142857,0.44400468626566963,0.7640692640692641,23,10,3,11,AND_Logistic_RandomForest_Prob,Logistic>=0.06 AND RandomForest_Prob>=0.21
0.6285714285714286,0.723404255319149,0.5238095238095238,0.7857142857142857,0.44400468626566963,0.7640692640692641,23,10,3,11,AND_Logistic_RandomForest_Prob,Logistic>=0.07 AND RandomForest_Prob>=0.16
0.6285714285714286,0.723404255319149,0.5238095238095238,0.7857142857142857,0.44400468626566963,0.7640692640692641,23,10,3,11,OR_Logistic_RandomForest_Prob,Logistic>=0.16 OR RandomForest_Prob>=0.33
0.6285714285714286,0.723404255319149,0.5238095238095238,0.7857142857142857,0.44400468626566963,0.7640692640692641,23,10,3,11,AND_Logistic_ExtraTrees_Prob,Logistic>=0.06 AND ExtraTrees_Prob>=0.18
0.6285714285714286,0.723404255319149,0.5238095238095238,0.7857142857142857,0.44400468626566963,0.7640692640692641,23,10,3,11,OR_Logistic_ExtraTrees_Prob,Logistic>=0.13 OR ExtraTrees_Prob>=0.33
0.6285714285714286,0.723404255319149,0.5238095238095238,0.7857142857142857,0.44400468626566963,0.7640692640692641,23,10,3,11,OR_Logistic_ExtraTrees_Prob,Logistic>=0.16 OR ExtraTrees_Prob>=0.32
0.6285714285714286,0.723404255319149,0.5238095238095238,0.7857142857142857,0.44400468626566963,0.7705627705627706,23,10,3,11,AND_Logistic_GB_Accuracy_Prob,Logistic>=0.02 AND GB_Accuracy_Prob>=0.06
0.6285714285714286,0.723404255319149,0.5238095238095238,0.7857142857142857,0.44400468626566963,0.7705627705627706,23,10,3,11,OR_Logistic_GB_Accuracy_Prob,Logistic>=0.09 OR GB_Accuracy_Prob>=0.49
0.6285714285714286,0.723404255319149,0.5238095238095238,0.7857142857142857,0.44400468626566963,0.7683982683982684,23,10,3,11,WeightedAverage,"weights={'GB_Accuracy_Prob': 0, 'Logistic_Prob': 1, 'RandomForest_Prob': 0, 'ExtraTrees_Prob': 0, 'SVC_RBF_Prob': 3}, threshold=0.24"
0.6285714285714286,0.723404255319149,0.5238095238095238,0.7857142857142857,0.44400468626566963,0.7640692640692641,23,10,3,11,WeightedAverage,"weights={'GB_Accuracy_Prob': 0, 'Logistic_Prob': 1, 'RandomForest_Prob': 1, 'ExtraTrees_Prob': 0, 'SVC_RBF_Prob': 0}, threshold=0.17"
0.6285714285714286,0.723404255319149,0.5238095238095238,0.7857142857142857,0.44400468626566963,0.7662337662337663,23,10,3,11,WeightedAverage,"weights={'GB_Accuracy_Prob': 0, 'Logistic_Prob': 2, 'RandomForest_Prob': 0, 'ExtraTrees_Prob': 0, 'SVC_RBF_Prob': 1}, threshold=0.15"
0.6285714285714286,0.723404255319149,0.5238095238095238,0.7857142857142857,0.44400468626566963,0.7727272727272727,23,10,3,11,WeightedAverage,"weights={'GB_Accuracy_Prob': 0, 'Logistic_Prob': 2, 'RandomForest_Prob': 1, 'ExtraTrees_Prob': 0, 'SVC_RBF_Prob': 3}, threshold=0.22"
0.6285714285714286,0.723404255319149,0.5238095238095238,0.7857142857142857,0.44400468626566963,0.7965367965367965,23,10,3,11,WeightedAverage,"weights={'GB_Accuracy_Prob': 1, 'Logistic_Prob': 0, 'RandomForest_Prob': 0, 'ExtraTrees_Prob': 1, 'SVC_RBF_Prob': 0}, threshold=0.20"
0.6285714285714286,0.723404255319149,0.5238095238095238,0.7857142857142857,0.44400468626566963,0.7640692640692641,23,10,3,11,WeightedAverage,"weights={'GB_Accuracy_Prob': 1, 'Logistic_Prob': 3, 'RandomForest_Prob': 0, 'ExtraTrees_Prob': 0, 'SVC_RBF_Prob': 0}, threshold=0.11"
0.6285714285714286,0.723404255319149,0.5238095238095238,0.7857142857142857,0.44400468626566963,0.8051948051948051,23,10,3,11,WeightedAverage,"weights={'GB_Accuracy_Prob': 2, 'Logistic_Prob': 0, 'RandomForest_Prob': 0, 'ExtraTrees_Prob': 1, 'SVC_RBF_Prob': 0}, threshold=0.17"
0.6250000000000001,0.7446808510638298,0.5555555555555556,0.7142857142857143,0.44391544374897823,0.79004329004329,25,8,4,10,GB_Accuracy_Prob,GB_Accuracy_Prob>=0.21
0.6250000000000001,0.7446808510638298,0.5555555555555556,0.7142857142857143,0.44391544374897823,0.777056277056277,25,8,4,10,Logistic_Prob,Logistic_Prob>=0.13
0.6250000000000001,0.7446808510638298,0.5555555555555556,0.7142857142857143,0.44391544374897823,0.7640692640692641,25,8,4,10,AND_Logistic_RandomForest_Prob,Logistic>=0.03 AND RandomForest_Prob>=0.23
0.6250000000000001,0.7446808510638298,0.5555555555555556,0.7142857142857143,0.44391544374897823,0.7640692640692641,25,8,4,10,AND_Logistic_RandomForest_Prob,Logistic>=0.07 AND RandomForest_Prob>=0.22
0.6250000000000001,0.7446808510638298,0.5555555555555556,0.7142857142857143,0.44391544374897823,0.7640692640692641,25,8,4,10,OR_Logistic_RandomForest_Prob,Logistic>=0.22 OR RandomForest_Prob>=0.34
0.6250000000000001,0.7446808510638298,0.5555555555555556,0.7142857142857143,0.44391544374897823,0.7640692640692641,25,8,4,10,OR_Logistic_ExtraTrees_Prob,Logistic>=0.22 OR ExtraTrees_Prob>=0.34
0.6250000000000001,0.7446808510638298,0.5555555555555556,0.7142857142857143,0.44391544374897823,0.7662337662337662,25,8,4,10,AND_Logistic_SVC_RBF_Prob,Logistic>=0.03 AND SVC_RBF_Prob>=0.28
0.6250000000000001,0.7446808510638298,0.5555555555555556,0.7142857142857143,0.44391544374897823,0.7705627705627706,25,8,4,10,AND_Logistic_GB_Accuracy_Prob,Logistic>=0.01 AND GB_Accuracy_Prob>=0.11
0.6250000000000001,0.7446808510638298,0.5555555555555556,0.7142857142857143,0.44391544374897823,0.7705627705627706,25,8,4,10,OR_Logistic_GB_Accuracy_Prob,Logistic>=0.16 OR GB_Accuracy_Prob>=0.49
0.6250000000000001,0.7446808510638298,0.5555555555555556,0.7142857142857143,0.44391544374897823,0.7727272727272727,25,8,4,10,WeightedAverage,"weights={'GB_Accuracy_Prob': 0, 'Logistic_Prob': 2, 'RandomForest_Prob': 0, 'ExtraTrees_Prob': 0, 'SVC_RBF_Prob': 3}, threshold=0.23"
0.6250000000000001,0.7446808510638298,0.5555555555555556,0.7142857142857143,0.44391544374897823,0.7727272727272727,25,8,4,10,WeightedAverage,"weights={'GB_Accuracy_Prob': 0, 'Logistic_Prob': 2, 'RandomForest_Prob': 0, 'ExtraTrees_Prob': 1, 'SVC_RBF_Prob': 3}, threshold=0.23"
0.6250000000000001,0.7446808510638298,0.5555555555555556,0.7142857142857143,0.44391544374897823,0.777056277056277,25,8,4,10,WeightedAverage,"weights={'GB_Accuracy_Prob': 1, 'Logistic_Prob': 0, 'RandomForest_Prob': 0, 'ExtraTrees_Prob': 2, 'SVC_RBF_Prob': 0}, threshold=0.30"
0.6250000000000001,0.7446808510638298,0.5555555555555556,0.7142857142857143,0.44391544374897823,0.7662337662337662,25,8,4,10,WeightedAverage,"weights={'GB_Accuracy_Prob': 1, 'Logistic_Prob': 0, 'RandomForest_Prob': 0, 'ExtraTrees_Prob': 3, 'SVC_RBF_Prob': 0}, threshold=0.31"
0.6250000000000001,0.7446808510638298,0.5555555555555556,0.7142857142857143,0.44391544374897823,0.7792207792207793,25,8,4,10,WeightedAverage,"weights={'GB_Accuracy_Prob': 1, 'Logistic_Prob': 1, 'RandomForest_Prob': 3, 'ExtraTrees_Prob': 1, 'SVC_RBF_Prob': 1}, threshold=0.30"
0.6250000000000001,0.7446808510638298,0.5555555555555556,0.7142857142857143,0.44391544374897823,0.774891774891775,25,8,4,10,WeightedAverage,"weights={'GB_Accuracy_Prob': 3, 'Logistic_Prob': 1, 'RandomForest_Prob': 0, 'ExtraTrees_Prob': 0, 'SVC_RBF_Prob': 0}, threshold=0.25"
0.6206896551724138,0.7659574468085106,0.6,0.6428571428571429,0.4523118824008927,0.79004329004329,27,6,5,9,GB_Accuracy_Prob,GB_Accuracy_Prob>=0.28
0.6206896551724138,0.7659574468085106,0.6,0.6428571428571429,0.4523118824008927,0.7640692640692641,27,6,5,9,AND_Logistic_RandomForest_Prob,Logistic>=0.09 AND RandomForest_Prob>=0.23
0.6206896551724138,0.7659574468085106,0.6,0.6428571428571429,0.4523118824008927,0.7640692640692641,27,6,5,9,OR_Logistic_RandomForest_Prob,Logistic>=0.63 OR RandomForest_Prob>=0.34
0.6206896551724138,0.7659574468085106,0.6,0.6428571428571429,0.4523118824008927,0.7662337662337662,27,6,5,9,AND_Logistic_SVC_RBF_Prob,Logistic>=0.06 AND SVC_RBF_Prob>=0.29
0.6206896551724138,0.7659574468085106,0.6,0.6428571428571429,0.4523118824008927,0.7662337662337662,27,6,5,9,AND_Logistic_SVC_RBF_Prob,Logistic>=0.07 AND SVC_RBF_Prob>=0.28
0.6206896551724138,0.7659574468085106,0.6,0.6428571428571429,0.4523118824008927,0.7467532467532467,27,6,5,9,WeightedAverage,"weights={'GB_Accuracy_Prob': 0, 'Logistic_Prob': 1, 'RandomForest_Prob': 3, 'ExtraTrees_Prob': 1, 'SVC_RBF_Prob': 3}, threshold=0.33"
0.6206896551724138,0.7659574468085106,0.6,0.6428571428571429,0.4523118824008927,0.7943722943722944,27,6,5,9,WeightedAverage,"weights={'GB_Accuracy_Prob': 1, 'Logistic_Prob': 0, 'RandomForest_Prob': 0, 'ExtraTrees_Prob': 0, 'SVC_RBF_Prob': 2}, threshold=0.29"
0.6206896551724138,0.7659574468085106,0.6,0.6428571428571429,0.4523118824008927,0.7965367965367965,27,6,5,9,WeightedAverage,"weights={'GB_Accuracy_Prob': 1, 'Logistic_Prob': 0, 'RandomForest_Prob': 0, 'ExtraTrees_Prob': 1, 'SVC_RBF_Prob': 0}, threshold=0.33"
0.6206896551724138,0.7659574468085106,0.6,0.6428571428571429,0.4523118824008927,0.7813852813852814,27,6,5,9,WeightedAverage,"weights={'GB_Accuracy_Prob': 1, 'Logistic_Prob': 0, 'RandomForest_Prob': 0, 'ExtraTrees_Prob': 2, 'SVC_RBF_Prob': 2}, threshold=0.31"
0.6206896551724138,0.7659574468085106,0.6,0.6428571428571429,0.4523118824008927,0.7857142857142857,27,6,5,9,WeightedAverage,"weights={'GB_Accuracy_Prob': 1, 'Logistic_Prob': 0, 'RandomForest_Prob': 1, 'ExtraTrees_Prob': 1, 'SVC_RBF_Prob': 0}, threshold=0.32"
0.6206896551724138,0.7659574468085106,0.6,0.6428571428571429,0.4523118824008927,0.79004329004329,27,6,5,9,WeightedAverage,"weights={'GB_Accuracy_Prob': 1, 'Logistic_Prob': 1, 'RandomForest_Prob': 1, 'ExtraTrees_Prob': 0, 'SVC_RBF_Prob': 0}, threshold=0.32"
0.6206896551724138,0.7659574468085106,0.6,0.6428571428571429,0.4523118824008927,0.7835497835497836,27,6,5,9,WeightedAverage,"weights={'GB_Accuracy_Prob': 1, 'Logistic_Prob': 1, 'RandomForest_Prob': 2, 'ExtraTrees_Prob': 0, 'SVC_RBF_Prob': 0}, threshold=0.33"
0.6206896551724138,0.7659574468085106,0.6,0.6428571428571429,0.4523118824008927,0.7662337662337662,27,6,5,9,WeightedAverage,"weights={'GB_Accuracy_Prob': 1, 'Logistic_Prob': 1, 'RandomForest_Prob': 3, 'ExtraTrees_Prob': 3, 'SVC_RBF_Prob': 0}, threshold=0.34"
0.6206896551724138,0.7659574468085106,0.6,0.6428571428571429,0.4523118824008927,0.7813852813852813,27,6,5,9,WeightedAverage,"weights={'GB_Accuracy_Prob': 2, 'Logistic_Prob': 0, 'RandomForest_Prob': 0, 'ExtraTrees_Prob': 3, 'SVC_RBF_Prob': 3}, threshold=0.31"
0.6153846153846153,0.7872340425531915,0.6666666666666666,0.5714285714285714,0.4721909965787695,0.79004329004329,29,4,6,8,GB_Accuracy_Prob,GB_Accuracy_Prob>=0.32
0.6153846153846153,0.7872340425531915,0.6666666666666666,0.5714285714285714,0.4721909965787695,0.7640692640692641,29,4,6,8,OR_Logistic_RandomForest_Prob,Logistic>=0.80 OR RandomForest_Prob>=0.39
0.6153846153846153,0.7872340425531915,0.6666666666666666,0.5714285714285714,0.4721909965787695,0.7662337662337662,29,4,6,8,AND_Logistic_SVC_RBF_Prob,Logistic>=0.01 AND SVC_RBF_Prob>=0.30
0.6153846153846153,0.7872340425531915,0.6666666666666666,0.5714285714285714,0.4721909965787695,0.7705627705627706,29,4,6,8,AND_Logistic_GB_Accuracy_Prob,Logistic>=0.28 AND GB_Accuracy_Prob>=0.18
0.6153846153846153,0.7872340425531915,0.6666666666666666,0.5714285714285714,0.4721909965787695,0.7424242424242424,29,4,6,8,WeightedAverage,"weights={'GB_Accuracy_Prob': 0, 'Logistic_Prob': 0, 'RandomForest_Prob': 1, 'ExtraTrees_Prob': 0, 'SVC_RBF_Prob': 2}, threshold=0.31"
0.6153846153846153,0.7872340425531915,0.6666666666666666,0.5714285714285714,0.4721909965787695,0.7943722943722944,29,4,6,8,WeightedAverage,"weights={'GB_Accuracy_Prob': 1, 'Logistic_Prob': 0, 'RandomForest_Prob': 0, 'ExtraTrees_Prob': 0, 'SVC_RBF_Prob': 1}, threshold=0.32"
0.6153846153846153,0.7872340425531915,0.6666666666666666,0.5714285714285714,0.4721909965787695,0.7943722943722944,29,4,6,8,WeightedAverage,"weights={'GB_Accuracy_Prob': 1, 'Logistic_Prob': 0, 'RandomForest_Prob': 0, 'ExtraTrees_Prob': 0, 'SVC_RBF_Prob': 2}, threshold=0.32"
0.6153846153846153,0.7872340425531915,0.6666666666666666,0.5714285714285714,0.4721909965787695,0.7662337662337662,29,4,6,8,WeightedAverage,"weights={'GB_Accuracy_Prob': 1, 'Logistic_Prob': 0, 'RandomForest_Prob': 0, 'ExtraTrees_Prob': 3, 'SVC_RBF_Prob': 0}, threshold=0.37"
0.6153846153846153,0.7872340425531915,0.6666666666666666,0.5714285714285714,0.4721909965787695,0.7705627705627706,29,4,6,8,WeightedAverage,"weights={'GB_Accuracy_Prob': 1, 'Logistic_Prob': 0, 'RandomForest_Prob': 1, 'ExtraTrees_Prob': 3, 'SVC_RBF_Prob': 0}, threshold=0.36"
0.6153846153846153,0.7872340425531915,0.6666666666666666,0.5714285714285714,0.4721909965787695,0.8138528138528138,29,4,6,8,WeightedAverage,"weights={'GB_Accuracy_Prob': 2, 'Logistic_Prob': 0, 'RandomForest_Prob': 1, 'ExtraTrees_Prob': 0, 'SVC_RBF_Prob': 0}, threshold=0.35"
0.6153846153846153,0.6808510638297872,0.48,0.8571428571428571,0.42453298645911247,0.7640692640692641,20,13,2,12,AND_Logistic_RandomForest_Prob,Logistic>=0.03 AND RandomForest_Prob>=0.15
0.6153846153846153,0.6808510638297872,0.48,0.8571428571428571,0.42453298645911247,0.7640692640692641,20,13,2,12,OR_Logistic_RandomForest_Prob,Logistic>=0.06 OR RandomForest_Prob>=0.33
0.6153846153846153,0.6808510638297872,0.48,0.8571428571428571,0.42453298645911247,0.7640692640692641,20,13,2,12,OR_Logistic_RandomForest_Prob,Logistic>=0.09 OR RandomForest_Prob>=0.30
0.6153846153846153,0.6808510638297872,0.48,0.8571428571428571,0.42453298645911247,0.7640692640692641,20,13,2,12,AND_Logistic_ExtraTrees_Prob,Logistic>=0.03 AND ExtraTrees_Prob>=0.07
0.6153846153846153,0.6808510638297872,0.48,0.8571428571428571,0.42453298645911247,0.7640692640692641,20,13,2,12,OR_Logistic_ExtraTrees_Prob,Logistic>=0.04 OR ExtraTrees_Prob>=0.33
0.6153846153846153,0.6808510638297872,0.48,0.8571428571428571,0.42453298645911247,0.7640692640692641,20,13,2,12,OR_Logistic_ExtraTrees_Prob,Logistic>=0.06 OR ExtraTrees_Prob>=0.32
0.6153846153846153,0.6808510638297872,0.48,0.8571428571428571,0.42453298645911247,0.7662337662337662,20,13,2,12,OR_Logistic_SVC_RBF_Prob,Logistic>=0.04 OR SVC_RBF_Prob>=0.31
0.6153846153846153,0.6808510638297872,0.48,0.8571428571428571,0.42453298645911247,0.7662337662337662,20,13,2,12,OR_Logistic_SVC_RBF_Prob,Logistic>=0.06 OR SVC_RBF_Prob>=0.30
0.6153846153846153,0.6808510638297872,0.48,0.8571428571428571,0.42453298645911247,0.7662337662337662,20,13,2,12,OR_Logistic_SVC_RBF_Prob,Logistic>=0.09 OR SVC_RBF_Prob>=0.29
0.6153846153846153,0.6808510638297872,0.48,0.8571428571428571,0.42453298645911247,0.7705627705627706,20,13,2,12,OR_Logistic_GB_Accuracy_Prob,Logistic>=0.04 OR GB_Accuracy_Prob>=0.39
0.6153846153846153,0.6808510638297872,0.48,0.8571428571428571,0.42453298645911247,0.7705627705627706,20,13,2,12,OR_Logistic_GB_Accuracy_Prob,Logistic>=0.06 OR GB_Accuracy_Prob>=0.32
0.6153846153846153,0.6808510638297872,0.48,0.8571428571428571,0.42453298645911247,0.7727272727272727,20,13,2,12,WeightedAverage,"weights={'GB_Accuracy_Prob': 0, 'Logistic_Prob': 2, 'RandomForest_Prob': 0, 'ExtraTrees_Prob': 1, 'SVC_RBF_Prob': 1}, threshold=0.16"
0.6153846153846153,0.6808510638297872,0.48,0.8571428571428571,0.42453298645911247,0.764069264069264,20,13,2,12,WeightedAverage,"weights={'GB_Accuracy_Prob': 0, 'Logistic_Prob': 2, 'RandomForest_Prob': 1, 'ExtraTrees_Prob': 0, 'SVC_RBF_Prob': 0}, threshold=0.11"
0.6153846153846153,0.6808510638297872,0.48,0.8571428571428571,0.42453298645911247,0.7662337662337663,20,13,2,12,WeightedAverage,"weights={'GB_Accuracy_Prob': 0, 'Logistic_Prob': 2, 'RandomForest_Prob': 1, 'ExtraTrees_Prob': 0, 'SVC_RBF_Prob': 1}, threshold=0.16"
0.6153846153846153,0.6808510638297872,0.48,0.8571428571428571,0.42453298645911247,0.7575757575757576,20,13,2,12,WeightedAverage,"weights={'GB_Accuracy_Prob': 0, 'Logistic_Prob': 3, 'RandomForest_Prob': 0, 'ExtraTrees_Prob': 1, 'SVC_RBF_Prob': 0}, threshold=0.10"
0.6153846153846153,0.6808510638297872,0.48,0.8571428571428571,0.42453298645911247,0.777056277056277,20,13,2,12,WeightedAverage,"weights={'GB_Accuracy_Prob': 0, 'Logistic_Prob': 3, 'RandomForest_Prob': 0, 'ExtraTrees_Prob': 2, 'SVC_RBF_Prob': 0}, threshold=0.14"
0.6153846153846153,0.6808510638297872,0.48,0.8571428571428571,0.42453298645911247,0.7835497835497836,20,13,2,12,WeightedAverage,"weights={'GB_Accuracy_Prob': 1, 'Logistic_Prob': 0, 'RandomForest_Prob': 3, 'ExtraTrees_Prob': 1, 'SVC_RBF_Prob': 3}, threshold=0.23"
0.6153846153846153,0.6808510638297872,0.48,0.8571428571428571,0.42453298645911247,0.7792207792207793,20,13,2,12,WeightedAverage,"weights={'GB_Accuracy_Prob': 1, 'Logistic_Prob': 2, 'RandomForest_Prob': 0, 'ExtraTrees_Prob': 1, 'SVC_RBF_Prob': 0}, threshold=0.12"
0.6153846153846153,0.6808510638297872,0.48,0.8571428571428571,0.42453298645911247,0.7900432900432901,20,13,2,12,WeightedAverage,"weights={'GB_Accuracy_Prob': 2, 'Logistic_Prob': 1, 'RandomForest_Prob': 1, 'ExtraTrees_Prob': 0, 'SVC_RBF_Prob': 0}, threshold=0.11"
0.6153846153846153,0.6808510638297872,0.48,0.8571428571428571,0.42453298645911247,0.7943722943722943,20,13,2,12,WeightedAverage,"weights={'GB_Accuracy_Prob': 2, 'Logistic_Prob': 1, 'RandomForest_Prob': 1, 'ExtraTrees_Prob': 0, 'SVC_RBF_Prob': 2}, threshold=0.17"
0.6153846153846153,0.6808510638297872,0.48,0.8571428571428571,0.42453298645911247,0.79004329004329,20,13,2,12,WeightedAverage,"weights={'GB_Accuracy_Prob': 2, 'Logistic_Prob': 2, 'RandomForest_Prob': 1, 'ExtraTrees_Prob': 0, 'SVC_RBF_Prob': 0}, threshold=0.11"
0.6153846153846153,0.6808510638297872,0.48,0.8571428571428571,0.42453298645911247,0.7857142857142857,20,13,2,12,WeightedAverage,"weights={'GB_Accuracy_Prob': 2, 'Logistic_Prob': 2, 'RandomForest_Prob': 2, 'ExtraTrees_Prob': 0, 'SVC_RBF_Prob': 1}, threshold=0.15"
0.6153846153846153,0.6808510638297872,0.48,0.8571428571428571,0.42453298645911247,0.8008658008658008,20,13,2,12,WeightedAverage,"weights={'GB_Accuracy_Prob': 3, 'Logistic_Prob': 0, 'RandomForest_Prob': 1, 'ExtraTrees_Prob': 0, 'SVC_RBF_Prob': 1}, threshold=0.15"
0.6153846153846153,0.6808510638297872,0.48,0.8571428571428571,0.42453298645911247,0.7857142857142857,20,13,2,12,WeightedAverage,"weights={'GB_Accuracy_Prob': 3, 'Logistic_Prob': 2, 'RandomForest_Prob': 0, 'ExtraTrees_Prob': 1, 'SVC_RBF_Prob': 0}, threshold=0.11"
0.6111111111111112,0.7021276595744681,0.5,0.7857142857142857,0.4146139914483855,0.777056277056277,22,11,3,11,Logistic_Prob,Logistic_Prob>=0.07
0.6111111111111112,0.7021276595744681,0.5,0.7857142857142857,0.4146139914483855,0.7640692640692641,22,11,3,11,AND_Logistic_RandomForest_Prob,Logistic>=0.04 AND RandomForest_Prob>=0.21
0.6111111111111112,0.7021276595744681,0.5,0.7857142857142857,0.4146139914483855,0.7640692640692641,22,11,3,11,OR_Logistic_RandomForest_Prob,Logistic>=0.13 OR RandomForest_Prob>=0.33
0.6111111111111112,0.7021276595744681,0.5,0.7857142857142857,0.4146139914483855,0.7640692640692641,22,11,3,11,OR_Logistic_RandomForest_Prob,Logistic>=0.16 OR RandomForest_Prob>=0.30
0.6111111111111112,0.7021276595744681,0.5,0.7857142857142857,0.4146139914483855,0.7640692640692641,22,11,3,11,AND_Logistic_ExtraTrees_Prob,Logistic>=0.04 AND ExtraTrees_Prob>=0.18
0.6111111111111112,0.7021276595744681,0.5,0.7857142857142857,0.4146139914483855,0.7640692640692641,22,11,3,11,OR_Logistic_ExtraTrees_Prob,Logistic>=0.13 OR ExtraTrees_Prob>=0.32
0.6111111111111112,0.7021276595744681,0.5,0.7857142857142857,0.4146139914483855,0.7662337662337662,22,11,3,11,OR_Logistic_SVC_RBF_Prob,Logistic>=0.09 OR SVC_RBF_Prob>=0.31
0.6111111111111112,0.7021276595744681,0.5,0.7857142857142857,0.4146139914483855,0.7662337662337662,22,11,3,11,OR_Logistic_SVC_RBF_Prob,Logistic>=0.16 OR SVC_RBF_Prob>=0.29
0.6111111111111112,0.7021276595744681,0.5,0.7857142857142857,0.4146139914483855,0.7705627705627706,22,11,3,11,AND_Logistic_GB_Accuracy_Prob,Logistic>=0.01 AND GB_Accuracy_Prob>=0.06
0.6111111111111112,0.7021276595744681,0.5,0.7857142857142857,0.4146139914483855,0.7705627705627706,22,11,3,11,OR_Logistic_GB_Accuracy_Prob,Logistic>=0.09 OR GB_Accuracy_Prob>=0.39
0.6111111111111112,0.7021276595744681,0.5,0.7857142857142857,0.4146139914483855,0.7705627705627706,22,11,3,11,OR_Logistic_GB_Accuracy_Prob,Logistic>=0.60 OR GB_Accuracy_Prob>=0.09
0.6111111111111112,0.7021276595744681,0.5,0.7857142857142857,0.4146139914483855,0.777056277056277,22,11,3,11,WeightedAverage,"weights={'GB_Accuracy_Prob': 0, 'Logistic_Prob': 1, 'RandomForest_Prob': 0, 'ExtraTrees_Prob': 0, 'SVC_RBF_Prob': 2}, threshold=0.22"
0.6111111111111112,0.7021276595744681,0.5,0.7857142857142857,0.4146139914483855,0.7640692640692641,22,11,3,11,WeightedAverage,"weights={'GB_Accuracy_Prob': 0, 'Logistic_Prob': 1, 'RandomForest_Prob': 0, 'ExtraTrees_Prob': 1, 'SVC_RBF_Prob': 0}, threshold=0.18"
0.6111111111111112,0.7021276595744681,0.5,0.7857142857142857,0.4146139914483855,0.761904761904762,22,11,3,11,WeightedAverage,"weights={'GB_Accuracy_Prob': 0, 'Logistic_Prob': 1, 'RandomForest_Prob': 1, 'ExtraTrees_Prob': 0, 'SVC_RBF_Prob': 2}, threshold=0.23"
0.6111111111111112,0.7021276595744681,0.5,0.7857142857142857,0.4146139914483855,0.7705627705627706,22,11,3,11,WeightedAverage,"weights={'GB_Accuracy_Prob': 0, 'Logistic_Prob': 2, 'RandomForest_Prob': 1, 'ExtraTrees_Prob': 0, 'SVC_RBF_Prob': 2}, threshold=0.20"
0.6111111111111112,0.7021276595744681,0.5,0.7857142857142857,0.4146139914483855,0.7965367965367965,22,11,3,11,WeightedAverage,"weights={'GB_Accuracy_Prob': 1, 'Logistic_Prob': 0, 'RandomForest_Prob': 0, 'ExtraTrees_Prob': 1, 'SVC_RBF_Prob': 0}, threshold=0.18"
0.6111111111111112,0.7021276595744681,0.5,0.7857142857142857,0.4146139914483855,0.7965367965367965,22,11,3,11,WeightedAverage,"weights={'GB_Accuracy_Prob': 1, 'Logistic_Prob': 0, 'RandomForest_Prob': 0, 'ExtraTrees_Prob': 1, 'SVC_RBF_Prob': 2}, threshold=0.23"
0.6111111111111112,0.7021276595744681,0.5,0.7857142857142857,0.4146139914483855,0.7878787878787878,22,11,3,11,WeightedAverage,"weights={'GB_Accuracy_Prob': 1, 'Logistic_Prob': 1, 'RandomForest_Prob': 0, 'ExtraTrees_Prob': 1, 'SVC_RBF_Prob': 0}, threshold=0.16"
0.6111111111111112,0.7021276595744681,0.5,0.7857142857142857,0.4146139914483855,0.7727272727272727,22,11,3,11,WeightedAverage,"weights={'GB_Accuracy_Prob': 1, 'Logistic_Prob': 3, 'RandomForest_Prob': 0, 'ExtraTrees_Prob': 0, 'SVC_RBF_Prob': 2}, threshold=0.16"
0.6111111111111112,0.7021276595744681,0.5,0.7857142857142857,0.4146139914483855,0.7792207792207793,22,11,3,11,WeightedAverage,"weights={'GB_Accuracy_Prob': 1, 'Logistic_Prob': 3, 'RandomForest_Prob': 0, 'ExtraTrees_Prob': 3, 'SVC_RBF_Prob': 0}, threshold=0.18"
0.6111111111111112,0.7021276595744681,0.5,0.7857142857142857,0.4146139914483855,0.79004329004329,22,11,3,11,WeightedAverage,"weights={'GB_Accuracy_Prob': 2, 'Logistic_Prob': 0, 'RandomForest_Prob': 0, 'ExtraTrees_Prob': 0, 'SVC_RBF_Prob': 1}, threshold=0.15"
0.6111111111111112,0.7021276595744681,0.5,0.7857142857142857,0.4146139914483855,0.8051948051948051,22,11,3,11,WeightedAverage,"weights={'GB_Accuracy_Prob': 2, 'Logistic_Prob': 0, 'RandomForest_Prob': 0, 'ExtraTrees_Prob': 1, 'SVC_RBF_Prob': 0}, threshold=0.16"
0.6111111111111112,0.7021276595744681,0.5,0.7857142857142857,0.4146139914483855,0.7705627705627706,22,11,3,11,WeightedAverage,"weights={'GB_Accuracy_Prob': 2, 'Logistic_Prob': 3, 'RandomForest_Prob': 0, 'ExtraTrees_Prob': 0, 'SVC_RBF_Prob': 0}, threshold=0.11"
0.6086956521739131,0.8085106382978723,0.7777777777777778,0.5,0.5106954600494468,0.79004329004329,31,2,7,7,GB_Accuracy_Prob,GB_Accuracy_Prob>=0.49
0.6086956521739131,0.8085106382978723,0.7777777777777778,0.5,0.5106954600494468,0.7662337662337662,31,2,7,7,AND_Logistic_SVC_RBF_Prob,Logistic>=0.59 AND SVC_RBF_Prob>=0.30
0.6086956521739131,0.8085106382978723,0.7777777777777778,0.5,0.5106954600494468,0.7705627705627706,31,2,7,7,AND_Logistic_GB_Accuracy_Prob,Logistic>=0.01 AND GB_Accuracy_Prob>=0.35
0.6086956521739131,0.8085106382978723,0.7777777777777778,0.5,0.5106954600494468,0.7705627705627706,31,2,7,7,AND_Logistic_GB_Accuracy_Prob,Logistic>=0.59 AND GB_Accuracy_Prob>=0.28
0.6086956521739131,0.8085106382978723,0.7777777777777778,0.5,0.5106954600494468,0.7186147186147187,31,2,7,7,WeightedAverage,"weights={'GB_Accuracy_Prob': 0, 'Logistic_Prob': 0, 'RandomForest_Prob': 0, 'ExtraTrees_Prob': 2, 'SVC_RBF_Prob': 3}, threshold=0.33"
0.6086956521739131,0.8085106382978723,0.7777777777777778,0.5,0.5106954600494468,0.777056277056277,31,2,7,7,WeightedAverage,"weights={'GB_Accuracy_Prob': 1, 'Logistic_Prob': 0, 'RandomForest_Prob': 0, 'ExtraTrees_Prob': 2, 'SVC_RBF_Prob': 0}, threshold=0.43"
0.6086956521739131,0.8085106382978723,0.7777777777777778,0.5,0.5106954600494468,0.8051948051948052,31,2,7,7,WeightedAverage,"weights={'GB_Accuracy_Prob': 1, 'Logistic_Prob': 0, 'RandomForest_Prob': 1, 'ExtraTrees_Prob': 0, 'SVC_RBF_Prob': 1}, threshold=0.38"
0.6086956521739131,0.8085106382978723,0.7777777777777778,0.5,0.5106954600494468,0.79004329004329,31,2,7,7,WeightedAverage,"weights={'GB_Accuracy_Prob': 1, 'Logistic_Prob': 0, 'RandomForest_Prob': 2, 'ExtraTrees_Prob': 0, 'SVC_RBF_Prob': 3}, threshold=0.36"
0.6086956521739131,0.8085106382978723,0.7777777777777778,0.5,0.5106954600494468,0.7705627705627706,31,2,7,7,WeightedAverage,"weights={'GB_Accuracy_Prob': 1, 'Logistic_Prob': 1, 'RandomForest_Prob': 0, 'ExtraTrees_Prob': 0, 'SVC_RBF_Prob': 0}, threshold=0.64"
0.6060606060606061,0.723404255319149,0.5263157894736842,0.7142857142857143,0.41148438901385936,0.79004329004329,24,9,4,10,GB_Accuracy_Prob,GB_Accuracy_Prob>=0.18
0.6060606060606061,0.723404255319149,0.5263157894736842,0.7142857142857143,0.41148438901385936,0.7640692640692641,24,9,4,10,AND_Logistic_RandomForest_Prob,Logistic>=0.02 AND RandomForest_Prob>=0.23
0.6060606060606061,0.723404255319149,0.5263157894736842,0.7142857142857143,0.41148438901385936,0.7640692640692641,24,9,4,10,AND_Logistic_RandomForest_Prob,Logistic>=0.09 AND RandomForest_Prob>=0.21
0.6060606060606061,0.723404255319149,0.5263157894736842,0.7142857142857143,0.41148438901385936,0.7640692640692641,24,9,4,10,AND_Logistic_ExtraTrees_Prob,Logistic>=0.09 AND ExtraTrees_Prob>=0.18
0.6060606060606061,0.723404255319149,0.5263157894736842,0.7142857142857143,0.41148438901385936,0.7640692640692641,24,9,4,10,OR_Logistic_ExtraTrees_Prob,Logistic>=0.22 OR ExtraTrees_Prob>=0.33
0.6060606060606061,0.723404255319149,0.5263157894736842,0.7142857142857143,0.41148438901385936,0.7662337662337662,24,9,4,10,AND_Logistic_SVC_RBF_Prob,Logistic>=0.01 AND SVC_RBF_Prob>=0.28
0.6060606060606061,0.723404255319149,0.5263157894736842,0.7142857142857143,0.41148438901385936,0.7662337662337662,24,9,4,10,OR_Logistic_SVC_RBF_Prob,Logistic>=0.16 OR SVC_RBF_Prob>=0.31
0.6060606060606061,0.723404255319149,0.5263157894736842,0.7142857142857143,0.41148438901385936,0.7705627705627706,24,9,4,10,OR_Logistic_GB_Accuracy_Prob,Logistic>=0.13 OR GB_Accuracy_Prob>=0.49
0.6060606060606061,0.723404255319149,0.5263157894736842,0.7142857142857143,0.41148438901385936,0.7705627705627706,24,9,4,10,OR_Logistic_GB_Accuracy_Prob,Logistic>=0.16 OR GB_Accuracy_Prob>=0.39
0.6060606060606061,0.723404255319149,0.5263157894736842,0.7142857142857143,0.41148438901385936,0.7705627705627706,24,9,4,10,OR_Logistic_GB_Accuracy_Prob,Logistic>=0.63 OR GB_Accuracy_Prob>=0.21
0.6060606060606061,0.723404255319149,0.5263157894736842,0.7142857142857143,0.41148438901385936,0.7662337662337662,24,9,4,10,WeightedAverage,"weights={'GB_Accuracy_Prob': 0, 'Logistic_Prob': 1, 'RandomForest_Prob': 0, 'ExtraTrees_Prob': 0, 'SVC_RBF_Prob': 1}, threshold=0.20"
0.6060606060606061,0.723404255319149,0.5263157894736842,0.7142857142857143,0.41148438901385936,0.7640692640692641,24,9,4,10,WeightedAverage,"weights={'GB_Accuracy_Prob': 0, 'Logistic_Prob': 1, 'RandomForest_Prob': 0, 'ExtraTrees_Prob': 1, 'SVC_RBF_Prob': 0}, threshold=0.20"
0.6060606060606061,0.723404255319149,0.5263157894736842,0.7142857142857143,0.41148438901385936,0.761904761904762,24,9,4,10,WeightedAverage,"weights={'GB_Accuracy_Prob': 0, 'Logistic_Prob': 1, 'RandomForest_Prob': 1, 'ExtraTrees_Prob': 0, 'SVC_RBF_Prob': 3}, threshold=0.25"
0.6060606060606061,0.723404255319149,0.5263157894736842,0.7142857142857143,0.41148438901385936,0.7575757575757577,24,9,4,10,WeightedAverage,"weights={'GB_Accuracy_Prob': 0, 'Logistic_Prob': 1, 'RandomForest_Prob': 2, 'ExtraTrees_Prob': 0, 'SVC_RBF_Prob': 1}, threshold=0.24"
0.6060606060606061,0.723404255319149,0.5263157894736842,0.7142857142857143,0.41148438901385936,0.7575757575757576,24,9,4,10,WeightedAverage,"weights={'GB_Accuracy_Prob': 0, 'Logistic_Prob': 3, 'RandomForest_Prob': 1, 'ExtraTrees_Prob': 0, 'SVC_RBF_Prob': 0}, threshold=0.15"
0.6060606060606061,0.723404255319149,0.5263157894736842,0.7142857142857143,0.41148438901385936,0.7943722943722944,24,9,4,10,WeightedAverage,"weights={'GB_Accuracy_Prob': 1, 'Logistic_Prob': 0, 'RandomForest_Prob': 0, 'ExtraTrees_Prob': 0, 'SVC_RBF_Prob': 1}, threshold=0.23"
0.6060606060606061,0.723404255319149,0.5263157894736842,0.7142857142857143,0.41148438901385936,0.7965367965367965,24,9,4,10,WeightedAverage,"weights={'GB_Accuracy_Prob': 1, 'Logistic_Prob': 0, 'RandomForest_Prob': 0, 'ExtraTrees_Prob': 1, 'SVC_RBF_Prob': 0}, threshold=0.23"
0.6060606060606061,0.723404255319149,0.5263157894736842,0.7142857142857143,0.41148438901385936,0.7835497835497836,24,9,4,10,WeightedAverage,"weights={'GB_Accuracy_Prob': 1, 'Logistic_Prob': 0, 'RandomForest_Prob': 0, 'ExtraTrees_Prob': 3, 'SVC_RBF_Prob': 2}, threshold=0.30"
0.6060606060606061,0.723404255319149,0.5263157894736842,0.7142857142857143,0.41148438901385936,0.7792207792207793,24,9,4,10,WeightedAverage,"weights={'GB_Accuracy_Prob': 1, 'Logistic_Prob': 1, 'RandomForest_Prob': 0, 'ExtraTrees_Prob': 2, 'SVC_RBF_Prob': 1}, threshold=0.26"
0.6060606060606061,0.723404255319149,0.5263157894736842,0.7142857142857143,0.41148438901385936,0.7727272727272727,24,9,4,10,WeightedAverage,"weights={'GB_Accuracy_Prob': 2, 'Logistic_Prob': 1, 'RandomForest_Prob': 0, 'ExtraTrees_Prob': 0, 'SVC_RBF_Prob': 0}, threshold=0.23"
0.6060606060606061,0.723404255319149,0.5263157894736842,0.7142857142857143,0.41148438901385936,0.777056277056277,24,9,4,10,WeightedAverage,"weights={'GB_Accuracy_Prob': 2, 'Logistic_Prob': 1, 'RandomForest_Prob': 1, 'ExtraTrees_Prob': 3, 'SVC_RBF_Prob': 0}, threshold=0.28"
0.6060606060606061,0.723404255319149,0.5263157894736842,0.7142857142857143,0.41148438901385936,0.777056277056277,24,9,4,10,WeightedAverage,"weights={'GB_Accuracy_Prob': 2, 'Logistic_Prob': 1, 'RandomForest_Prob': 2, 'ExtraTrees_Prob': 2, 'SVC_RBF_Prob': 3}, threshold=0.28"
0.6046511627906977,0.6382978723404256,0.4482758620689655,0.9285714285714286,0.41744342187403916,0.7640692640692641,17,16,1,13,OR_Logistic_RandomForest_Prob,Logistic>=0.09 OR RandomForest_Prob>=0.27
0.6046511627906977,0.6382978723404256,0.4482758620689655,0.9285714285714286,0.41744342187403916,0.7640692640692641,17,16,1,13,WeightedAverage,"weights={'GB_Accuracy_Prob': 0, 'Logistic_Prob': 1, 'RandomForest_Prob': 1, 'ExtraTrees_Prob': 0, 'SVC_RBF_Prob': 0}, threshold=0.14"
0.6000000000000001,0.7446808510638298,0.5625,0.6428571428571429,0.4157107453789093,0.79004329004329,26,7,5,9,GB_Accuracy_Prob,GB_Accuracy_Prob>=0.27
0.6000000000000001,0.7446808510638298,0.5625,0.6428571428571429,0.4157107453789093,0.777056277056277,26,7,5,9,Logistic_Prob,Logistic_Prob>=0.22
0.6000000000000001,0.7446808510638298,0.5625,0.6428571428571429,0.4157107453789093,0.7640692640692641,26,7,5,9,AND_Logistic_RandomForest_Prob,Logistic>=0.06 AND RandomForest_Prob>=0.24
0.6000000000000001,0.7446808510638298,0.5625,0.6428571428571429,0.4157107453789093,0.7640692640692641,26,7,5,9,AND_Logistic_RandomForest_Prob,Logistic>=0.07 AND RandomForest_Prob>=0.23
0.6000000000000001,0.7446808510638298,0.5625,0.6428571428571429,0.4157107453789093,0.7640692640692641,26,7,5,9,OR_Logistic_RandomForest_Prob,Logistic>=0.28 OR RandomForest_Prob>=0.39
0.6000000000000001,0.7446808510638298,0.5625,0.6428571428571429,0.4157107453789093,0.7640692640692641,26,7,5,9,OR_Logistic_RandomForest_Prob,Logistic>=0.60 OR RandomForest_Prob>=0.34
0.6000000000000001,0.7446808510638298,0.5625,0.6428571428571429,0.4157107453789093,0.7640692640692641,26,7,5,9,OR_Logistic_ExtraTrees_Prob,Logistic>=0.80 OR ExtraTrees_Prob>=0.33
0.6000000000000001,0.7446808510638298,0.5625,0.6428571428571429,0.4157107453789093,0.7662337662337662,26,7,5,9,AND_Logistic_SVC_RBF_Prob,Logistic>=0.04 AND SVC_RBF_Prob>=0.29
0.6000000000000001,0.7446808510638298,0.5625,0.6428571428571429,0.4157107453789093,0.7705627705627706,26,7,5,9,OR_Logistic_GB_Accuracy_Prob,Logistic>=0.80 OR GB_Accuracy_Prob>=0.32
0.6000000000000001,0.7446808510638298,0.5625,0.6428571428571429,0.4157107453789093,0.7380952380952381,26,7,5,9,WeightedAverage,"weights={'GB_Accuracy_Prob': 0, 'Logistic_Prob': 1, 'RandomForest_Prob': 3, 'ExtraTrees_Prob': 3, 'SVC_RBF_Prob': 0}, threshold=0.33"
0.6000000000000001,0.7446808510638298,0.5625,0.6428571428571429,0.4157107453789093,0.7943722943722944,26,7,5,9,WeightedAverage,"weights={'GB_Accuracy_Prob': 1, 'Logistic_Prob': 0, 'RandomForest_Prob': 0, 'ExtraTrees_Prob': 0, 'SVC_RBF_Prob': 1}, threshold=0.29"
0.6000000000000001,0.7446808510638298,0.5625,0.6428571428571429,0.4157107453789093,0.7532467532467533,26,7,5,9,WeightedAverage,"weights={'GB_Accuracy_Prob': 1, 'Logistic_Prob': 0, 'RandomForest_Prob': 3, 'ExtraTrees_Prob': 3, 'SVC_RBF_Prob': 1}, threshold=0.32"
0.6000000000000001,0.7446808510638298,0.5625,0.6428571428571429,0.4157107453789093,0.7857142857142857,26,7,5,9,WeightedAverage,"weights={'GB_Accuracy_Prob': 1, 'Logistic_Prob': 1, 'RandomForest_Prob': 1, 'ExtraTrees_Prob': 1, 'SVC_RBF_Prob': 0}, threshold=0.32"
0.6000000000000001,0.7446808510638298,0.5625,0.6428571428571429,0.4157107453789093,0.7878787878787878,26,7,5,9,WeightedAverage,"weights={'GB_Accuracy_Prob': 2, 'Logistic_Prob': 0, 'RandomForest_Prob': 1, 'ExtraTrees_Prob': 3, 'SVC_RBF_Prob': 0}, threshold=0.32"
0.6000000000000001,0.7446808510638298,0.5625,0.6428571428571429,0.4157107453789093,0.7727272727272727,26,7,5,9,WeightedAverage,"weights={'GB_Accuracy_Prob': 2, 'Logistic_Prob': 1, 'RandomForest_Prob': 0, 'ExtraTrees_Prob': 0, 'SVC_RBF_Prob': 0}, threshold=0.29"
0.6,0.8297872340425532,1.0,0.42857142857142855,0.5873225137789608,0.79004329004329,33,0,8,6,GB_Accuracy_Prob,GB_Accuracy_Prob>=0.60
0.6,0.8297872340425532,1.0,0.42857142857142855,0.5873225137789608,0.8051948051948052,33,0,8,6,WeightedAverage,"weights={'GB_Accuracy_Prob': 1, 'Logistic_Prob': 0, 'RandomForest_Prob': 1, 'ExtraTrees_Prob': 0, 'SVC_RBF_Prob': 1}, threshold=0.44"
0.6,0.8297872340425532,1.0,0.42857142857142855,0.5873225137789608,0.79004329004329,33,0,8,6,WeightedAverage,"weights={'GB_Accuracy_Prob': 2, 'Logistic_Prob': 1, 'RandomForest_Prob': 0, 'ExtraTrees_Prob': 2, 'SVC_RBF_Prob': 0}, threshold=0.58"
0.6,0.6595744680851063,0.46153846153846156,0.8571428571428571,0.3982104809557575,0.7640692640692641,19,14,2,12,AND_Logistic_RandomForest_Prob,Logistic>=0.02 AND RandomForest_Prob>=0.18
0.6,0.6595744680851063,0.46153846153846156,0.8571428571428571,0.3982104809557575,0.7640692640692641,19,14,2,12,AND_Logistic_RandomForest_Prob,Logistic>=0.03 AND RandomForest_Prob>=0.13
0.6,0.6595744680851063,0.46153846153846156,0.8571428571428571,0.3982104809557575,0.7640692640692641,19,14,2,12,OR_Logistic_RandomForest_Prob,Logistic>=0.04 OR RandomForest_Prob>=0.33
0.6,0.6595744680851063,0.46153846153846156,0.8571428571428571,0.3982104809557575,0.7640692640692641,19,14,2,12,OR_Logistic_RandomForest_Prob,Logistic>=0.06 OR RandomForest_Prob>=0.30
0.6,0.6595744680851063,0.46153846153846156,0.8571428571428571,0.3982104809557575,0.7640692640692641,19,14,2,12,OR_Logistic_RandomForest_Prob,Logistic>=0.09 OR RandomForest_Prob>=0.28
0.6,0.6595744680851063,0.46153846153846156,0.8571428571428571,0.3982104809557575,0.7640692640692641,19,14,2,12,OR_Logistic_RandomForest_Prob,Logistic>=0.16 OR RandomForest_Prob>=0.27
0.6,0.6595744680851063,0.46153846153846156,0.8571428571428571,0.3982104809557575,0.7640692640692641,19,14,2,12,OR_Logistic_ExtraTrees_Prob,Logistic>=0.04 OR ExtraTrees_Prob>=0.32
0.6,0.6595744680851063,0.46153846153846156,0.8571428571428571,0.3982104809557575,0.7662337662337662,19,14,2,12,OR_Logistic_SVC_RBF_Prob,Logistic>=0.04 OR SVC_RBF_Prob>=0.29
0.6,0.6595744680851063,0.46153846153846156,0.8571428571428571,0.3982104809557575,0.7662337662337662,19,14,2,12,OR_Logistic_SVC_RBF_Prob,Logistic>=0.09 OR SVC_RBF_Prob>=0.28
0.6,0.6595744680851063,0.46153846153846156,0.8571428571428571,0.3982104809557575,0.7705627705627706,19,14,2,12,AND_Logistic_GB_Accuracy_Prob,Logistic>=0.03 AND GB_Accuracy_Prob>=0.02
0.6,0.6595744680851063,0.46153846153846156,0.8571428571428571,0.3982104809557575,0.7705627705627706,19,14,2,12,OR_Logistic_GB_Accuracy_Prob,Logistic>=0.04 OR GB_Accuracy_Prob>=0.32
0.6,0.6595744680851063,0.46153846153846156,0.8571428571428571,0.3982104809557575,0.7705627705627706,19,14,2,12,OR_Logistic_GB_Accuracy_Prob,Logistic>=0.06 OR GB_Accuracy_Prob>=0.21
0.6,0.6595744680851063,0.46153846153846156,0.8571428571428571,0.3982104809557575,0.7640692640692641,19,14,2,12,WeightedAverage,"weights={'GB_Accuracy_Prob': 0, 'Logistic_Prob': 1, 'RandomForest_Prob': 1, 'ExtraTrees_Prob': 0, 'SVC_RBF_Prob': 0}, threshold=0.15"
0.6,0.6595744680851063,0.46153846153846156,0.8571428571428571,0.3982104809557575,0.7705627705627706,19,14,2,12,WeightedAverage,"weights={'GB_Accuracy_Prob': 0, 'Logistic_Prob': 2, 'RandomForest_Prob': 0, 'ExtraTrees_Prob': 1, 'SVC_RBF_Prob': 0}, threshold=0.11"
0.6,0.6595744680851063,0.46153846153846156,0.8571428571428571,0.3982104809557575,0.764069264069264,19,14,2,12,WeightedAverage,"weights={'GB_Accuracy_Prob': 0, 'Logistic_Prob': 3, 'RandomForest_Prob': 0, 'ExtraTrees_Prob': 0, 'SVC_RBF_Prob': 2}, threshold=0.13"
0.6,0.6595744680851063,0.46153846153846156,0.8571428571428571,0.3982104809557575,0.7900432900432901,19,14,2,12,WeightedAverage,"weights={'GB_Accuracy_Prob': 1, 'Logistic_Prob': 0, 'RandomForest_Prob': 2, 'ExtraTrees_Prob': 1, 'SVC_RBF_Prob': 0}, threshold=0.20"
0.6,0.6595744680851063,0.46153846153846156,0.8571428571428571,0.3982104809557575,0.79004329004329,19,14,2,12,WeightedAverage,"weights={'GB_Accuracy_Prob': 1, 'Logistic_Prob': 1, 'RandomForest_Prob': 1, 'ExtraTrees_Prob': 0, 'SVC_RBF_Prob': 1}, threshold=0.16"
0.6,0.6595744680851063,0.46153846153846156,0.8571428571428571,0.3982104809557575,0.7705627705627707,19,14,2,12,WeightedAverage,"weights={'GB_Accuracy_Prob': 1, 'Logistic_Prob': 3, 'RandomForest_Prob': 0, 'ExtraTrees_Prob': 1, 'SVC_RBF_Prob': 0}, threshold=0.09"
0.6,0.6595744680851063,0.46153846153846156,0.8571428571428571,0.3982104809557575,0.7727272727272727,19,14,2,12,WeightedAverage,"weights={'GB_Accuracy_Prob': 1, 'Logistic_Prob': 3, 'RandomForest_Prob': 2, 'ExtraTrees_Prob': 0, 'SVC_RBF_Prob': 0}, threshold=0.12"
0.6,0.6595744680851063,0.46153846153846156,0.8571428571428571,0.3982104809557575,0.7943722943722944,19,14,2,12,WeightedAverage,"weights={'GB_Accuracy_Prob': 2, 'Logistic_Prob': 0, 'RandomForest_Prob': 0, 'ExtraTrees_Prob': 0, 'SVC_RBF_Prob': 3}, threshold=0.19"
0.6,0.6595744680851063,0.46153846153846156,0.8571428571428571,0.3982104809557575,0.7943722943722943,19,14,2,12,WeightedAverage,"weights={'GB_Accuracy_Prob': 2, 'Logistic_Prob': 1, 'RandomForest_Prob': 0, 'ExtraTrees_Prob': 1, 'SVC_RBF_Prob': 0}, threshold=0.12"
0.6,0.6595744680851063,0.46153846153846156,0.8571428571428571,0.3982104809557575,0.7922077922077922,19,14,2,12,WeightedAverage,"weights={'GB_Accuracy_Prob': 2, 'Logistic_Prob': 1, 'RandomForest_Prob': 2, 'ExtraTrees_Prob': 0, 'SVC_RBF_Prob': 0}, threshold=0.14"
0.6,0.6595744680851063,0.46153846153846156,0.8571428571428571,0.3982104809557575,0.7770562770562771,19,14,2,12,WeightedAverage,"weights={'GB_Accuracy_Prob': 2, 'Logistic_Prob': 2, 'RandomForest_Prob': 3, 'ExtraTrees_Prob': 0, 'SVC_RBF_Prob': 0}, threshold=0.14"
0.6,0.6595744680851063,0.46153846153846156,0.8571428571428571,0.3982104809557575,0.7770562770562771,19,14,2,12,WeightedAverage,"weights={'GB_Accuracy_Prob': 2, 'Logistic_Prob': 2, 'RandomForest_Prob': 3, 'ExtraTrees_Prob': 0, 'SVC_RBF_Prob': 3}, threshold=0.18"
0.6,0.6595744680851063,0.46153846153846156,0.8571428571428571,0.3982104809557575,0.7943722943722944,19,14,2,12,WeightedAverage,"weights={'GB_Accuracy_Prob': 3, 'Logistic_Prob': 1, 'RandomForest_Prob': 1, 'ExtraTrees_Prob': 0, 'SVC_RBF_Prob': 1}, threshold=0.13"
0.6,0.6595744680851063,0.46153846153846156,0.8571428571428571,0.3982104809557575,0.7922077922077922,19,14,2,12,WeightedAverage,"weights={'GB_Accuracy_Prob': 3, 'Logistic_Prob': 2, 'RandomForest_Prob': 2, 'ExtraTrees_Prob': 0, 'SVC_RBF_Prob': 1}, threshold=0.14"
0.5945945945945946,0.6808510638297872,0.4782608695652174,0.7857142857142857,0.3861393709239279,0.79004329004329,21,12,3,11,GB_Accuracy_Prob,GB_Accuracy_Prob>=0.08
0.5945945945945946,0.6808510638297872,0.4782608695652174,0.7857142857142857,0.3861393709239279,0.7640692640692641,21,12,3,11,AND_Logistic_RandomForest_Prob,Logistic>=0.02 AND RandomForest_Prob>=0.22
0.5945945945945946,0.6808510638297872,0.4782608695652174,0.7857142857142857,0.3861393709239279,0.7640692640692641,21,12,3,11,AND_Logistic_RandomForest_Prob,Logistic>=0.03 AND RandomForest_Prob>=0.21
0.5945945945945946,0.6808510638297872,0.4782608695652174,0.7857142857142857,0.3861393709239279,0.7640692640692641,21,12,3,11,OR_Logistic_RandomForest_Prob,Logistic>=0.13 OR RandomForest_Prob>=0.30
0.5945945945945946,0.6808510638297872,0.4782608695652174,0.7857142857142857,0.3861393709239279,0.7640692640692641,21,12,3,11,OR_Logistic_RandomForest_Prob,Logistic>=0.16 OR RandomForest_Prob>=0.28
0.5945945945945946,0.6808510638297872,0.4782608695652174,0.7857142857142857,0.3861393709239279,0.7640692640692641,21,12,3,11,AND_Logistic_ExtraTrees_Prob,Logistic>=0.03 AND ExtraTrees_Prob>=0.18
0.5945945945945946,0.6808510638297872,0.4782608695652174,0.7857142857142857,0.3861393709239279,0.7662337662337662,21,12,3,11,OR_Logistic_SVC_RBF_Prob,Logistic>=0.07 OR SVC_RBF_Prob>=0.31
0.5945945945945946,0.6808510638297872,0.4782608695652174,0.7857142857142857,0.3861393709239279,0.7662337662337662,21,12,3,11,OR_Logistic_SVC_RBF_Prob,Logistic>=0.09 OR SVC_RBF_Prob>=0.30
0.5945945945945946,0.6808510638297872,0.4782608695652174,0.7857142857142857,0.3861393709239279,0.7662337662337662,21,12,3,11,OR_Logistic_SVC_RBF_Prob,Logistic>=0.13 OR SVC_RBF_Prob>=0.29
0.5945945945945946,0.6808510638297872,0.4782608695652174,0.7857142857142857,0.3861393709239279,0.7662337662337662,21,12,3,11,OR_Logistic_SVC_RBF_Prob,Logistic>=0.16 OR SVC_RBF_Prob>=0.28
0.5945945945945946,0.6808510638297872,0.4782608695652174,0.7857142857142857,0.3861393709239279,0.7705627705627706,21,12,3,11,OR_Logistic_GB_Accuracy_Prob,Logistic>=0.07 OR GB_Accuracy_Prob>=0.39
0.5945945945945946,0.6808510638297872,0.4782608695652174,0.7857142857142857,0.3861393709239279,0.7705627705627706,21,12,3,11,OR_Logistic_GB_Accuracy_Prob,Logistic>=0.09 OR GB_Accuracy_Prob>=0.32
0.5945945945945946,0.6808510638297872,0.4782608695652174,0.7857142857142857,0.3861393709239279,0.7705627705627706,21,12,3,11,OR_Logistic_GB_Accuracy_Prob,Logistic>=0.16 OR GB_Accuracy_Prob>=0.09
0.5945945945945946,0.6808510638297872,0.4782608695652174,0.7857142857142857,0.3861393709239279,0.777056277056277,21,12,3,11,WeightedAverage,"weights={'GB_Accuracy_Prob': 0, 'Logistic_Prob': 1, 'RandomForest_Prob': 0, 'ExtraTrees_Prob': 0, 'SVC_RBF_Prob': 2}, threshold=0.21"
0.5945945945945946,0.6808510638297872,0.4782608695652174,0.7857142857142857,0.3861393709239279,0.761904761904762,21,12,3,11,WeightedAverage,"weights={'GB_Accuracy_Prob': 0, 'Logistic_Prob': 1, 'RandomForest_Prob': 0, 'ExtraTrees_Prob': 1, 'SVC_RBF_Prob': 1}, threshold=0.21"
0.5945945945945946,0.6808510638297872,0.4782608695652174,0.7857142857142857,0.3861393709239279,0.761904761904762,21,12,3,11,WeightedAverage,"weights={'GB_Accuracy_Prob': 0, 'Logistic_Prob': 1, 'RandomForest_Prob': 1, 'ExtraTrees_Prob': 0, 'SVC_RBF_Prob': 3}, threshold=0.24"
0.5945945945945946,0.6808510638297872,0.4782608695652174,0.7857142857142857,0.3861393709239279,0.7597402597402597,21,12,3,11,WeightedAverage,"weights={'GB_Accuracy_Prob': 0, 'Logistic_Prob': 1, 'RandomForest_Prob': 2, 'ExtraTrees_Prob': 0, 'SVC_RBF_Prob': 0}, threshold=0.20"
0.5945945945945946,0.6808510638297872,0.4782608695652174,0.7857142857142857,0.3861393709239279,0.7748917748917749,21,12,3,11,WeightedAverage,"weights={'GB_Accuracy_Prob': 0, 'Logistic_Prob': 2, 'RandomForest_Prob': 0, 'ExtraTrees_Prob': 1, 'SVC_RBF_Prob': 2}, threshold=0.19"
0.5945945945945946,0.6808510638297872,0.4782608695652174,0.7857142857142857,0.3861393709239279,0.7727272727272727,21,12,3,11,WeightedAverage,"weights={'GB_Accuracy_Prob': 0, 'Logistic_Prob': 2, 'RandomForest_Prob': 0, 'ExtraTrees_Prob': 1, 'SVC_RBF_Prob': 3}, threshold=0.21"
0.5945945945945946,0.6808510638297872,0.4782608695652174,0.7857142857142857,0.3861393709239279,0.7662337662337663,21,12,3,11,WeightedAverage,"weights={'GB_Accuracy_Prob': 0, 'Logistic_Prob': 2, 'RandomForest_Prob': 2, 'ExtraTrees_Prob': 0, 'SVC_RBF_Prob': 1}, threshold=0.19"
0.5945945945945946,0.6808510638297872,0.4782608695652174,0.7857142857142857,0.3861393709239279,0.7965367965367965,21,12,3,11,WeightedAverage,"weights={'GB_Accuracy_Prob': 1, 'Logistic_Prob': 0, 'RandomForest_Prob': 0, 'ExtraTrees_Prob': 1, 'SVC_RBF_Prob': 1}, threshold=0.21"
0.5945945945945946,0.6808510638297872,0.4782608695652174,0.7857142857142857,0.3861393709239279,0.8008658008658008,21,12,3,11,WeightedAverage,"weights={'GB_Accuracy_Prob': 1, 'Logistic_Prob': 0, 'RandomForest_Prob': 1, 'ExtraTrees_Prob': 0, 'SVC_RBF_Prob': 2}, threshold=0.22"
0.5945945945945946,0.6808510638297872,0.4782608695652174,0.7857142857142857,0.3861393709239279,0.7922077922077922,21,12,3,11,WeightedAverage,"weights={'GB_Accuracy_Prob': 1, 'Logistic_Prob': 0, 'RandomForest_Prob': 1, 'ExtraTrees_Prob': 0, 'SVC_RBF_Prob': 3}, threshold=0.24"
0.5945945945945946,0.6808510638297872,0.4782608695652174,0.7857142857142857,0.3861393709239279,0.79004329004329,21,12,3,11,WeightedAverage,"weights={'GB_Accuracy_Prob': 1, 'Logistic_Prob': 0, 'RandomForest_Prob': 2, 'ExtraTrees_Prob': 0, 'SVC_RBF_Prob': 3}, threshold=0.24"
0.5945945945945946,0.6808510638297872,0.4782608695652174,0.7857142857142857,0.3861393709239279,0.7878787878787878,21,12,3,11,WeightedAverage,"weights={'GB_Accuracy_Prob': 1, 'Logistic_Prob': 1, 'RandomForest_Prob': 0, 'ExtraTrees_Prob': 1, 'SVC_RBF_Prob': 0}, threshold=0.15"
0.5945945945945946,0.6808510638297872,0.4782608695652174,0.7857142857142857,0.3861393709239279,0.7813852813852813,21,12,3,11,WeightedAverage,"weights={'GB_Accuracy_Prob': 1, 'Logistic_Prob': 1, 'RandomForest_Prob': 0, 'ExtraTrees_Prob': 1, 'SVC_RBF_Prob': 2}, threshold=0.20"
0.5945945945945946,0.6808510638297872,0.4782608695652174,0.7857142857142857,0.3861393709239279,0.7727272727272727,21,12,3,11,WeightedAverage,"weights={'GB_Accuracy_Prob': 1, 'Logistic_Prob': 2, 'RandomForest_Prob': 0, 'ExtraTrees_Prob': 0, 'SVC_RBF_Prob': 0}, threshold=0.10"
0.5945945945945946,0.6808510638297872,0.4782608695652174,0.7857142857142857,0.3861393709239279,0.7792207792207793,21,12,3,11,WeightedAverage,"weights={'GB_Accuracy_Prob': 1, 'Logistic_Prob': 2, 'RandomForest_Prob': 0, 'ExtraTrees_Prob': 1, 'SVC_RBF_Prob': 1}, threshold=0.17"
0.5945945945945946,0.6808510638297872,0.4782608695652174,0.7857142857142857,0.3861393709239279,0.7640692640692641,21,12,3,11,WeightedAverage,"weights={'GB_Accuracy_Prob': 1, 'Logistic_Prob': 3, 'RandomForest_Prob': 0, 'ExtraTrees_Prob': 0, 'SVC_RBF_Prob': 0}, threshold=0.10"
0.5945945945945946,0.6808510638297872,0.4782608695652174,0.7857142857142857,0.3861393709239279,0.7683982683982684,21,12,3,11,WeightedAverage,"weights={'GB_Accuracy_Prob': 1, 'Logistic_Prob': 3, 'RandomForest_Prob': 0, 'ExtraTrees_Prob': 1, 'SVC_RBF_Prob': 1}, threshold=0.16"
0.5945945945945946,0.6808510638297872,0.4782608695652174,0.7857142857142857,0.3861393709239279,0.777056277056277,21,12,3,11,WeightedAverage,"weights={'GB_Accuracy_Prob': 1, 'Logistic_Prob': 3, 'RandomForest_Prob': 0, 'ExtraTrees_Prob': 3, 'SVC_RBF_Prob': 1}, threshold=0.19"
0.5945945945945946,0.6808510638297872,0.4782608695652174,0.7857142857142857,0.3861393709239279,0.79004329004329,21,12,3,11,WeightedAverage,"weights={'GB_Accuracy_Prob': 2, 'Logistic_Prob': 0, 'RandomForest_Prob': 0, 'ExtraTrees_Prob': 0, 'SVC_RBF_Prob': 1}, threshold=0.14"
0.5945945945945946,0.6808510638297872,0.4782608695652174,0.7857142857142857,0.3861393709239279,0.8051948051948051,21,12,3,11,WeightedAverage,"weights={'GB_Accuracy_Prob': 2, 'Logistic_Prob': 0, 'RandomForest_Prob': 0, 'ExtraTrees_Prob': 1, 'SVC_RBF_Prob': 0}, threshold=0.14"
0.5945945945945946,0.6808510638297872,0.4782608695652174,0.7857142857142857,0.3861393709239279,0.7965367965367965,21,12,3,11,WeightedAverage,"weights={'GB_Accuracy_Prob': 2, 'Logistic_Prob': 0, 'RandomForest_Prob': 0, 'ExtraTrees_Prob': 1, 'SVC_RBF_Prob': 3}, threshold=0.21"
0.5945945945945946,0.6808510638297872,0.4782608695652174,0.7857142857142857,0.3861393709239279,0.7943722943722943,21,12,3,11,WeightedAverage,"weights={'GB_Accuracy_Prob': 2, 'Logistic_Prob': 1, 'RandomForest_Prob': 0, 'ExtraTrees_Prob': 1, 'SVC_RBF_Prob': 0}, threshold=0.13"
0.5945945945945946,0.6808510638297872,0.4782608695652174,0.7857142857142857,0.3861393709239279,0.7987012987012986,21,12,3,11,WeightedAverage,"weights={'GB_Accuracy_Prob': 3, 'Logistic_Prob': 0, 'RandomForest_Prob': 0, 'ExtraTrees_Prob': 1, 'SVC_RBF_Prob': 3}, threshold=0.19"
0.5925925925925927,0.7659574468085106,0.6153846153846154,0.5714285714285714,0.4293086188143014,0.79004329004329,28,5,6,8,GB_Accuracy_Prob,GB_Accuracy_Prob>=0.31
0.5925925925925927,0.7659574468085106,0.6153846153846154,0.5714285714285714,0.4293086188143014,0.7294372294372294,28,5,6,8,SVC_RBF_Prob,SVC_RBF_Prob>=0.30
0.5925925925925927,0.7659574468085106,0.6153846153846154,0.5714285714285714,0.4293086188143014,0.7640692640692641,28,5,6,8,OR_Logistic_RandomForest_Prob,Logistic>=0.63 OR RandomForest_Prob>=0.39
0.5925925925925927,0.7659574468085106,0.6153846153846154,0.5714285714285714,0.4293086188143014,0.7640692640692641,28,5,6,8,OR_Logistic_RandomForest_Prob,Logistic>=0.80 OR RandomForest_Prob>=0.38
0.5925925925925927,0.7659574468085106,0.6153846153846154,0.5714285714285714,0.4293086188143014,0.7640692640692641,28,5,6,8,OR_Logistic_RandomForest_Prob,Logistic>=0.85 OR RandomForest_Prob>=0.34
0.5925925925925927,0.7659574468085106,0.6153846153846154,0.5714285714285714,0.4293086188143014,0.7640692640692641,28,5,6,8,OR_Logistic_ExtraTrees_Prob,Logistic>=0.80 OR ExtraTrees_Prob>=0.37
0.5925925925925927,0.7659574468085106,0.6153846153846154,0.5714285714285714,0.4293086188143014,0.7662337662337662,28,5,6,8,AND_Logistic_SVC_RBF_Prob,Logistic>=0.09 AND SVC_RBF_Prob>=0.29
0.5925925925925927,0.7659574468085106,0.6153846153846154,0.5714285714285714,0.4293086188143014,0.7705627705627706,28,5,6,8,AND_Logistic_GB_Accuracy_Prob,Logistic>=0.28 AND GB_Accuracy_Prob>=0.04
0.5925925925925927,0.7659574468085106,0.6153846153846154,0.5714285714285714,0.4293086188143014,0.7705627705627706,28,5,6,8,OR_Logistic_GB_Accuracy_Prob,Logistic>=0.63 OR GB_Accuracy_Prob>=0.53
0.5925925925925927,0.7659574468085106,0.6153846153846154,0.5714285714285714,0.4293086188143014,0.7705627705627706,28,5,6,8,OR_Logistic_GB_Accuracy_Prob,Logistic>=0.80 OR GB_Accuracy_Prob>=0.49
0.5925925925925927,0.7659574468085106,0.6153846153846154,0.5714285714285714,0.4293086188143014,0.7337662337662337,28,5,6,8,WeightedAverage,"weights={'GB_Accuracy_Prob': 0, 'Logistic_Prob': 0, 'RandomForest_Prob': 2, 'ExtraTrees_Prob': 0, 'SVC_RBF_Prob': 3}, threshold=0.31"
0.5925925925925927,0.7659574468085106,0.6153846153846154,0.5714285714285714,0.4293086188143014,0.7402597402597402,28,5,6,8,WeightedAverage,"weights={'GB_Accuracy_Prob': 0, 'Logistic_Prob': 1, 'RandomForest_Prob': 2, 'ExtraTrees_Prob': 3, 'SVC_RBF_Prob': 2}, threshold=0.35"
0.5925925925925927,0.7659574468085106,0.6153846153846154,0.5714285714285714,0.4293086188143014,0.7943722943722944,28,5,6,8,WeightedAverage,"weights={'GB_Accuracy_Prob': 1, 'Logistic_Prob': 0, 'RandomForest_Prob': 0, 'ExtraTrees_Prob': 0, 'SVC_RBF_Prob': 2}, threshold=0.31"
0.5925925925925927,0.7659574468085106,0.6153846153846154,0.5714285714285714,0.4293086188143014,0.7965367965367965,28,5,6,8,WeightedAverage,"weights={'GB_Accuracy_Prob': 1, 'Logistic_Prob': 0, 'RandomForest_Prob': 0, 'ExtraTrees_Prob': 1, 'SVC_RBF_Prob': 0}, threshold=0.34"
0.5925925925925927,0.7659574468085106,0.6153846153846154,0.5714285714285714,0.4293086188143014,0.8051948051948051,28,5,6,8,WeightedAverage,"weights={'GB_Accuracy_Prob': 1, 'Logistic_Prob': 0, 'RandomForest_Prob': 1, 'ExtraTrees_Prob': 0, 'SVC_RBF_Prob': 0}, threshold=0.35"
0.5925925925925927,0.7659574468085106,0.6153846153846154,0.5714285714285714,0.4293086188143014,0.7705627705627706,28,5,6,8,WeightedAverage,"weights={'GB_Accuracy_Prob': 1, 'Logistic_Prob': 0, 'RandomForest_Prob': 1, 'ExtraTrees_Prob': 3, 'SVC_RBF_Prob': 0}, threshold=0.35"
0.5925925925925927,0.7659574468085106,0.6153846153846154,0.5714285714285714,0.4293086188143014,0.7727272727272727,28,5,6,8,WeightedAverage,"weights={'GB_Accuracy_Prob': 2, 'Logistic_Prob': 1, 'RandomForest_Prob': 0, 'ExtraTrees_Prob': 0, 'SVC_RBF_Prob': 0}, threshold=0.35"
0.5925925925925927,0.7659574468085106,0.6153846153846154,0.5714285714285714,0.4293086188143014,0.8138528138528138,28,5,6,8,WeightedAverage,"weights={'GB_Accuracy_Prob': 3, 'Logistic_Prob': 0, 'RandomForest_Prob': 1, 'ExtraTrees_Prob': 0, 'SVC_RBF_Prob': 0}, threshold=0.34"
0.5909090909090909,0.6170212765957447,0.43333333333333335,0.9285714285714286,0.39348419372595345,0.7640692640692641,16,17,1,13,OR_Logistic_RandomForest_Prob,Logistic>=0.04 OR RandomForest_Prob>=0.27
0.5909090909090909,0.6170212765957447,0.43333333333333335,0.9285714285714286,0.39348419372595345,0.7554112554112554,16,17,1,13,WeightedAverage,"weights={'GB_Accuracy_Prob': 0, 'Logistic_Prob': 1, 'RandomForest_Prob': 1, 'ExtraTrees_Prob': 1, 'SVC_RBF_Prob': 1}, threshold=0.19"
0.5909090909090909,0.6170212765957447,0.43333333333333335,0.9285714285714286,0.39348419372595345,0.7662337662337662,16,17,1,13,WeightedAverage,"weights={'GB_Accuracy_Prob': 0, 'Logistic_Prob': 2, 'RandomForest_Prob': 3, 'ExtraTrees_Prob': 0, 'SVC_RBF_Prob': 0}, threshold=0.16"
0.5909090909090909,0.6170212765957447,0.43333333333333335,0.9285714285714286,0.39348419372595345,0.8051948051948052,16,17,1,13,WeightedAverage,"weights={'GB_Accuracy_Prob': 1, 'Logistic_Prob': 0, 'RandomForest_Prob': 1, 'ExtraTrees_Prob': 0, 'SVC_RBF_Prob': 1}, threshold=0.18"
0.5909090909090909,0.6170212765957447,0.43333333333333335,0.9285714285714286,0.39348419372595345,0.7813852813852814,16,17,1,13,WeightedAverage,"weights={'GB_Accuracy_Prob': 1, 'Logistic_Prob': 1, 'RandomForest_Prob': 3, 'ExtraTrees_Prob': 0, 'SVC_RBF_Prob': 1}, threshold=0.18"
0.5909090909090909,0.6170212765957447,0.43333333333333335,0.9285714285714286,0.39348419372595345,0.8051948051948051,16,17,1,13,WeightedAverage,"weights={'GB_Accuracy_Prob': 3, 'Logistic_Prob': 0, 'RandomForest_Prob': 2, 'ExtraTrees_Prob': 0, 'SVC_RBF_Prob': 0}, threshold=0.12"
0.588235294117647,0.7021276595744681,0.5,0.7142857142857143,0.38039581758256935,0.79004329004329,23,10,4,10,GB_Accuracy_Prob,GB_Accuracy_Prob>=0.11
0.588235294117647,0.7021276595744681,0.5,0.7142857142857143,0.38039581758256935,0.7294372294372294,23,10,4,10,SVC_RBF_Prob,SVC_RBF_Prob>=0.28
0.588235294117647,0.7021276595744681,0.5,0.7142857142857143,0.38039581758256935,0.7640692640692641,23,10,4,10,AND_Logistic_RandomForest_Prob,Logistic>=0.01 AND RandomForest_Prob>=0.23
0.588235294117647,0.7021276595744681,0.5,0.7142857142857143,0.38039581758256935,0.7640692640692641,23,10,4,10,AND_Logistic_RandomForest_Prob,Logistic>=0.07 AND RandomForest_Prob>=0.21
0.588235294117647,0.7021276595744681,0.5,0.7142857142857143,0.38039581758256935,0.7640692640692641,23,10,4,10,OR_Logistic_RandomForest_Prob,Logistic>=0.22 OR RandomForest_Prob>=0.33
0.588235294117647,0.7021276595744681,0.5,0.7142857142857143,0.38039581758256935,0.7640692640692641,23,10,4,10,AND_Logistic_ExtraTrees_Prob,Logistic>=0.06 AND ExtraTrees_Prob>=0.20
0.588235294117647,0.7021276595744681,0.5,0.7142857142857143,0.38039581758256935,0.7640692640692641,23,10,4,10,AND_Logistic_ExtraTrees_Prob,Logistic>=0.07 AND ExtraTrees_Prob>=0.18
0.588235294117647,0.7021276595744681,0.5,0.7142857142857143,0.38039581758256935,0.7640692640692641,23,10,4,10,OR_Logistic_ExtraTrees_Prob,Logistic>=0.22 OR ExtraTrees_Prob>=0.32
0.588235294117647,0.7021276595744681,0.5,0.7142857142857143,0.38039581758256935,0.7662337662337662,23,10,4,10,AND_Logistic_SVC_RBF_Prob,Logistic>=0.06 AND SVC_RBF_Prob>=0.27
0.588235294117647,0.7021276595744681,0.5,0.7142857142857143,0.38039581758256935,0.7662337662337662,23,10,4,10,OR_Logistic_SVC_RBF_Prob,Logistic>=0.13 OR SVC_RBF_Prob>=0.31
0.588235294117647,0.7021276595744681,0.5,0.7142857142857143,0.38039581758256935,0.7662337662337662,23,10,4,10,OR_Logistic_SVC_RBF_Prob,Logistic>=0.16 OR SVC_RBF_Prob>=0.30
0.588235294117647,0.7021276595744681,0.5,0.7142857142857143,0.38039581758256935,0.7705627705627706,23,10,4,10,OR_Logistic_GB_Accuracy_Prob,Logistic>=0.13 OR GB_Accuracy_Prob>=0.39
0.588235294117647,0.7021276595744681,0.5,0.7142857142857143,0.38039581758256935,0.7705627705627706,23,10,4,10,OR_Logistic_GB_Accuracy_Prob,Logistic>=0.16 OR GB_Accuracy_Prob>=0.32
0.588235294117647,0.7021276595744681,0.5,0.7142857142857143,0.38039581758256935,0.7705627705627706,23,10,4,10,OR_Logistic_GB_Accuracy_Prob,Logistic>=0.60 OR GB_Accuracy_Prob>=0.21
0.588235294117647,0.7021276595744681,0.5,0.7142857142857143,0.38039581758256935,0.7705627705627706,23,10,4,10,OR_Logistic_GB_Accuracy_Prob,Logistic>=0.63 OR GB_Accuracy_Prob>=0.18
0.588235294117647,0.7021276595744681,0.5,0.7142857142857143,0.38039581758256935,0.7424242424242424,23,10,4,10,WeightedAverage,"weights={'GB_Accuracy_Prob': 0, 'Logistic_Prob': 0, 'RandomForest_Prob': 1, 'ExtraTrees_Prob': 0, 'SVC_RBF_Prob': 2}, threshold=0.29"
0.588235294117647,0.7021276595744681,0.5,0.7142857142857143,0.38039581758256935,0.7662337662337662,23,10,4,10,WeightedAverage,"weights={'GB_Accuracy_Prob': 0, 'Logistic_Prob': 1, 'RandomForest_Prob': 0, 'ExtraTrees_Prob': 0, 'SVC_RBF_Prob': 1}, threshold=0.19"
0.588235294117647,0.7021276595744681,0.5,0.7142857142857143,0.38039581758256935,0.7532467532467533,23,10,4,10,WeightedAverage,"weights={'GB_Accuracy_Prob': 0, 'Logistic_Prob': 2, 'RandomForest_Prob': 0, 'ExtraTrees_Prob': 3, 'SVC_RBF_Prob': 0}, threshold=0.21"
0.588235294117647,0.7021276595744681,0.5,0.7142857142857143,0.38039581758256935,0.761904761904762,23,10,4,10,WeightedAverage,"weights={'GB_Accuracy_Prob': 0, 'Logistic_Prob': 3, 'RandomForest_Prob': 1, 'ExtraTrees_Prob': 2, 'SVC_RBF_Prob': 3}, threshold=0.22"
0.588235294117647,0.7021276595744681,0.5,0.7142857142857143,0.38039581758256935,0.7965367965367965,23,10,4,10,WeightedAverage,"weights={'GB_Accuracy_Prob': 1, 'Logistic_Prob': 0, 'RandomForest_Prob': 0, 'ExtraTrees_Prob': 1, 'SVC_RBF_Prob': 0}, threshold=0.22"
0.588235294117647,0.7021276595744681,0.5,0.7142857142857143,0.38039581758256935,0.7792207792207793,23,10,4,10,WeightedAverage,"weights={'GB_Accuracy_Prob': 1, 'Logistic_Prob': 2, 'RandomForest_Prob': 0, 'ExtraTrees_Prob': 1, 'SVC_RBF_Prob': 0}, threshold=0.17"
0.588235294117647,0.7021276595744681,0.5,0.7142857142857143,0.38039581758256935,0.7813852813852813,23,10,4,10,WeightedAverage,"weights={'GB_Accuracy_Prob': 2, 'Logistic_Prob': 1, 'RandomForest_Prob': 3, 'ExtraTrees_Prob': 1, 'SVC_RBF_Prob': 2}, threshold=0.27"
0.588235294117647,0.7021276595744681,0.5,0.7142857142857143,0.38039581758256935,0.787878787878788,23,10,4,10,WeightedAverage,"weights={'GB_Accuracy_Prob': 3, 'Logistic_Prob': 1, 'RandomForest_Prob': 1, 'ExtraTrees_Prob': 3, 'SVC_RBF_Prob': 0}, threshold=0.25"
0.588235294117647,0.7021276595744681,0.5,0.7142857142857143,0.38039581758256935,0.7965367965367965,23,10,4,10,WeightedAverage,"weights={'GB_Accuracy_Prob': 3, 'Logistic_Prob': 1, 'RandomForest_Prob': 2, 'ExtraTrees_Prob': 0, 'SVC_RBF_Prob': 2}, threshold=0.24"
0.5853658536585367,0.6382978723404256,0.4444444444444444,0.8571428571428571,0.37238748458083104,0.777056277056277,18,15,2,12,Logistic_Prob,Logistic_Prob>=0.03
0.5853658536585367,0.6382978723404256,0.4444444444444444,0.8571428571428571,0.37238748458083104,0.7640692640692641,18,15,2,12,AND_Logistic_RandomForest_Prob,Logistic>=0.01 AND RandomForest_Prob>=0.18
0.5853658536585367,0.6382978723404256,0.4444444444444444,0.8571428571428571,0.37238748458083104,0.7640692640692641,18,15,2,12,AND_Logistic_RandomForest_Prob,Logistic>=0.02 AND RandomForest_Prob>=0.16
0.5853658536585367,0.6382978723404256,0.4444444444444444,0.8571428571428571,0.37238748458083104,0.7640692640692641,18,15,2,12,OR_Logistic_RandomForest_Prob,Logistic>=0.04 OR RandomForest_Prob>=0.30
0.5853658536585367,0.6382978723404256,0.4444444444444444,0.8571428571428571,0.37238748458083104,0.7640692640692641,18,15,2,12,OR_Logistic_RandomForest_Prob,Logistic>=0.06 OR RandomForest_Prob>=0.28
0.5853658536585367,0.6382978723404256,0.4444444444444444,0.8571428571428571,0.37238748458083104,0.7640692640692641,18,15,2,12,OR_Logistic_RandomForest_Prob,Logistic>=0.13 OR RandomForest_Prob>=0.27
0.5853658536585367,0.6382978723404256,0.4444444444444444,0.8571428571428571,0.37238748458083104,0.7640692640692641,18,15,2,12,OR_Logistic_ExtraTrees_Prob,Logistic>=0.09 OR ExtraTrees_Prob>=0.30
0.5853658536585367,0.6382978723404256,0.4444444444444444,0.8571428571428571,0.37238748458083104,0.7662337662337662,18,15,2,12,OR_Logistic_SVC_RBF_Prob,Logistic>=0.04 OR SVC_RBF_Prob>=0.28
0.5853658536585367,0.6382978723404256,0.4444444444444444,0.8571428571428571,0.37238748458083104,0.7705627705627706,18,15,2,12,AND_Logistic_GB_Accuracy_Prob,Logistic>=0.02 AND GB_Accuracy_Prob>=0.03
0.5853658536585367,0.6382978723404256,0.4444444444444444,0.8571428571428571,0.37238748458083104,0.7705627705627706,18,15,2,12,OR_Logistic_GB_Accuracy_Prob,Logistic>=0.04 OR GB_Accuracy_Prob>=0.21
0.5853658536585367,0.6382978723404256,0.4444444444444444,0.8571428571428571,0.37238748458083104,0.7705627705627706,18,15,2,12,OR_Logistic_GB_Accuracy_Prob,Logistic>=0.06 OR GB_Accuracy_Prob>=0.09
0.5853658536585367,0.6382978723404256,0.4444444444444444,0.8571428571428571,0.37238748458083104,0.7575757575757576,18,15,2,12,WeightedAverage,"weights={'GB_Accuracy_Prob': 0, 'Logistic_Prob': 1, 'RandomForest_Prob': 3, 'ExtraTrees_Prob': 0, 'SVC_RBF_Prob': 0}, threshold=0.20"
0.5853658536585367,0.6382978723404256,0.4444444444444444,0.8571428571428571,0.37238748458083104,0.7662337662337663,18,15,2,12,WeightedAverage,"weights={'GB_Accuracy_Prob': 0, 'Logistic_Prob': 2, 'RandomForest_Prob': 0, 'ExtraTrees_Prob': 0, 'SVC_RBF_Prob': 1}, threshold=0.11"
0.5853658536585367,0.6382978723404256,0.4444444444444444,0.8571428571428571,0.37238748458083104,0.7727272727272727,18,15,2,12,WeightedAverage,"weights={'GB_Accuracy_Prob': 0, 'Logistic_Prob': 2, 'RandomForest_Prob': 0, 'ExtraTrees_Prob': 1, 'SVC_RBF_Prob': 3}, threshold=0.19"
0.5853658536585367,0.6382978723404256,0.4444444444444444,0.8571428571428571,0.37238748458083104,0.7727272727272727,18,15,2,12,WeightedAverage,"weights={'GB_Accuracy_Prob': 0, 'Logistic_Prob': 2, 'RandomForest_Prob': 1, 'ExtraTrees_Prob': 0, 'SVC_RBF_Prob': 3}, threshold=0.20"
0.5853658536585367,0.6382978723404256,0.4444444444444444,0.8571428571428571,0.37238748458083104,0.7662337662337662,18,15,2,12,WeightedAverage,"weights={'GB_Accuracy_Prob': 0, 'Logistic_Prob': 2, 'RandomForest_Prob': 3, 'ExtraTrees_Prob': 0, 'SVC_RBF_Prob': 0}, threshold=0.17"
0.5853658536585367,0.6382978723404256,0.4444444444444444,0.8571428571428571,0.37238748458083104,0.777056277056277,18,15,2,12,WeightedAverage,"weights={'GB_Accuracy_Prob': 0, 'Logistic_Prob': 3, 'RandomForest_Prob': 0, 'ExtraTrees_Prob': 2, 'SVC_RBF_Prob': 1}, threshold=0.15"
0.5853658536585367,0.6382978723404256,0.4444444444444444,0.8571428571428571,0.37238748458083104,0.7987012987012987,18,15,2,12,WeightedAverage,"weights={'GB_Accuracy_Prob': 1, 'Logistic_Prob': 0, 'RandomForest_Prob': 2, 'ExtraTrees_Prob': 1, 'SVC_RBF_Prob': 2}, threshold=0.22"
0.5853658536585367,0.6382978723404256,0.4444444444444444,0.8571428571428571,0.37238748458083104,0.7857142857142857,18,15,2,12,WeightedAverage,"weights={'GB_Accuracy_Prob': 1, 'Logistic_Prob': 0, 'RandomForest_Prob': 3, 'ExtraTrees_Prob': 0, 'SVC_RBF_Prob': 3}, threshold=0.23"
0.5853658536585367,0.6382978723404256,0.4444444444444444,0.8571428571428571,0.37238748458083104,0.777056277056277,18,15,2,12,WeightedAverage,"weights={'GB_Accuracy_Prob': 1, 'Logistic_Prob': 0, 'RandomForest_Prob': 3, 'ExtraTrees_Prob': 1, 'SVC_RBF_Prob': 0}, threshold=0.21"
0.5853658536585367,0.6382978723404256,0.4444444444444444,0.8571428571428571,0.37238748458083104,0.7878787878787878,18,15,2,12,WeightedAverage,"weights={'GB_Accuracy_Prob': 1, 'Logistic_Prob': 1, 'RandomForest_Prob': 0, 'ExtraTrees_Prob': 1, 'SVC_RBF_Prob': 0}, threshold=0.13"
0.5853658536585367,0.6382978723404256,0.4444444444444444,0.8571428571428571,0.37238748458083104,0.7813852813852813,18,15,2,12,WeightedAverage,"weights={'GB_Accuracy_Prob': 1, 'Logistic_Prob': 1, 'RandomForest_Prob': 0, 'ExtraTrees_Prob': 1, 'SVC_RBF_Prob': 2}, threshold=0.18"
0.5853658536585367,0.6382978723404256,0.4444444444444444,0.8571428571428571,0.37238748458083104,0.7835497835497836,18,15,2,12,WeightedAverage,"weights={'GB_Accuracy_Prob': 1, 'Logistic_Prob': 2, 'RandomForest_Prob': 0, 'ExtraTrees_Prob': 1, 'SVC_RBF_Prob': 3}, threshold=0.18"
0.5853658536585367,0.6382978723404256,0.4444444444444444,0.8571428571428571,0.37238748458083104,0.7792207792207791,18,15,2,12,WeightedAverage,"weights={'GB_Accuracy_Prob': 1, 'Logistic_Prob': 2, 'RandomForest_Prob': 0, 'ExtraTrees_Prob': 2, 'SVC_RBF_Prob': 0}, threshold=0.14"
0.5853658536585367,0.6382978723404256,0.4444444444444444,0.8571428571428571,0.37238748458083104,0.7770562770562771,18,15,2,12,WeightedAverage,"weights={'GB_Accuracy_Prob': 1, 'Logistic_Prob': 2, 'RandomForest_Prob': 1, 'ExtraTrees_Prob': 0, 'SVC_RBF_Prob': 0}, threshold=0.10"
0.5853658536585367,0.6382978723404256,0.4444444444444444,0.8571428571428571,0.37238748458083104,0.7662337662337662,18,15,2,12,WeightedAverage,"weights={'GB_Accuracy_Prob': 1, 'Logistic_Prob': 3, 'RandomForest_Prob': 0, 'ExtraTrees_Prob': 0, 'SVC_RBF_Prob': 3}, threshold=0.16"
0.5853658536585367,0.6382978723404256,0.4444444444444444,0.8571428571428571,0.37238748458083104,0.7792207792207793,18,15,2,12,WeightedAverage,"weights={'GB_Accuracy_Prob': 1, 'Logistic_Prob': 3, 'RandomForest_Prob': 1, 'ExtraTrees_Prob': 2, 'SVC_RBF_Prob': 0}, threshold=0.14"
0.5853658536585367,0.6382978723404256,0.4444444444444444,0.8571428571428571,0.37238748458083104,0.7987012987012987,18,15,2,12,WeightedAverage,"weights={'GB_Accuracy_Prob': 2, 'Logistic_Prob': 0, 'RandomForest_Prob': 1, 'ExtraTrees_Prob': 0, 'SVC_RBF_Prob': 2}, threshold=0.18"
0.5853658536585367,0.6382978723404256,0.4444444444444444,0.8571428571428571,0.37238748458083104,0.79004329004329,18,15,2,12,WeightedAverage,"weights={'GB_Accuracy_Prob': 2, 'Logistic_Prob': 1, 'RandomForest_Prob': 1, 'ExtraTrees_Prob': 0, 'SVC_RBF_Prob': 1}, threshold=0.14"
0.5853658536585367,0.6382978723404256,0.4444444444444444,0.8571428571428571,0.37238748458083104,0.7922077922077922,18,15,2,12,WeightedAverage,"weights={'GB_Accuracy_Prob': 2, 'Logistic_Prob': 1, 'RandomForest_Prob': 1, 'ExtraTrees_Prob': 1, 'SVC_RBF_Prob': 0}, threshold=0.14"
0.5853658536585367,0.6382978723404256,0.4444444444444444,0.8571428571428571,0.37238748458083104,0.7857142857142857,18,15,2,12,WeightedAverage,"weights={'GB_Accuracy_Prob': 2, 'Logistic_Prob': 1, 'RandomForest_Prob': 2, 'ExtraTrees_Prob': 1, 'SVC_RBF_Prob': 0}, threshold=0.15"
0.5853658536585367,0.6382978723404256,0.4444444444444444,0.8571428571428571,0.37238748458083104,0.79004329004329,18,15,2,12,WeightedAverage,"weights={'GB_Accuracy_Prob': 2, 'Logistic_Prob': 2, 'RandomForest_Prob': 1, 'ExtraTrees_Prob': 0, 'SVC_RBF_Prob': 0}, threshold=0.09"
0.5853658536585367,0.6382978723404256,0.4444444444444444,0.8571428571428571,0.37238748458083104,0.7792207792207791,18,15,2,12,WeightedAverage,"weights={'GB_Accuracy_Prob': 2, 'Logistic_Prob': 2, 'RandomForest_Prob': 3, 'ExtraTrees_Prob': 0, 'SVC_RBF_Prob': 2}, threshold=0.17"
0.5853658536585367,0.6382978723404256,0.4444444444444444,0.8571428571428571,0.37238748458083104,0.8051948051948051,18,15,2,12,WeightedAverage,"weights={'GB_Accuracy_Prob': 3, 'Logistic_Prob': 0, 'RandomForest_Prob': 0, 'ExtraTrees_Prob': 1, 'SVC_RBF_Prob': 0}, threshold=0.11"
0.5853658536585367,0.6382978723404256,0.4444444444444444,0.8571428571428571,0.37238748458083104,0.7965367965367965,18,15,2,12,WeightedAverage,"weights={'GB_Accuracy_Prob': 3, 'Logistic_Prob': 1, 'RandomForest_Prob': 0, 'ExtraTrees_Prob': 1, 'SVC_RBF_Prob': 3}, threshold=0.17"
0.5853658536585367,0.6382978723404256,0.4444444444444444,0.8571428571428571,0.37238748458083104,0.7943722943722943,18,15,2,12,WeightedAverage,"weights={'GB_Accuracy_Prob': 3, 'Logistic_Prob': 1, 'RandomForest_Prob': 1, 'ExtraTrees_Prob': 0, 'SVC_RBF_Prob': 0}, threshold=0.10"
0.5853658536585367,0.6382978723404256,0.4444444444444444,0.8571428571428571,0.37238748458083104,0.7965367965367965,18,15,2,12,WeightedAverage,"weights={'GB_Accuracy_Prob': 3, 'Logistic_Prob': 1, 'RandomForest_Prob': 2, 'ExtraTrees_Prob': 0, 'SVC_RBF_Prob': 2}, threshold=0.16"
0.5853658536585367,0.6382978723404256,0.4444444444444444,0.8571428571428571,0.37238748458083104,0.7922077922077922,18,15,2,12,WeightedAverage,"weights={'GB_Accuracy_Prob': 3, 'Logistic_Prob': 1, 'RandomForest_Prob': 2, 'ExtraTrees_Prob': 1, 'SVC_RBF_Prob': 0}, threshold=0.14"
0.5853658536585367,0.6382978723404256,0.4444444444444444,0.8571428571428571,0.37238748458083104,0.79004329004329,18,15,2,12,WeightedAverage,"weights={'GB_Accuracy_Prob': 3, 'Logistic_Prob': 2, 'RandomForest_Prob': 3, 'ExtraTrees_Prob': 0, 'SVC_RBF_Prob': 2}, threshold=0.16"
0.5833333333333334,0.7872340425531915,0.7,0.5,0.45713024289370635,0.79004329004329,30,3,7,7,GB_Accuracy_Prob,GB_Accuracy_Prob>=0.39
0.5833333333333334,0.7872340425531915,0.7,0.5,0.45713024289370635,0.7662337662337662,30,3,7,7,AND_Logistic_SVC_RBF_Prob,Logistic>=0.63 AND SVC_RBF_Prob>=0.28
0.5833333333333334,0.7872340425531915,0.7,0.5,0.45713024289370635,0.7705627705627706,30,3,7,7,AND_Logistic_GB_Accuracy_Prob,Logistic>=0.59 AND GB_Accuracy_Prob>=0.25
0.5833333333333334,0.7872340425531915,0.7,0.5,0.45713024289370635,0.7380952380952381,30,3,7,7,WeightedAverage,"weights={'GB_Accuracy_Prob': 0, 'Logistic_Prob': 0, 'RandomForest_Prob': 0, 'ExtraTrees_Prob': 1, 'SVC_RBF_Prob': 3}, threshold=0.32"
0.5833333333333334,0.7872340425531915,0.7,0.5,0.45713024289370635,0.8051948051948051,30,3,7,7,WeightedAverage,"weights={'GB_Accuracy_Prob': 1, 'Logistic_Prob': 0, 'RandomForest_Prob': 1, 'ExtraTrees_Prob': 0, 'SVC_RBF_Prob': 0}, threshold=0.43"
0.5833333333333334,0.7872340425531915,0.7,0.5,0.45713024289370635,0.7705627705627706,30,3,7,7,WeightedAverage,"weights={'GB_Accuracy_Prob': 1, 'Logistic_Prob': 0, 'RandomForest_Prob': 1, 'ExtraTrees_Prob': 3, 'SVC_RBF_Prob': 0}, threshold=0.38"
0.5833333333333334,0.7872340425531915,0.7,0.5,0.45713024289370635,0.7900432900432901,30,3,7,7,WeightedAverage,"weights={'GB_Accuracy_Prob': 1, 'Logistic_Prob': 0, 'RandomForest_Prob': 2, 'ExtraTrees_Prob': 1, 'SVC_RBF_Prob': 0}, threshold=0.39"
0.5833333333333334,0.7872340425531915,0.7,0.5,0.45713024289370635,0.7900432900432901,30,3,7,7,WeightedAverage,"weights={'GB_Accuracy_Prob': 1, 'Logistic_Prob': 0, 'RandomForest_Prob': 3, 'ExtraTrees_Prob': 0, 'SVC_RBF_Prob': 2}, threshold=0.36"
0.5833333333333334,0.7872340425531915,0.7,0.5,0.45713024289370635,0.7532467532467533,30,3,7,7,WeightedAverage,"weights={'GB_Accuracy_Prob': 1, 'Logistic_Prob': 0, 'RandomForest_Prob': 3, 'ExtraTrees_Prob': 3, 'SVC_RBF_Prob': 1}, threshold=0.37"
0.5833333333333334,0.7872340425531915,0.7,0.5,0.45713024289370635,0.7705627705627706,30,3,7,7,WeightedAverage,"weights={'GB_Accuracy_Prob': 1, 'Logistic_Prob': 1, 'RandomForest_Prob': 0, 'ExtraTrees_Prob': 0, 'SVC_RBF_Prob': 0}, threshold=0.61"
0.5833333333333334,0.7872340425531915,0.7,0.5,0.45713024289370635,0.7792207792207791,30,3,7,7,WeightedAverage,"weights={'GB_Accuracy_Prob': 1, 'Logistic_Prob': 1, 'RandomForest_Prob': 0, 'ExtraTrees_Prob': 2, 'SVC_RBF_Prob': 0}, threshold=0.52"
0.5833333333333334,0.7872340425531915,0.7,0.5,0.45713024289370635,0.79004329004329,30,3,7,7,WeightedAverage,"weights={'GB_Accuracy_Prob': 1, 'Logistic_Prob': 1, 'RandomForest_Prob': 1, 'ExtraTrees_Prob': 0, 'SVC_RBF_Prob': 0}, threshold=0.53"
0.5833333333333334,0.7872340425531915,0.7,0.5,0.45713024289370635,0.7943722943722944,30,3,7,7,WeightedAverage,"weights={'GB_Accuracy_Prob': 2, 'Logistic_Prob': 0, 'RandomForest_Prob': 1, 'ExtraTrees_Prob': 0, 'SVC_RBF_Prob': 3}, threshold=0.36"
0.5806451612903226,0.723404255319149,0.5294117647058824,0.6428571428571429,0.38112343371361984,0.7640692640692641,25,8,5,9,AND_Logistic_RandomForest_Prob,Logistic>=0.03 AND RandomForest_Prob>=0.24
0.5806451612903226,0.723404255319149,0.5294117647058824,0.6428571428571429,0.38112343371361984,0.7640692640692641,25,8,5,9,OR_Logistic_RandomForest_Prob,Logistic>=0.28 OR RandomForest_Prob>=0.38
0.5806451612903226,0.723404255319149,0.5294117647058824,0.6428571428571429,0.38112343371361984,0.7640692640692641,25,8,5,9,OR_Logistic_RandomForest_Prob,Logistic>=0.59 OR RandomForest_Prob>=0.34
0.5806451612903226,0.723404255319149,0.5294117647058824,0.6428571428571429,0.38112343371361984,0.7640692640692641,25,8,5,9,OR_Logistic_RandomForest_Prob,Logistic>=0.80 OR RandomForest_Prob>=0.33
0.5806451612903226,0.723404255319149,0.5294117647058824,0.6428571428571429,0.38112343371361984,0.7640692640692641,25,8,5,9,AND_Logistic_ExtraTrees_Prob,Logistic>=0.13 AND ExtraTrees_Prob>=0.18
0.5806451612903226,0.723404255319149,0.5294117647058824,0.6428571428571429,0.38112343371361984,0.7640692640692641,25,8,5,9,OR_Logistic_ExtraTrees_Prob,Logistic>=0.28 OR ExtraTrees_Prob>=0.34
0.5806451612903226,0.723404255319149,0.5294117647058824,0.6428571428571429,0.38112343371361984,0.7640692640692641,25,8,5,9,OR_Logistic_ExtraTrees_Prob,Logistic>=0.60 OR ExtraTrees_Prob>=0.33
0.5806451612903226,0.723404255319149,0.5294117647058824,0.6428571428571429,0.38112343371361984,0.7640692640692641,25,8,5,9,OR_Logistic_ExtraTrees_Prob,Logistic>=0.80 OR ExtraTrees_Prob>=0.32
0.5806451612903226,0.723404255319149,0.5294117647058824,0.6428571428571429,0.38112343371361984,0.7662337662337662,25,8,5,9,AND_Logistic_SVC_RBF_Prob,Logistic>=0.01 AND SVC_RBF_Prob>=0.29
0.5806451612903226,0.723404255319149,0.5294117647058824,0.6428571428571429,0.38112343371361984,0.7705627705627706,25,8,5,9,OR_Logistic_GB_Accuracy_Prob,Logistic>=0.22 OR GB_Accuracy_Prob>=0.49
0.5806451612903226,0.723404255319149,0.5294117647058824,0.6428571428571429,0.38112343371361984,0.7705627705627706,25,8,5,9,OR_Logistic_GB_Accuracy_Prob,Logistic>=0.63 OR GB_Accuracy_Prob>=0.32
0.5806451612903226,0.723404255319149,0.5294117647058824,0.6428571428571429,0.38112343371361984,0.7705627705627706,25,8,5,9,OR_Logistic_GB_Accuracy_Prob,Logistic>=0.80 OR GB_Accuracy_Prob>=0.27
0.5806451612903226,0.723404255319149,0.5294117647058824,0.6428571428571429,0.38112343371361984,0.7251082251082251,25,8,5,9,WeightedAverage,"weights={'GB_Accuracy_Prob': 0, 'Logistic_Prob': 0, 'RandomForest_Prob': 1, 'ExtraTrees_Prob': 1, 'SVC_RBF_Prob': 3}, threshold=0.30"
0.5806451612903226,0.723404255319149,0.5294117647058824,0.6428571428571429,0.38112343371361984,0.777056277056277,25,8,5,9,WeightedAverage,"weights={'GB_Accuracy_Prob': 0, 'Logistic_Prob': 1, 'RandomForest_Prob': 0, 'ExtraTrees_Prob': 0, 'SVC_RBF_Prob': 2}, threshold=0.25"
0.5806451612903226,0.723404255319149,0.5294117647058824,0.6428571428571429,0.38112343371361984,0.7554112554112553,25,8,5,9,WeightedAverage,"weights={'GB_Accuracy_Prob': 1, 'Logistic_Prob': 0, 'RandomForest_Prob': 3, 'ExtraTrees_Prob': 3, 'SVC_RBF_Prob': 0}, threshold=0.32"
0.5806451612903226,0.723404255319149,0.5294117647058824,0.6428571428571429,0.38112343371361984,0.7705627705627706,25,8,5,9,WeightedAverage,"weights={'GB_Accuracy_Prob': 1, 'Logistic_Prob': 1, 'RandomForest_Prob': 0, 'ExtraTrees_Prob': 0, 'SVC_RBF_Prob': 0}, threshold=0.27"
0.5806451612903226,0.723404255319149,0.5294117647058824,0.6428571428571429,0.38112343371361984,0.7857142857142857,25,8,5,9,WeightedAverage,"weights={'GB_Accuracy_Prob': 1, 'Logistic_Prob': 1, 'RandomForest_Prob': 3, 'ExtraTrees_Prob': 0, 'SVC_RBF_Prob': 0}, threshold=0.30"
0.5806451612903226,0.723404255319149,0.5294117647058824,0.6428571428571429,0.38112343371361984,0.7727272727272727,25,8,5,9,WeightedAverage,"weights={'GB_Accuracy_Prob': 2, 'Logistic_Prob': 1, 'RandomForest_Prob': 0, 'ExtraTrees_Prob': 0, 'SVC_RBF_Prob': 0}, threshold=0.26"
0.5806451612903226,0.723404255319149,0.5294117647058824,0.6428571428571429,0.38112343371361984,0.7813852813852815,25,8,5,9,WeightedAverage,"weights={'GB_Accuracy_Prob': 2, 'Logistic_Prob': 1, 'RandomForest_Prob': 2, 'ExtraTrees_Prob': 2, 'SVC_RBF_Prob': 0}, threshold=0.28"
0.5806451612903226,0.723404255319149,0.5294117647058824,0.6428571428571429,0.38112343371361984,0.774891774891775,25,8,5,9,WeightedAverage,"weights={'GB_Accuracy_Prob': 3, 'Logistic_Prob': 1, 'RandomForest_Prob': 0, 'ExtraTrees_Prob': 0, 'SVC_RBF_Prob': 0}, threshold=0.26"
0.5789473684210527,0.6595744680851063,0.4583333333333333,0.7857142857142857,0.35841654429349207,0.7640692640692641,20,13,3,11,AND_Logistic_RandomForest_Prob,Logistic>=0.01 AND RandomForest_Prob>=0.22
0.5789473684210527,0.6595744680851063,0.4583333333333333,0.7857142857142857,0.35841654429349207,0.7640692640692641,20,13,3,11,OR_Logistic_RandomForest_Prob,Logistic>=0.13 OR RandomForest_Prob>=0.28
0.5789473684210527,0.6595744680851063,0.4583333333333333,0.7857142857142857,0.35841654429349207,0.7640692640692641,20,13,3,11,OR_Logistic_RandomForest_Prob,Logistic>=0.80 OR RandomForest_Prob>=0.27
0.5789473684210527,0.6595744680851063,0.4583333333333333,0.7857142857142857,0.35841654429349207,0.7640692640692641,20,13,3,11,OR_Logistic_ExtraTrees_Prob,Logistic>=0.16 OR ExtraTrees_Prob>=0.30
0.5789473684210527,0.6595744680851063,0.4583333333333333,0.7857142857142857,0.35841654429349207,0.7662337662337662,20,13,3,11,OR_Logistic_SVC_RBF_Prob,Logistic>=0.07 OR SVC_RBF_Prob>=0.30
0.5789473684210527,0.6595744680851063,0.4583333333333333,0.7857142857142857,0.35841654429349207,0.7662337662337662,20,13,3,11,OR_Logistic_SVC_RBF_Prob,Logistic>=0.13 OR SVC_RBF_Prob>=0.28
0.5789473684210527,0.6595744680851063,0.4583333333333333,0.7857142857142857,0.35841654429349207,0.7705627705627706,20,13,3,11,OR_Logistic_GB_Accuracy_Prob,Logistic>=0.07 OR GB_Accuracy_Prob>=0.32
0.5789473684210527,0.6595744680851063,0.4583333333333333,0.7857142857142857,0.35841654429349207,0.7705627705627706,20,13,3,11,OR_Logistic_GB_Accuracy_Prob,Logistic>=0.09 OR GB_Accuracy_Prob>=0.21
0.5789473684210527,0.6595744680851063,0.4583333333333333,0.7857142857142857,0.35841654429349207,0.7705627705627706,20,13,3,11,OR_Logistic_GB_Accuracy_Prob,Logistic>=0.13 OR GB_Accuracy_Prob>=0.09
0.5789473684210527,0.6595744680851063,0.4583333333333333,0.7857142857142857,0.35841654429349207,0.7705627705627706,20,13,3,11,OR_Logistic_GB_Accuracy_Prob,Logistic>=0.60 OR GB_Accuracy_Prob>=0.08
0.5789473684210527,0.6595744680851063,0.4583333333333333,0.7857142857142857,0.35841654429349207,0.7640692640692641,20,13,3,11,WeightedAverage,"weights={'GB_Accuracy_Prob': 0, 'Logistic_Prob': 1, 'RandomForest_Prob': 0, 'ExtraTrees_Prob': 1, 'SVC_RBF_Prob': 0}, threshold=0.16"
0.5789473684210527,0.6595744680851063,0.4583333333333333,0.7857142857142857,0.35841654429349207,0.761904761904762,20,13,3,11,WeightedAverage,"weights={'GB_Accuracy_Prob': 0, 'Logistic_Prob': 1, 'RandomForest_Prob': 0, 'ExtraTrees_Prob': 1, 'SVC_RBF_Prob': 1}, threshold=0.20"
0.5789473684210527,0.6595744680851063,0.4583333333333333,0.7857142857142857,0.35841654429349207,0.7575757575757576,20,13,3,11,WeightedAverage,"weights={'GB_Accuracy_Prob': 0, 'Logistic_Prob': 1, 'RandomForest_Prob': 3, 'ExtraTrees_Prob': 0, 'SVC_RBF_Prob': 0}, threshold=0.21"
0.5789473684210527,0.6595744680851063,0.4583333333333333,0.7857142857142857,0.35841654429349207,0.7597402597402597,20,13,3,11,WeightedAverage,"weights={'GB_Accuracy_Prob': 0, 'Logistic_Prob': 2, 'RandomForest_Prob': 1, 'ExtraTrees_Prob': 2, 'SVC_RBF_Prob': 0}, threshold=0.19"
0.5789473684210527,0.6595744680851063,0.4583333333333333,0.7857142857142857,0.35841654429349207,0.7662337662337662,20,13,3,11,WeightedAverage,"weights={'GB_Accuracy_Prob': 0, 'Logistic_Prob': 2, 'RandomForest_Prob': 3, 'ExtraTrees_Prob': 0, 'SVC_RBF_Prob': 0}, threshold=0.18"
0.5789473684210527,0.6595744680851063,0.4583333333333333,0.7857142857142857,0.35841654429349207,0.7965367965367965,20,13,3,11,WeightedAverage,"weights={'GB_Accuracy_Prob': 1, 'Logistic_Prob': 0, 'RandomForest_Prob': 0, 'ExtraTrees_Prob': 1, 'SVC_RBF_Prob': 2}, threshold=0.22"
0.5789473684210527,0.6595744680851063,0.4583333333333333,0.7857142857142857,0.35841654429349207,0.7857142857142857,20,13,3,11,WeightedAverage,"weights={'GB_Accuracy_Prob': 1, 'Logistic_Prob': 0, 'RandomForest_Prob': 1, 'ExtraTrees_Prob': 1, 'SVC_RBF_Prob': 0}, threshold=0.19"
0.5789473684210527,0.6595744680851063,0.4583333333333333,0.7857142857142857,0.35841654429349207,0.7835497835497836,20,13,3,11,WeightedAverage,"weights={'GB_Accuracy_Prob': 1, 'Logistic_Prob': 0, 'RandomForest_Prob': 1, 'ExtraTrees_Prob': 1, 'SVC_RBF_Prob': 1}, threshold=0.21"
0.5789473684210527,0.6595744680851063,0.4583333333333333,0.7857142857142857,0.35841654429349207,0.79004329004329,20,13,3,11,WeightedAverage,"weights={'GB_Accuracy_Prob': 1, 'Logistic_Prob': 1, 'RandomForest_Prob': 0, 'ExtraTrees_Prob': 1, 'SVC_RBF_Prob': 1}, threshold=0.18"
0.5789473684210527,0.6595744680851063,0.4583333333333333,0.7857142857142857,0.35841654429349207,0.79004329004329,20,13,3,11,WeightedAverage,"weights={'GB_Accuracy_Prob': 1, 'Logistic_Prob': 1, 'RandomForest_Prob': 1, 'ExtraTrees_Prob': 0, 'SVC_RBF_Prob': 1}, threshold=0.17"
0.5789473684210527,0.6595744680851063,0.4583333333333333,0.7857142857142857,0.35841654429349207,0.7792207792207793,20,13,3,11,WeightedAverage,"weights={'GB_Accuracy_Prob': 1, 'Logistic_Prob': 1, 'RandomForest_Prob': 1, 'ExtraTrees_Prob': 0, 'SVC_RBF_Prob': 3}, threshold=0.21"
0.5789473684210527,0.6595744680851063,0.4583333333333333,0.7857142857142857,0.35841654429349207,0.7727272727272727,20,13,3,11,WeightedAverage,"weights={'GB_Accuracy_Prob': 1, 'Logistic_Prob': 1, 'RandomForest_Prob': 2, 'ExtraTrees_Prob': 0, 'SVC_RBF_Prob': 2}, threshold=0.20"
0.5789473684210527,0.6595744680851063,0.4583333333333333,0.7857142857142857,0.35841654429349207,0.7792207792207793,20,13,3,11,WeightedAverage,"weights={'GB_Accuracy_Prob': 1, 'Logistic_Prob': 2, 'RandomForest_Prob': 0, 'ExtraTrees_Prob': 1, 'SVC_RBF_Prob': 0}, threshold=0.14"
0.5789473684210527,0.6595744680851063,0.4583333333333333,0.7857142857142857,0.35841654429349207,0.7770562770562771,20,13,3,11,WeightedAverage,"weights={'GB_Accuracy_Prob': 1, 'Logistic_Prob': 2, 'RandomForest_Prob': 1, 'ExtraTrees_Prob': 0, 'SVC_RBF_Prob': 3}, threshold=0.19"
0.5789473684210527,0.6595744680851063,0.4583333333333333,0.7857142857142857,0.35841654429349207,0.7987012987012987,20,13,3,11,WeightedAverage,"weights={'GB_Accuracy_Prob': 2, 'Logistic_Prob': 0, 'RandomForest_Prob': 1, 'ExtraTrees_Prob': 0, 'SVC_RBF_Prob': 2}, threshold=0.19"
0.5789473684210527,0.6595744680851063,0.4583333333333333,0.7857142857142857,0.35841654429349207,0.7987012987012987,20,13,3,11,WeightedAverage,"weights={'GB_Accuracy_Prob': 2, 'Logistic_Prob': 0, 'RandomForest_Prob': 1, 'ExtraTrees_Prob': 1, 'SVC_RBF_Prob': 0}, threshold=0.17"
0.5789473684210527,0.6595744680851063,0.4583333333333333,0.7857142857142857,0.35841654429349207,0.8030303030303031,20,13,3,11,WeightedAverage,"weights={'GB_Accuracy_Prob': 2, 'Logistic_Prob': 0, 'RandomForest_Prob': 2, 'ExtraTrees_Prob': 0, 'SVC_RBF_Prob': 3}, threshold=0.21"
0.5789473684210527,0.6595744680851063,0.4583333333333333,0.7857142857142857,0.35841654429349207,0.7857142857142857,20,13,3,11,WeightedAverage,"weights={'GB_Accuracy_Prob': 2, 'Logistic_Prob': 1, 'RandomForest_Prob': 0, 'ExtraTrees_Prob': 0, 'SVC_RBF_Prob': 2}, threshold=0.16"
0.5789473684210527,0.6595744680851063,0.4583333333333333,0.7857142857142857,0.35841654429349207,0.7943722943722944,20,13,3,11,WeightedAverage,"weights={'GB_Accuracy_Prob': 2, 'Logistic_Prob': 1, 'RandomForest_Prob': 0, 'ExtraTrees_Prob': 1, 'SVC_RBF_Prob': 1}, threshold=0.16"
0.5789473684210527,0.6595744680851063,0.4583333333333333,0.7857142857142857,0.35841654429349207,0.7878787878787878,20,13,3,11,WeightedAverage,"weights={'GB_Accuracy_Prob': 2, 'Logistic_Prob': 1, 'RandomForest_Prob': 2, 'ExtraTrees_Prob': 0, 'SVC_RBF_Prob': 3}, threshold=0.19"
0.5789473684210527,0.6595744680851063,0.4583333333333333,0.7857142857142857,0.35841654429349207,0.7748917748917749,20,13,3,11,WeightedAverage,"weights={'GB_Accuracy_Prob': 2, 'Logistic_Prob': 3, 'RandomForest_Prob': 0, 'ExtraTrees_Prob': 0, 'SVC_RBF_Prob': 3}, threshold=0.16"
0.5789473684210527,0.6595744680851063,0.4583333333333333,0.7857142857142857,0.35841654429349207,0.8051948051948052,20,13,3,11,WeightedAverage,"weights={'GB_Accuracy_Prob': 3, 'Logistic_Prob': 0, 'RandomForest_Prob': 0, 'ExtraTrees_Prob': 1, 'SVC_RBF_Prob': 1}, threshold=0.15"
0.5789473684210527,0.6595744680851063,0.4583333333333333,0.7857142857142857,0.35841654429349207,0.8051948051948051,20,13,3,11,WeightedAverage,"weights={'GB_Accuracy_Prob': 3, 'Logistic_Prob': 0, 'RandomForest_Prob': 2, 'ExtraTrees_Prob': 0, 'SVC_RBF_Prob': 0}, threshold=0.15"
0.5789473684210527,0.6595744680851063,0.4583333333333333,0.7857142857142857,0.35841654429349207,0.774891774891775,20,13,3,11,WeightedAverage,"weights={'GB_Accuracy_Prob': 3, 'Logistic_Prob': 1, 'RandomForest_Prob': 0, 'ExtraTrees_Prob': 0, 'SVC_RBF_Prob': 0}, threshold=0.07"
0.5777777777777778,0.5957446808510638,0.41935483870967744,0.9285714285714286,0.3697527735279746,0.7640692640692641,15,18,1,13,OR_Logistic_RandomForest_Prob,Logistic>=0.09 OR RandomForest_Prob>=0.25
0.5777777777777778,0.5957446808510638,0.41935483870967744,0.9285714285714286,0.3697527735279746,0.7640692640692641,15,18,1,13,OR_Logistic_ExtraTrees_Prob,Logistic>=0.09 OR ExtraTrees_Prob>=0.24
0.5777777777777778,0.5957446808510638,0.41935483870967744,0.9285714285714286,0.3697527735279746,0.761904761904762,15,18,1,13,WeightedAverage,"weights={'GB_Accuracy_Prob': 0, 'Logistic_Prob': 1, 'RandomForest_Prob': 1, 'ExtraTrees_Prob': 0, 'SVC_RBF_Prob': 1}, threshold=0.18"
0.5777777777777778,0.5957446808510638,0.41935483870967744,0.9285714285714286,0.3697527735279746,0.761904761904762,15,18,1,13,WeightedAverage,"weights={'GB_Accuracy_Prob': 0, 'Logistic_Prob': 1, 'RandomForest_Prob': 1, 'ExtraTrees_Prob': 0, 'SVC_RBF_Prob': 2}, threshold=0.20"
0.5777777777777778,0.5957446808510638,0.41935483870967744,0.9285714285714286,0.3697527735279746,0.7532467532467533,15,18,1,13,WeightedAverage,"weights={'GB_Accuracy_Prob': 0, 'Logistic_Prob': 1, 'RandomForest_Prob': 1, 'ExtraTrees_Prob': 1, 'SVC_RBF_Prob': 0}, threshold=0.17"
0.5777777777777778,0.5957446808510638,0.41935483870967744,0.9285714285714286,0.3697527735279746,0.7575757575757577,15,18,1,13,WeightedAverage,"weights={'GB_Accuracy_Prob': 0, 'Logistic_Prob': 1, 'RandomForest_Prob': 2, 'ExtraTrees_Prob': 0, 'SVC_RBF_Prob': 1}, threshold=0.19"
0.5777777777777778,0.5957446808510638,0.41935483870967744,0.9285714285714286,0.3697527735279746,0.7554112554112554,15,18,1,13,WeightedAverage,"weights={'GB_Accuracy_Prob': 0, 'Logistic_Prob': 2, 'RandomForest_Prob': 1, 'ExtraTrees_Prob': 2, 'SVC_RBF_Prob': 3}, threshold=0.19"
0.5777777777777778,0.5957446808510638,0.41935483870967744,0.9285714285714286,0.3697527735279746,0.7662337662337663,15,18,1,13,WeightedAverage,"weights={'GB_Accuracy_Prob': 0, 'Logistic_Prob': 2, 'RandomForest_Prob': 2, 'ExtraTrees_Prob': 0, 'SVC_RBF_Prob': 1}, threshold=0.16"
0.5777777777777778,0.5957446808510638,0.41935483870967744,0.9285714285714286,0.3697527735279746,0.8051948051948051,15,18,1,13,WeightedAverage,"weights={'GB_Accuracy_Prob': 1, 'Logistic_Prob': 0, 'RandomForest_Prob': 1, 'ExtraTrees_Prob': 0, 'SVC_RBF_Prob': 0}, threshold=0.13"
0.5777777777777778,0.5957446808510638,0.41935483870967744,0.9285714285714286,0.3697527735279746,0.7857142857142857,15,18,1,13,WeightedAverage,"weights={'GB_Accuracy_Prob': 1, 'Logistic_Prob': 1, 'RandomForest_Prob': 3, 'ExtraTrees_Prob': 0, 'SVC_RBF_Prob': 0}, threshold=0.16"
0.5714285714285714,0.8085106382978723,0.8571428571428571,0.42857142857142855,0.5115850204490008,0.79004329004329,32,1,8,6,GB_Accuracy_Prob,GB_Accuracy_Prob>=0.54
0.5714285714285714,0.8085106382978723,0.8571428571428571,0.42857142857142855,0.5115850204490008,0.7705627705627706,32,1,8,6,AND_Logistic_GB_Accuracy_Prob,Logistic>=0.59 AND GB_Accuracy_Prob>=0.31
0.5714285714285714,0.8085106382978723,0.8571428571428571,0.42857142857142855,0.5115850204490008,0.7380952380952381,32,1,8,6,WeightedAverage,"weights={'GB_Accuracy_Prob': 0, 'Logistic_Prob': 0, 'RandomForest_Prob': 0, 'ExtraTrees_Prob': 1, 'SVC_RBF_Prob': 3}, threshold=0.33"
0.5714285714285714,0.8085106382978723,0.8571428571428571,0.42857142857142855,0.5115850204490008,0.7857142857142857,32,1,8,6,WeightedAverage,"weights={'GB_Accuracy_Prob': 1, 'Logistic_Prob': 0, 'RandomForest_Prob': 0, 'ExtraTrees_Prob': 1, 'SVC_RBF_Prob': 3}, threshold=0.40"
0.5714285714285714,0.8085106382978723,0.8571428571428571,0.42857142857142855,0.5115850204490008,0.777056277056277,32,1,8,6,WeightedAverage,"weights={'GB_Accuracy_Prob': 1, 'Logistic_Prob': 0, 'RandomForest_Prob': 0, 'ExtraTrees_Prob': 2, 'SVC_RBF_Prob': 0}, threshold=0.47"
0.5714285714285714,0.8085106382978723,0.8571428571428571,0.42857142857142855,0.5115850204490008,0.7662337662337662,32,1,8,6,WeightedAverage,"weights={'GB_Accuracy_Prob': 1, 'Logistic_Prob': 0, 'RandomForest_Prob': 0, 'ExtraTrees_Prob': 3, 'SVC_RBF_Prob': 0}, threshold=0.42"
0.5714285714285714,0.8085106382978723,0.8571428571428571,0.42857142857142855,0.5115850204490008,0.8051948051948051,32,1,8,6,WeightedAverage,"weights={'GB_Accuracy_Prob': 1, 'Logistic_Prob': 0, 'RandomForest_Prob': 1, 'ExtraTrees_Prob': 0, 'SVC_RBF_Prob': 0}, threshold=0.48"
0.5714285714285714,0.8085106382978723,0.8571428571428571,0.42857142857142855,0.5115850204490008,0.8008658008658008,32,1,8,6,WeightedAverage,"weights={'GB_Accuracy_Prob': 1, 'Logistic_Prob': 0, 'RandomForest_Prob': 1, 'ExtraTrees_Prob': 0, 'SVC_RBF_Prob': 2}, threshold=0.41"
0.5714285714285714,0.8085106382978723,0.8571428571428571,0.42857142857142855,0.5115850204490008,0.7792207792207793,32,1,8,6,WeightedAverage,"weights={'GB_Accuracy_Prob': 1, 'Logistic_Prob': 1, 'RandomForest_Prob': 0, 'ExtraTrees_Prob': 1, 'SVC_RBF_Prob': 3}, threshold=0.48"
0.5714285714285714,0.8085106382978723,0.8571428571428571,0.42857142857142855,0.5115850204490008,0.7943722943722944,32,1,8,6,WeightedAverage,"weights={'GB_Accuracy_Prob': 2, 'Logistic_Prob': 0, 'RandomForest_Prob': 0, 'ExtraTrees_Prob': 3, 'SVC_RBF_Prob': 0}, threshold=0.48"
0.5714285714285714,0.8085106382978723,0.8571428571428571,0.42857142857142855,0.5115850204490008,0.7792207792207793,32,1,8,6,WeightedAverage,"weights={'GB_Accuracy_Prob': 2, 'Logistic_Prob': 1, 'RandomForest_Prob': 0, 'ExtraTrees_Prob': 3, 'SVC_RBF_Prob': 0}, threshold=0.54"
0.5714285714285714,0.7446808510638298,0.5714285714285714,0.5714285714285714,0.38961038961038963,0.7640692640692641,27,6,6,8,AND_Logistic_RandomForest_Prob,Logistic>=0.09 AND RandomForest_Prob>=0.24
0.5714285714285714,0.7446808510638298,0.5714285714285714,0.5714285714285714,0.38961038961038963,0.7640692640692641,27,6,6,8,AND_Logistic_RandomForest_Prob,Logistic>=0.28 AND RandomForest_Prob>=0.23
0.5714285714285714,0.7446808510638298,0.5714285714285714,0.5714285714285714,0.38961038961038963,0.7640692640692641,27,6,6,8,OR_Logistic_RandomForest_Prob,Logistic>=0.60 OR RandomForest_Prob>=0.39
0.5714285714285714,0.7446808510638298,0.5714285714285714,0.5714285714285714,0.38961038961038963,0.7640692640692641,27,6,6,8,OR_Logistic_RandomForest_Prob,Logistic>=0.63 OR RandomForest_Prob>=0.38
0.5714285714285714,0.7446808510638298,0.5714285714285714,0.5714285714285714,0.38961038961038963,0.7640692640692641,27,6,6,8,OR_Logistic_ExtraTrees_Prob,Logistic>=0.63 OR ExtraTrees_Prob>=0.37
0.5714285714285714,0.7446808510638298,0.5714285714285714,0.5714285714285714,0.38961038961038963,0.7640692640692641,27,6,6,8,OR_Logistic_ExtraTrees_Prob,Logistic>=0.80 OR ExtraTrees_Prob>=0.34
0.5714285714285714,0.7446808510638298,0.5714285714285714,0.5714285714285714,0.38961038961038963,0.7662337662337662,27,6,6,8,AND_Logistic_SVC_RBF_Prob,Logistic>=0.07 AND SVC_RBF_Prob>=0.29
0.5714285714285714,0.7446808510638298,0.5714285714285714,0.5714285714285714,0.38961038961038963,0.7662337662337662,27,6,6,8,OR_Logistic_SVC_RBF_Prob,Logistic>=0.80 OR SVC_RBF_Prob>=0.31
0.5714285714285714,0.7446808510638298,0.5714285714285714,0.5714285714285714,0.38961038961038963,0.7705627705627706,27,6,6,8,OR_Logistic_GB_Accuracy_Prob,Logistic>=0.60 OR GB_Accuracy_Prob>=0.53
0.5714285714285714,0.7446808510638298,0.5714285714285714,0.5714285714285714,0.38961038961038963,0.7705627705627706,27,6,6,8,OR_Logistic_GB_Accuracy_Prob,Logistic>=0.63 OR GB_Accuracy_Prob>=0.49
0.5714285714285714,0.7446808510638298,0.5714285714285714,0.5714285714285714,0.38961038961038963,0.7705627705627706,27,6,6,8,OR_Logistic_GB_Accuracy_Prob,Logistic>=0.80 OR GB_Accuracy_Prob>=0.39
0.5714285714285714,0.7446808510638298,0.5714285714285714,0.5714285714285714,0.38961038961038963,0.7532467532467533,27,6,6,8,WeightedAverage,"weights={'GB_Accuracy_Prob': 0, 'Logistic_Prob': 0, 'RandomForest_Prob': 1, 'ExtraTrees_Prob': 0, 'SVC_RBF_Prob': 3}, threshold=0.30"
0.5714285714285714,0.7446808510638298,0.5714285714285714,0.5714285714285714,0.38961038961038963,0.7359307359307359,27,6,6,8,WeightedAverage,"weights={'GB_Accuracy_Prob': 0, 'Logistic_Prob': 1, 'RandomForest_Prob': 2, 'ExtraTrees_Prob': 3, 'SVC_RBF_Prob': 1}, threshold=0.35"
0.5714285714285714,0.7446808510638298,0.5714285714285714,0.5714285714285714,0.38961038961038963,0.777056277056277,27,6,6,8,WeightedAverage,"weights={'GB_Accuracy_Prob': 1, 'Logistic_Prob': 1, 'RandomForest_Prob': 3, 'ExtraTrees_Prob': 2, 'SVC_RBF_Prob': 0}, threshold=0.34"
0.5714285714285714,0.7446808510638298,0.5714285714285714,0.5714285714285714,0.38961038961038963,0.8138528138528138,27,6,6,8,WeightedAverage,"weights={'GB_Accuracy_Prob': 2, 'Logistic_Prob': 0, 'RandomForest_Prob': 1, 'ExtraTrees_Prob': 0, 'SVC_RBF_Prob': 0}, threshold=0.34"
0.5714285714285714,0.7446808510638298,0.5714285714285714,0.5714285714285714,0.38961038961038963,0.7922077922077922,27,6,6,8,WeightedAverage,"weights={'GB_Accuracy_Prob': 3, 'Logistic_Prob': 0, 'RandomForest_Prob': 0, 'ExtraTrees_Prob': 2, 'SVC_RBF_Prob': 0}, threshold=0.34"
0.5714285714285714,0.6808510638297872,0.47619047619047616,0.7142857142857143,0.3504252232410666,0.7640692640692641,22,11,4,10,OR_Logistic_RandomForest_Prob,Logistic>=0.22 OR RandomForest_Prob>=0.30
0.5714285714285714,0.6808510638297872,0.47619047619047616,0.7142857142857143,0.3504252232410666,0.7640692640692641,22,11,4,10,OR_Logistic_RandomForest_Prob,Logistic>=0.80 OR RandomForest_Prob>=0.28
0.5714285714285714,0.6808510638297872,0.47619047619047616,0.7142857142857143,0.3504252232410666,0.7640692640692641,22,11,4,10,AND_Logistic_ExtraTrees_Prob,Logistic>=0.04 AND ExtraTrees_Prob>=0.20
0.5714285714285714,0.6808510638297872,0.47619047619047616,0.7142857142857143,0.3504252232410666,0.7662337662337662,22,11,4,10,AND_Logistic_SVC_RBF_Prob,Logistic>=0.04 AND SVC_RBF_Prob>=0.27
0.5714285714285714,0.6808510638297872,0.47619047619047616,0.7142857142857143,0.3504252232410666,0.7662337662337662,22,11,4,10,AND_Logistic_SVC_RBF_Prob,Logistic>=0.06 AND SVC_RBF_Prob>=0.26
0.5714285714285714,0.6808510638297872,0.47619047619047616,0.7142857142857143,0.3504252232410666,0.7662337662337662,22,11,4,10,OR_Logistic_SVC_RBF_Prob,Logistic>=0.13 OR SVC_RBF_Prob>=0.30
0.5714285714285714,0.6808510638297872,0.47619047619047616,0.7142857142857143,0.3504252232410666,0.7662337662337662,22,11,4,10,OR_Logistic_SVC_RBF_Prob,Logistic>=0.22 OR SVC_RBF_Prob>=0.29
0.5714285714285714,0.6808510638297872,0.47619047619047616,0.7142857142857143,0.3504252232410666,0.7662337662337662,22,11,4,10,OR_Logistic_SVC_RBF_Prob,Logistic>=0.80 OR SVC_RBF_Prob>=0.28
0.5714285714285714,0.6808510638297872,0.47619047619047616,0.7142857142857143,0.3504252232410666,0.7705627705627706,22,11,4,10,OR_Logistic_GB_Accuracy_Prob,Logistic>=0.13 OR GB_Accuracy_Prob>=0.32
0.5714285714285714,0.6808510638297872,0.47619047619047616,0.7142857142857143,0.3504252232410666,0.7705627705627706,22,11,4,10,OR_Logistic_GB_Accuracy_Prob,Logistic>=0.16 OR GB_Accuracy_Prob>=0.21
0.5714285714285714,0.6808510638297872,0.47619047619047616,0.7142857142857143,0.3504252232410666,0.7705627705627706,22,11,4,10,OR_Logistic_GB_Accuracy_Prob,Logistic>=0.60 OR GB_Accuracy_Prob>=0.11
0.5714285714285714,0.6808510638297872,0.47619047619047616,0.7142857142857143,0.3504252232410666,0.7424242424242424,22,11,4,10,WeightedAverage,"weights={'GB_Accuracy_Prob': 0, 'Logistic_Prob': 0, 'RandomForest_Prob': 1, 'ExtraTrees_Prob': 0, 'SVC_RBF_Prob': 2}, threshold=0.28"
0.5714285714285714,0.6808510638297872,0.47619047619047616,0.7142857142857143,0.3504252232410666,0.7532467532467533,22,11,4,10,WeightedAverage,"weights={'GB_Accuracy_Prob': 0, 'Logistic_Prob': 0, 'RandomForest_Prob': 1, 'ExtraTrees_Prob': 0, 'SVC_RBF_Prob': 3}, threshold=0.29"
0.5714285714285714,0.6808510638297872,0.47619047619047616,0.7142857142857143,0.3504252232410666,0.761904761904762,22,11,4,10,WeightedAverage,"weights={'GB_Accuracy_Prob': 0, 'Logistic_Prob': 1, 'RandomForest_Prob': 0, 'ExtraTrees_Prob': 1, 'SVC_RBF_Prob': 1}, threshold=0.22"
0.5714285714285714,0.6808510638297872,0.47619047619047616,0.7142857142857143,0.3504252232410666,0.7424242424242424,22,11,4,10,WeightedAverage,"weights={'GB_Accuracy_Prob': 0, 'Logistic_Prob': 1, 'RandomForest_Prob': 0, 'ExtraTrees_Prob': 2, 'SVC_RBF_Prob': 0}, threshold=0.22"
0.5714285714285714,0.6808510638297872,0.47619047619047616,0.7142857142857143,0.3504252232410666,0.7727272727272727,22,11,4,10,WeightedAverage,"weights={'GB_Accuracy_Prob': 0, 'Logistic_Prob': 2, 'RandomForest_Prob': 0, 'ExtraTrees_Prob': 0, 'SVC_RBF_Prob': 3}, threshold=0.21"
0.5714285714285714,0.6808510638297872,0.47619047619047616,0.7142857142857143,0.3504252232410666,0.7619047619047619,22,11,4,10,WeightedAverage,"weights={'GB_Accuracy_Prob': 0, 'Logistic_Prob': 3, 'RandomForest_Prob': 2, 'ExtraTrees_Prob': 2, 'SVC_RBF_Prob': 3}, threshold=0.22"
0.5714285714285714,0.6808510638297872,0.47619047619047616,0.7142857142857143,0.3504252232410666,0.7857142857142857,22,11,4,10,WeightedAverage,"weights={'GB_Accuracy_Prob': 1, 'Logistic_Prob': 0, 'RandomForest_Prob': 0, 'ExtraTrees_Prob': 0, 'SVC_RBF_Prob': 3}, threshold=0.25"
0.5714285714285714,0.6808510638297872,0.47619047619047616,0.7142857142857143,0.3504252232410666,0.779220779220779,22,11,4,10,WeightedAverage,"weights={'GB_Accuracy_Prob': 1, 'Logistic_Prob': 0, 'RandomForest_Prob': 0, 'ExtraTrees_Prob': 2, 'SVC_RBF_Prob': 1}, threshold=0.24"
0.5714285714285714,0.6808510638297872,0.47619047619047616,0.7142857142857143,0.3504252232410666,0.7792207792207793,22,11,4,10,WeightedAverage,"weights={'GB_Accuracy_Prob': 1, 'Logistic_Prob': 1, 'RandomForest_Prob': 0, 'ExtraTrees_Prob': 1, 'SVC_RBF_Prob': 3}, threshold=0.24"
0.5714285714285714,0.6808510638297872,0.47619047619047616,0.7142857142857143,0.3504252232410666,0.7662337662337662,22,11,4,10,WeightedAverage,"weights={'GB_Accuracy_Prob': 1, 'Logistic_Prob': 3, 'RandomForest_Prob': 0, 'ExtraTrees_Prob': 0, 'SVC_RBF_Prob': 3}, threshold=0.18"
0.5714285714285714,0.6808510638297872,0.47619047619047616,0.7142857142857143,0.3504252232410666,0.7705627705627707,22,11,4,10,WeightedAverage,"weights={'GB_Accuracy_Prob': 1, 'Logistic_Prob': 3, 'RandomForest_Prob': 0, 'ExtraTrees_Prob': 1, 'SVC_RBF_Prob': 0}, threshold=0.14"
0.5714285714285714,0.6808510638297872,0.47619047619047616,0.7142857142857143,0.3504252232410666,0.7943722943722944,22,11,4,10,WeightedAverage,"weights={'GB_Accuracy_Prob': 2, 'Logistic_Prob': 0, 'RandomForest_Prob': 0, 'ExtraTrees_Prob': 3, 'SVC_RBF_Prob': 0}, threshold=0.21"
0.5714285714285714,0.6170212765957447,0.42857142857142855,0.8571428571428571,0.34693781818815594,0.7640692640692641,17,16,2,12,AND_Logistic_RandomForest_Prob,Logistic>=0.01 AND RandomForest_Prob>=0.16
0.5714285714285714,0.6170212765957447,0.42857142857142855,0.8571428571428571,0.34693781818815594,0.7640692640692641,17,16,2,12,AND_Logistic_RandomForest_Prob,Logistic>=0.02 AND RandomForest_Prob>=0.15
0.5714285714285714,0.6170212765957447,0.42857142857142855,0.8571428571428571,0.34693781818815594,0.7640692640692641,17,16,2,12,OR_Logistic_RandomForest_Prob,Logistic>=0.04 OR RandomForest_Prob>=0.28
0.5714285714285714,0.6170212765957447,0.42857142857142855,0.8571428571428571,0.34693781818815594,0.7640692640692641,17,16,2,12,OR_Logistic_RandomForest_Prob,Logistic>=0.16 OR RandomForest_Prob>=0.25
0.5714285714285714,0.6170212765957447,0.42857142857142855,0.8571428571428571,0.34693781818815594,0.7640692640692641,17,16,2,12,AND_Logistic_ExtraTrees_Prob,Logistic>=0.02 AND ExtraTrees_Prob>=0.07
0.5714285714285714,0.6170212765957447,0.42857142857142855,0.8571428571428571,0.34693781818815594,0.7640692640692641,17,16,2,12,OR_Logistic_ExtraTrees_Prob,Logistic>=0.03 OR ExtraTrees_Prob>=0.33
0.5714285714285714,0.6170212765957447,0.42857142857142855,0.8571428571428571,0.34693781818815594,0.7640692640692641,17,16,2,12,OR_Logistic_ExtraTrees_Prob,Logistic>=0.06 OR ExtraTrees_Prob>=0.30
0.5714285714285714,0.6170212765957447,0.42857142857142855,0.8571428571428571,0.34693781818815594,0.7640692640692641,17,16,2,12,OR_Logistic_ExtraTrees_Prob,Logistic>=0.09 OR ExtraTrees_Prob>=0.29
0.5714285714285714,0.6170212765957447,0.42857142857142855,0.8571428571428571,0.34693781818815594,0.7662337662337662,17,16,2,12,OR_Logistic_SVC_RBF_Prob,Logistic>=0.09 OR SVC_RBF_Prob>=0.27
0.5714285714285714,0.6170212765957447,0.42857142857142855,0.8571428571428571,0.34693781818815594,0.7705627705627706,17,16,2,12,AND_Logistic_GB_Accuracy_Prob,Logistic>=0.01 AND GB_Accuracy_Prob>=0.03
0.5714285714285714,0.6170212765957447,0.42857142857142855,0.8571428571428571,0.34693781818815594,0.7705627705627706,17,16,2,12,OR_Logistic_GB_Accuracy_Prob,Logistic>=0.03 OR GB_Accuracy_Prob>=0.39
0.5714285714285714,0.6170212765957447,0.42857142857142855,0.8571428571428571,0.34693781818815594,0.7705627705627706,17,16,2,12,OR_Logistic_GB_Accuracy_Prob,Logistic>=0.04 OR GB_Accuracy_Prob>=0.09
0.5714285714285714,0.6170212765957447,0.42857142857142855,0.8571428571428571,0.34693781818815594,0.7662337662337662,17,16,2,12,WeightedAverage,"weights={'GB_Accuracy_Prob': 0, 'Logistic_Prob': 1, 'RandomForest_Prob': 0, 'ExtraTrees_Prob': 0, 'SVC_RBF_Prob': 1}, threshold=0.15"
0.5714285714285714,0.6170212765957447,0.42857142857142855,0.8571428571428571,0.34693781818815594,0.7640692640692641,17,16,2,12,WeightedAverage,"weights={'GB_Accuracy_Prob': 0, 'Logistic_Prob': 1, 'RandomForest_Prob': 0, 'ExtraTrees_Prob': 1, 'SVC_RBF_Prob': 0}, threshold=0.15"
0.5714285714285714,0.6170212765957447,0.42857142857142855,0.8571428571428571,0.34693781818815594,0.7575757575757577,17,16,2,12,WeightedAverage,"weights={'GB_Accuracy_Prob': 0, 'Logistic_Prob': 1, 'RandomForest_Prob': 2, 'ExtraTrees_Prob': 0, 'SVC_RBF_Prob': 1}, threshold=0.20"
0.5714285714285714,0.6170212765957447,0.42857142857142855,0.8571428571428571,0.34693781818815594,0.7532467532467533,17,16,2,12,WeightedAverage,"weights={'GB_Accuracy_Prob': 0, 'Logistic_Prob': 1, 'RandomForest_Prob': 3, 'ExtraTrees_Prob': 0, 'SVC_RBF_Prob': 1}, threshold=0.21"
0.5714285714285714,0.6170212765957447,0.42857142857142855,0.8571428571428571,0.34693781818815594,0.7748917748917749,17,16,2,12,WeightedAverage,"weights={'GB_Accuracy_Prob': 0, 'Logistic_Prob': 2, 'RandomForest_Prob': 0, 'ExtraTrees_Prob': 1, 'SVC_RBF_Prob': 2}, threshold=0.17"
0.5714285714285714,0.6170212765957447,0.42857142857142855,0.8571428571428571,0.34693781818815594,0.7662337662337663,17,16,2,12,WeightedAverage,"weights={'GB_Accuracy_Prob': 0, 'Logistic_Prob': 2, 'RandomForest_Prob': 1, 'ExtraTrees_Prob': 0, 'SVC_RBF_Prob': 1}, threshold=0.14"
0.5714285714285714,0.6170212765957447,0.42857142857142855,0.8571428571428571,0.34693781818815594,0.7662337662337663,17,16,2,12,WeightedAverage,"weights={'GB_Accuracy_Prob': 0, 'Logistic_Prob': 3, 'RandomForest_Prob': 3, 'ExtraTrees_Prob': 1, 'SVC_RBF_Prob': 1}, threshold=0.17"
0.5714285714285714,0.6170212765957447,0.42857142857142855,0.8571428571428571,0.34693781818815594,0.7943722943722944,17,16,2,12,WeightedAverage,"weights={'GB_Accuracy_Prob': 1, 'Logistic_Prob': 0, 'RandomForest_Prob': 0, 'ExtraTrees_Prob': 0, 'SVC_RBF_Prob': 1}, threshold=0.17"
0.5714285714285714,0.6170212765957447,0.42857142857142855,0.8571428571428571,0.34693781818815594,0.7922077922077922,17,16,2,12,WeightedAverage,"weights={'GB_Accuracy_Prob': 1, 'Logistic_Prob': 0, 'RandomForest_Prob': 2, 'ExtraTrees_Prob': 0, 'SVC_RBF_Prob': 0}, threshold=0.18"
0.5714285714285714,0.6170212765957447,0.42857142857142855,0.8571428571428571,0.34693781818815594,0.7943722943722945,17,16,2,12,WeightedAverage,"weights={'GB_Accuracy_Prob': 1, 'Logistic_Prob': 0, 'RandomForest_Prob': 2, 'ExtraTrees_Prob': 0, 'SVC_RBF_Prob': 1}, threshold=0.20"
0.5714285714285714,0.6170212765957447,0.42857142857142855,0.8571428571428571,0.34693781818815594,0.7965367965367965,17,16,2,12,WeightedAverage,"weights={'GB_Accuracy_Prob': 1, 'Logistic_Prob': 0, 'RandomForest_Prob': 2, 'ExtraTrees_Prob': 1, 'SVC_RBF_Prob': 1}, threshold=0.21"
0.5714285714285714,0.6170212765957447,0.42857142857142855,0.8571428571428571,0.34693781818815594,0.7705627705627706,17,16,2,12,WeightedAverage,"weights={'GB_Accuracy_Prob': 1, 'Logistic_Prob': 1, 'RandomForest_Prob': 0, 'ExtraTrees_Prob': 0, 'SVC_RBF_Prob': 0}, threshold=0.05"
0.5714285714285714,0.6170212765957447,0.42857142857142855,0.8571428571428571,0.34693781818815594,0.79004329004329,17,16,2,12,WeightedAverage,"weights={'GB_Accuracy_Prob': 1, 'Logistic_Prob': 1, 'RandomForest_Prob': 1, 'ExtraTrees_Prob': 0, 'SVC_RBF_Prob': 0}, threshold=0.12"
0.5714285714285714,0.6170212765957447,0.42857142857142855,0.8571428571428571,0.34693781818815594,0.7835497835497836,17,16,2,12,WeightedAverage,"weights={'GB_Accuracy_Prob': 1, 'Logistic_Prob': 1, 'RandomForest_Prob': 2, 'ExtraTrees_Prob': 0, 'SVC_RBF_Prob': 0}, threshold=0.15"
0.5714285714285714,0.6170212765957447,0.42857142857142855,0.8571428571428571,0.34693781818815594,0.7727272727272727,17,16,2,12,WeightedAverage,"weights={'GB_Accuracy_Prob': 1, 'Logistic_Prob': 1, 'RandomForest_Prob': 3, 'ExtraTrees_Prob': 1, 'SVC_RBF_Prob': 0}, threshold=0.18"
0.5714285714285714,0.6170212765957447,0.42857142857142855,0.8571428571428571,0.34693781818815594,0.777056277056277,17,16,2,12,WeightedAverage,"weights={'GB_Accuracy_Prob': 1, 'Logistic_Prob': 2, 'RandomForest_Prob': 0, 'ExtraTrees_Prob': 0, 'SVC_RBF_Prob': 2}, threshold=0.15"
0.5714285714285714,0.6170212765957447,0.42857142857142855,0.8571428571428571,0.34693781818815594,0.7792207792207793,17,16,2,12,WeightedAverage,"weights={'GB_Accuracy_Prob': 1, 'Logistic_Prob': 2, 'RandomForest_Prob': 0, 'ExtraTrees_Prob': 1, 'SVC_RBF_Prob': 0}, threshold=0.10"
0.5714285714285714,0.6170212765957447,0.42857142857142855,0.8571428571428571,0.34693781818815594,0.7792207792207791,17,16,2,12,WeightedAverage,"weights={'GB_Accuracy_Prob': 1, 'Logistic_Prob': 2, 'RandomForest_Prob': 0, 'ExtraTrees_Prob': 2, 'SVC_RBF_Prob': 0}, threshold=0.13"
0.5714285714285714,0.6170212765957447,0.42857142857142855,0.8571428571428571,0.34693781818815594,0.7770562770562771,17,16,2,12,WeightedAverage,"weights={'GB_Accuracy_Prob': 1, 'Logistic_Prob': 2, 'RandomForest_Prob': 1, 'ExtraTrees_Prob': 0, 'SVC_RBF_Prob': 2}, threshold=0.16"
0.5714285714285714,0.6170212765957447,0.42857142857142855,0.8571428571428571,0.34693781818815594,0.7683982683982684,17,16,2,12,WeightedAverage,"weights={'GB_Accuracy_Prob': 1, 'Logistic_Prob': 3, 'RandomForest_Prob': 0, 'ExtraTrees_Prob': 1, 'SVC_RBF_Prob': 1}, threshold=0.12"
0.5714285714285714,0.6170212765957447,0.42857142857142855,0.8571428571428571,0.34693781818815594,0.7792207792207793,17,16,2,12,WeightedAverage,"weights={'GB_Accuracy_Prob': 1, 'Logistic_Prob': 3, 'RandomForest_Prob': 0, 'ExtraTrees_Prob': 2, 'SVC_RBF_Prob': 1}, threshold=0.14"
0.5714285714285714,0.6170212765957447,0.42857142857142855,0.8571428571428571,0.34693781818815594,0.8138528138528138,17,16,2,12,WeightedAverage,"weights={'GB_Accuracy_Prob': 2, 'Logistic_Prob': 0, 'RandomForest_Prob': 1, 'ExtraTrees_Prob': 0, 'SVC_RBF_Prob': 0}, threshold=0.13"
0.5714285714285714,0.6170212765957447,0.42857142857142855,0.8571428571428571,0.34693781818815594,0.79004329004329,17,16,2,12,WeightedAverage,"weights={'GB_Accuracy_Prob': 2, 'Logistic_Prob': 0, 'RandomForest_Prob': 3, 'ExtraTrees_Prob': 3, 'SVC_RBF_Prob': 0}, threshold=0.20"
0.5714285714285714,0.6170212765957447,0.42857142857142855,0.8571428571428571,0.34693781818815594,0.7878787878787878,17,16,2,12,WeightedAverage,"weights={'GB_Accuracy_Prob': 2, 'Logistic_Prob': 1, 'RandomForest_Prob': 0, 'ExtraTrees_Prob': 1, 'SVC_RBF_Prob': 2}, threshold=0.16"
0.5714285714285714,0.6170212765957447,0.42857142857142855,0.8571428571428571,0.34693781818815594,0.7900432900432901,17,16,2,12,WeightedAverage,"weights={'GB_Accuracy_Prob': 2, 'Logistic_Prob': 1, 'RandomForest_Prob': 1, 'ExtraTrees_Prob': 0, 'SVC_RBF_Prob': 3}, threshold=0.18"
0.5714285714285714,0.6170212765957447,0.42857142857142855,0.8571428571428571,0.34693781818815594,0.787878787878788,17,16,2,12,WeightedAverage,"weights={'GB_Accuracy_Prob': 2, 'Logistic_Prob': 1, 'RandomForest_Prob': 3, 'ExtraTrees_Prob': 0, 'SVC_RBF_Prob': 0}, threshold=0.15"
0.5714285714285714,0.6170212765957447,0.42857142857142855,0.8571428571428571,0.34693781818815594,0.7943722943722944,17,16,2,12,WeightedAverage,"weights={'GB_Accuracy_Prob': 2, 'Logistic_Prob': 2, 'RandomForest_Prob': 1, 'ExtraTrees_Prob': 0, 'SVC_RBF_Prob': 2}, threshold=0.15"
0.5714285714285714,0.6170212765957447,0.42857142857142855,0.8571428571428571,0.34693781818815594,0.8138528138528138,17,16,2,12,WeightedAverage,"weights={'GB_Accuracy_Prob': 3, 'Logistic_Prob': 0, 'RandomForest_Prob': 1, 'ExtraTrees_Prob': 0, 'SVC_RBF_Prob': 0}, threshold=0.11"
0.5714285714285714,0.6170212765957447,0.42857142857142855,0.8571428571428571,0.34693781818815594,0.8008658008658008,17,16,2,12,WeightedAverage,"weights={'GB_Accuracy_Prob': 3, 'Logistic_Prob': 0, 'RandomForest_Prob': 1, 'ExtraTrees_Prob': 0, 'SVC_RBF_Prob': 3}, threshold=0.18"
0.5714285714285714,0.6170212765957447,0.42857142857142855,0.8571428571428571,0.34693781818815594,0.7922077922077922,17,16,2,12,WeightedAverage,"weights={'GB_Accuracy_Prob': 3, 'Logistic_Prob': 2, 'RandomForest_Prob': 3, 'ExtraTrees_Prob': 0, 'SVC_RBF_Prob': 0}, threshold=0.13"
0.5652173913043478,0.574468085106383,0.40625,0.9285714285714286,0.3461353841847207,0.7640692640692641,14,19,1,13,OR_Logistic_RandomForest_Prob,Logistic>=0.04 OR RandomForest_Prob>=0.25
0.5652173913043478,0.574468085106383,0.40625,0.9285714285714286,0.3461353841847207,0.7640692640692641,14,19,1,13,OR_Logistic_RandomForest_Prob,Logistic>=0.09 OR RandomForest_Prob>=0.23
0.5652173913043478,0.574468085106383,0.40625,0.9285714285714286,0.3461353841847207,0.7640692640692641,14,19,1,13,OR_Logistic_ExtraTrees_Prob,Logistic>=0.04 OR ExtraTrees_Prob>=0.24
0.5652173913043478,0.574468085106383,0.40625,0.9285714285714286,0.3461353841847207,0.7640692640692641,14,19,1,13,OR_Logistic_ExtraTrees_Prob,Logistic>=0.09 OR ExtraTrees_Prob>=0.23
0.5652173913043478,0.574468085106383,0.40625,0.9285714285714286,0.3461353841847207,0.761904761904762,14,19,1,13,WeightedAverage,"weights={'GB_Accuracy_Prob': 0, 'Logistic_Prob': 1, 'RandomForest_Prob': 0, 'ExtraTrees_Prob': 1, 'SVC_RBF_Prob': 1}, threshold=0.17"
0.5652173913043478,0.574468085106383,0.40625,0.9285714285714286,0.3461353841847207,0.7640692640692641,14,19,1,13,WeightedAverage,"weights={'GB_Accuracy_Prob': 0, 'Logistic_Prob': 1, 'RandomForest_Prob': 1, 'ExtraTrees_Prob': 0, 'SVC_RBF_Prob': 0}, threshold=0.13"
0.5652173913043478,0.574468085106383,0.40625,0.9285714285714286,0.3461353841847207,0.7532467532467533,14,19,1,13,WeightedAverage,"weights={'GB_Accuracy_Prob': 0, 'Logistic_Prob': 1, 'RandomForest_Prob': 1, 'ExtraTrees_Prob': 1, 'SVC_RBF_Prob': 2}, threshold=0.20"
0.5652173913043478,0.574468085106383,0.40625,0.9285714285714286,0.3461353841847207,0.7705627705627706,14,19,1,13,WeightedAverage,"weights={'GB_Accuracy_Prob': 0, 'Logistic_Prob': 2, 'RandomForest_Prob': 1, 'ExtraTrees_Prob': 0, 'SVC_RBF_Prob': 2}, threshold=0.16"
0.5652173913043478,0.574468085106383,0.40625,0.9285714285714286,0.3461353841847207,0.7705627705627706,14,19,1,13,WeightedAverage,"weights={'GB_Accuracy_Prob': 0, 'Logistic_Prob': 2, 'RandomForest_Prob': 1, 'ExtraTrees_Prob': 1, 'SVC_RBF_Prob': 1}, threshold=0.15"
0.5652173913043478,0.574468085106383,0.40625,0.9285714285714286,0.3461353841847207,0.7662337662337663,14,19,1,13,WeightedAverage,"weights={'GB_Accuracy_Prob': 0, 'Logistic_Prob': 2, 'RandomForest_Prob': 1, 'ExtraTrees_Prob': 1, 'SVC_RBF_Prob': 2}, threshold=0.17"
0.5652173913043478,0.574468085106383,0.40625,0.9285714285714286,0.3461353841847207,0.7640692640692641,14,19,1,13,WeightedAverage,"weights={'GB_Accuracy_Prob': 0, 'Logistic_Prob': 2, 'RandomForest_Prob': 2, 'ExtraTrees_Prob': 0, 'SVC_RBF_Prob': 3}, threshold=0.19"
0.5652173913043478,0.574468085106383,0.40625,0.9285714285714286,0.3461353841847207,0.7489177489177489,14,19,1,13,WeightedAverage,"weights={'GB_Accuracy_Prob': 0, 'Logistic_Prob': 2, 'RandomForest_Prob': 3, 'ExtraTrees_Prob': 2, 'SVC_RBF_Prob': 1}, threshold=0.18"
0.5652173913043478,0.574468085106383,0.40625,0.9285714285714286,0.3461353841847207,0.7575757575757576,14,19,1,13,WeightedAverage,"weights={'GB_Accuracy_Prob': 0, 'Logistic_Prob': 3, 'RandomForest_Prob': 1, 'ExtraTrees_Prob': 0, 'SVC_RBF_Prob': 0}, threshold=0.07"
0.5652173913043478,0.574468085106383,0.40625,0.9285714285714286,0.3461353841847207,0.7705627705627706,14,19,1,13,WeightedAverage,"weights={'GB_Accuracy_Prob': 0, 'Logistic_Prob': 3, 'RandomForest_Prob': 2, 'ExtraTrees_Prob': 0, 'SVC_RBF_Prob': 0}, threshold=0.11"
0.5652173913043478,0.574468085106383,0.40625,0.9285714285714286,0.3461353841847207,0.7922077922077922,14,19,1,13,WeightedAverage,"weights={'GB_Accuracy_Prob': 1, 'Logistic_Prob': 0, 'RandomForest_Prob': 2, 'ExtraTrees_Prob': 0, 'SVC_RBF_Prob': 0}, threshold=0.16"
0.5652173913043478,0.574468085106383,0.40625,0.9285714285714286,0.3461353841847207,0.7813852813852814,14,19,1,13,WeightedAverage,"weights={'GB_Accuracy_Prob': 1, 'Logistic_Prob': 0, 'RandomForest_Prob': 3, 'ExtraTrees_Prob': 0, 'SVC_RBF_Prob': 0}, threshold=0.17"
0.5652173913043478,0.574468085106383,0.40625,0.9285714285714286,0.3461353841847207,0.7770562770562771,14,19,1,13,WeightedAverage,"weights={'GB_Accuracy_Prob': 1, 'Logistic_Prob': 1, 'RandomForest_Prob': 2, 'ExtraTrees_Prob': 0, 'SVC_RBF_Prob': 1}, threshold=0.16"
0.5652173913043478,0.574468085106383,0.40625,0.9285714285714286,0.3461353841847207,0.7748917748917749,14,19,1,13,WeightedAverage,"weights={'GB_Accuracy_Prob': 1, 'Logistic_Prob': 2, 'RandomForest_Prob': 2, 'ExtraTrees_Prob': 0, 'SVC_RBF_Prob': 1}, threshold=0.14"
0.5652173913043478,0.574468085106383,0.40625,0.9285714285714286,0.3461353841847207,0.7813852813852814,14,19,1,13,WeightedAverage,"weights={'GB_Accuracy_Prob': 1, 'Logistic_Prob': 3, 'RandomForest_Prob': 3, 'ExtraTrees_Prob': 0, 'SVC_RBF_Prob': 0}, threshold=0.12"
0.5652173913043478,0.574468085106383,0.40625,0.9285714285714286,0.3461353841847207,0.8073593073593074,14,19,1,13,WeightedAverage,"weights={'GB_Accuracy_Prob': 3, 'Logistic_Prob': 0, 'RandomForest_Prob': 2, 'ExtraTrees_Prob': 0, 'SVC_RBF_Prob': 1}, threshold=0.14"
0.5641025641025641,0.6382978723404256,0.44,0.7857142857142857,0.33129443335827935,0.7640692640692641,19,14,3,11,AND_Logistic_RandomForest_Prob,Logistic>=0.02 AND RandomForest_Prob>=0.21
0.5641025641025641,0.6382978723404256,0.44,0.7857142857142857,0.33129443335827935,0.7640692640692641,19,14,3,11,OR_Logistic_RandomForest_Prob,Logistic>=0.22 OR RandomForest_Prob>=0.27
0.5641025641025641,0.6382978723404256,0.44,0.7857142857142857,0.33129443335827935,0.7640692640692641,19,14,3,11,AND_Logistic_ExtraTrees_Prob,Logistic>=0.02 AND ExtraTrees_Prob>=0.18
0.5641025641025641,0.6382978723404256,0.44,0.7857142857142857,0.33129443335827935,0.7640692640692641,19,14,3,11,OR_Logistic_ExtraTrees_Prob,Logistic>=0.13 OR ExtraTrees_Prob>=0.30
0.5641025641025641,0.6382978723404256,0.44,0.7857142857142857,0.33129443335827935,0.7640692640692641,19,14,3,11,OR_Logistic_ExtraTrees_Prob,Logistic>=0.16 OR ExtraTrees_Prob>=0.29
0.5641025641025641,0.6382978723404256,0.44,0.7857142857142857,0.33129443335827935,0.7705627705627706,19,14,3,11,OR_Logistic_GB_Accuracy_Prob,Logistic>=0.07 OR GB_Accuracy_Prob>=0.21
0.5641025641025641,0.6382978723404256,0.44,0.7857142857142857,0.33129443335827935,0.7705627705627706,19,14,3,11,OR_Logistic_GB_Accuracy_Prob,Logistic>=0.09 OR GB_Accuracy_Prob>=0.09
0.5641025641025641,0.6382978723404256,0.44,0.7857142857142857,0.33129443335827935,0.7705627705627706,19,14,3,11,OR_Logistic_GB_Accuracy_Prob,Logistic>=0.16 OR GB_Accuracy_Prob>=0.08
0.5641025641025641,0.6382978723404256,0.44,0.7857142857142857,0.33129443335827935,0.751082251082251,19,14,3,11,WeightedAverage,"weights={'GB_Accuracy_Prob': 0, 'Logistic_Prob': 1, 'RandomForest_Prob': 0, 'ExtraTrees_Prob': 1, 'SVC_RBF_Prob': 3}, threshold=0.23"
0.5641025641025641,0.6382978723404256,0.44,0.7857142857142857,0.33129443335827935,0.761904761904762,19,14,3,11,WeightedAverage,"weights={'GB_Accuracy_Prob': 0, 'Logistic_Prob': 1, 'RandomForest_Prob': 1, 'ExtraTrees_Prob': 0, 'SVC_RBF_Prob': 1}, threshold=0.20"
0.5641025641025641,0.6382978723404256,0.44,0.7857142857142857,0.33129443335827935,0.7532467532467533,19,14,3,11,WeightedAverage,"weights={'GB_Accuracy_Prob': 0, 'Logistic_Prob': 1, 'RandomForest_Prob': 1, 'ExtraTrees_Prob': 1, 'SVC_RBF_Prob': 0}, threshold=0.20"
0.5641025641025641,0.6382978723404256,0.44,0.7857142857142857,0.33129443335827935,0.7597402597402597,19,14,3,11,WeightedAverage,"weights={'GB_Accuracy_Prob': 0, 'Logistic_Prob': 1, 'RandomForest_Prob': 2, 'ExtraTrees_Prob': 0, 'SVC_RBF_Prob': 0}, threshold=0.19"
0.5641025641025641,0.6382978723404256,0.44,0.7857142857142857,0.33129443335827935,0.7554112554112554,19,14,3,11,WeightedAverage,"weights={'GB_Accuracy_Prob': 0, 'Logistic_Prob': 1, 'RandomForest_Prob': 2, 'ExtraTrees_Prob': 0, 'SVC_RBF_Prob': 2}, threshold=0.22"
0.5641025641025641,0.6382978723404256,0.44,0.7857142857142857,0.33129443335827935,0.7532467532467533,19,14,3,11,WeightedAverage,"weights={'GB_Accuracy_Prob': 0, 'Logistic_Prob': 1, 'RandomForest_Prob': 3, 'ExtraTrees_Prob': 0, 'SVC_RBF_Prob': 1}, threshold=0.22"
0.5641025641025641,0.6382978723404256,0.44,0.7857142857142857,0.33129443335827935,0.7640692640692641,19,14,3,11,WeightedAverage,"weights={'GB_Accuracy_Prob': 0, 'Logistic_Prob': 3, 'RandomForest_Prob': 0, 'ExtraTrees_Prob': 3, 'SVC_RBF_Prob': 2}, threshold=0.19"
0.5641025641025641,0.6382978723404256,0.44,0.7857142857142857,0.33129443335827935,0.7943722943722944,19,14,3,11,WeightedAverage,"weights={'GB_Accuracy_Prob': 1, 'Logistic_Prob': 0, 'RandomForest_Prob': 0, 'ExtraTrees_Prob': 0, 'SVC_RBF_Prob': 2}, threshold=0.21"
0.5641025641025641,0.6382978723404256,0.44,0.7857142857142857,0.33129443335827935,0.7857142857142857,19,14,3,11,WeightedAverage,"weights={'GB_Accuracy_Prob': 1, 'Logistic_Prob': 0, 'RandomForest_Prob': 0, 'ExtraTrees_Prob': 1, 'SVC_RBF_Prob': 3}, threshold=0.23"
0.5641025641025641,0.6382978723404256,0.44,0.7857142857142857,0.33129443335827935,0.8051948051948051,19,14,3,11,WeightedAverage,"weights={'GB_Accuracy_Prob': 1, 'Logistic_Prob': 0, 'RandomForest_Prob': 1, 'ExtraTrees_Prob': 0, 'SVC_RBF_Prob': 0}, threshold=0.17"
0.5641025641025641,0.6382978723404256,0.44,0.7857142857142857,0.33129443335827935,0.8051948051948052,19,14,3,11,WeightedAverage,"weights={'GB_Accuracy_Prob': 1, 'Logistic_Prob': 0, 'RandomForest_Prob': 1, 'ExtraTrees_Prob': 0, 'SVC_RBF_Prob': 1}, threshold=0.20"
0.5641025641025641,0.6382978723404256,0.44,0.7857142857142857,0.33129443335827935,0.7943722943722945,19,14,3,11,WeightedAverage,"weights={'GB_Accuracy_Prob': 1, 'Logistic_Prob': 0, 'RandomForest_Prob': 2, 'ExtraTrees_Prob': 0, 'SVC_RBF_Prob': 1}, threshold=0.21"
0.5641025641025641,0.6382978723404256,0.44,0.7857142857142857,0.33129443335827935,0.79004329004329,19,14,3,11,WeightedAverage,"weights={'GB_Accuracy_Prob': 1, 'Logistic_Prob': 0, 'RandomForest_Prob': 2, 'ExtraTrees_Prob': 0, 'SVC_RBF_Prob': 3}, threshold=0.23"
0.5641025641025641,0.6382978723404256,0.44,0.7857142857142857,0.33129443335827935,0.7813852813852814,19,14,3,11,WeightedAverage,"weights={'GB_Accuracy_Prob': 1, 'Logistic_Prob': 1, 'RandomForest_Prob': 0, 'ExtraTrees_Prob': 0, 'SVC_RBF_Prob': 1}, threshold=0.15"
0.5641025641025641,0.6382978723404256,0.44,0.7857142857142857,0.33129443335827935,0.7835497835497836,19,14,3,11,WeightedAverage,"weights={'GB_Accuracy_Prob': 1, 'Logistic_Prob': 1, 'RandomForest_Prob': 0, 'ExtraTrees_Prob': 0, 'SVC_RBF_Prob': 3}, threshold=0.20"
0.5641025641025641,0.6382978723404256,0.44,0.7857142857142857,0.33129443335827935,0.7878787878787878,19,14,3,11,WeightedAverage,"weights={'GB_Accuracy_Prob': 1, 'Logistic_Prob': 1, 'RandomForest_Prob': 0, 'ExtraTrees_Prob': 1, 'SVC_RBF_Prob': 0}, threshold=0.14"
0.5641025641025641,0.6382978723404256,0.44,0.7857142857142857,0.33129443335827935,0.7835497835497836,19,14,3,11,WeightedAverage,"weights={'GB_Accuracy_Prob': 1, 'Logistic_Prob': 1, 'RandomForest_Prob': 1, 'ExtraTrees_Prob': 0, 'SVC_RBF_Prob': 2}, threshold=0.19"
0.5641025641025641,0.6382978723404256,0.44,0.7857142857142857,0.33129443335827935,0.7835497835497836,19,14,3,11,WeightedAverage,"weights={'GB_Accuracy_Prob': 1, 'Logistic_Prob': 1, 'RandomForest_Prob': 1, 'ExtraTrees_Prob': 2, 'SVC_RBF_Prob': 1}, threshold=0.20"
0.5641025641025641,0.6382978723404256,0.44,0.7857142857142857,0.33129443335827935,0.7727272727272728,19,14,3,11,WeightedAverage,"weights={'GB_Accuracy_Prob': 1, 'Logistic_Prob': 2, 'RandomForest_Prob': 3, 'ExtraTrees_Prob': 0, 'SVC_RBF_Prob': 0}, threshold=0.16"
0.5641025641025641,0.6382978723404256,0.44,0.7857142857142857,0.33129443335827935,0.7705627705627706,19,14,3,11,WeightedAverage,"weights={'GB_Accuracy_Prob': 1, 'Logistic_Prob': 3, 'RandomForest_Prob': 1, 'ExtraTrees_Prob': 0, 'SVC_RBF_Prob': 3}, threshold=0.18"
0.5641025641025641,0.6382978723404256,0.44,0.7857142857142857,0.33129443335827935,0.7943722943722944,19,14,3,11,WeightedAverage,"weights={'GB_Accuracy_Prob': 2, 'Logistic_Prob': 0, 'RandomForest_Prob': 0, 'ExtraTrees_Prob': 2, 'SVC_RBF_Prob': 1}, threshold=0.19"
0.5641025641025641,0.6382978723404256,0.44,0.7857142857142857,0.33129443335827935,0.7943722943722944,19,14,3,11,WeightedAverage,"weights={'GB_Accuracy_Prob': 2, 'Logistic_Prob': 0, 'RandomForest_Prob': 0, 'ExtraTrees_Prob': 3, 'SVC_RBF_Prob': 0}, threshold=0.19"
0.5641025641025641,0.6382978723404256,0.44,0.7857142857142857,0.33129443335827935,0.8030303030303031,19,14,3,11,WeightedAverage,"weights={'GB_Accuracy_Prob': 2, 'Logistic_Prob': 0, 'RandomForest_Prob': 3, 'ExtraTrees_Prob': 0, 'SVC_RBF_Prob': 0}, threshold=0.18"
0.5641025641025641,0.6382978723404256,0.44,0.7857142857142857,0.33129443335827935,0.787878787878788,19,14,3,11,WeightedAverage,"weights={'GB_Accuracy_Prob': 2, 'Logistic_Prob': 1, 'RandomForest_Prob': 3, 'ExtraTrees_Prob': 0, 'SVC_RBF_Prob': 0}, threshold=0.16"
0.5641025641025641,0.6382978723404256,0.44,0.7857142857142857,0.33129443335827935,0.7878787878787878,19,14,3,11,WeightedAverage,"weights={'GB_Accuracy_Prob': 3, 'Logistic_Prob': 0, 'RandomForest_Prob': 0, 'ExtraTrees_Prob': 0, 'SVC_RBF_Prob': 1}, threshold=0.12"
0.5641025641025641,0.6382978723404256,0.44,0.7857142857142857,0.33129443335827935,0.7878787878787878,19,14,3,11,WeightedAverage,"weights={'GB_Accuracy_Prob': 3, 'Logistic_Prob': 1, 'RandomForest_Prob': 0, 'ExtraTrees_Prob': 0, 'SVC_RBF_Prob': 2}, threshold=0.14"
0.5641025641025641,0.6382978723404256,0.44,0.7857142857142857,0.33129443335827935,0.7922077922077921,19,14,3,11,WeightedAverage,"weights={'GB_Accuracy_Prob': 3, 'Logistic_Prob': 1, 'RandomForest_Prob': 0, 'ExtraTrees_Prob': 2, 'SVC_RBF_Prob': 2}, threshold=0.17"
0.5641025641025641,0.6382978723404256,0.44,0.7857142857142857,0.33129443335827935,0.79004329004329,19,14,3,11,WeightedAverage,"weights={'GB_Accuracy_Prob': 3, 'Logistic_Prob': 2, 'RandomForest_Prob': 1, 'ExtraTrees_Prob': 1, 'SVC_RBF_Prob': 3}, threshold=0.17"
0.5625000000000001,0.7021276595744681,0.5,0.6428571428571429,0.3482089031241985,0.7294372294372294,24,9,5,9,SVC_RBF_Prob,SVC_RBF_Prob>=0.29
0.5625000000000001,0.7021276595744681,0.5,0.6428571428571429,0.3482089031241985,0.7640692640692641,24,9,5,9,AND_Logistic_RandomForest_Prob,Logistic>=0.01 AND RandomForest_Prob>=0.27
0.5625000000000001,0.7021276595744681,0.5,0.6428571428571429,0.3482089031241985,0.7640692640692641,24,9,5,9,OR_Logistic_RandomForest_Prob,Logistic>=0.60 OR RandomForest_Prob>=0.33
0.5625000000000001,0.7021276595744681,0.5,0.6428571428571429,0.3482089031241985,0.7640692640692641,24,9,5,9,AND_Logistic_ExtraTrees_Prob,Logistic>=0.06 AND ExtraTrees_Prob>=0.25
0.5625000000000001,0.7021276595744681,0.5,0.6428571428571429,0.3482089031241985,0.7640692640692641,24,9,5,9,AND_Logistic_ExtraTrees_Prob,Logistic>=0.09 AND ExtraTrees_Prob>=0.20
0.5625000000000001,0.7021276595744681,0.5,0.6428571428571429,0.3482089031241985,0.7640692640692641,24,9,5,9,OR_Logistic_ExtraTrees_Prob,Logistic>=0.28 OR ExtraTrees_Prob>=0.33
0.5625000000000001,0.7021276595744681,0.5,0.6428571428571429,0.3482089031241985,0.7640692640692641,24,9,5,9,OR_Logistic_ExtraTrees_Prob,Logistic>=0.60 OR ExtraTrees_Prob>=0.32
0.5625000000000001,0.7021276595744681,0.5,0.6428571428571429,0.3482089031241985,0.7662337662337662,24,9,5,9,OR_Logistic_SVC_RBF_Prob,Logistic>=0.22 OR SVC_RBF_Prob>=0.31
0.5625000000000001,0.7021276595744681,0.5,0.6428571428571429,0.3482089031241985,0.7705627705627706,24,9,5,9,OR_Logistic_GB_Accuracy_Prob,Logistic>=0.22 OR GB_Accuracy_Prob>=0.39
0.5625000000000001,0.7021276595744681,0.5,0.6428571428571429,0.3482089031241985,0.7705627705627706,24,9,5,9,OR_Logistic_GB_Accuracy_Prob,Logistic>=0.60 OR GB_Accuracy_Prob>=0.32
0.5625000000000001,0.7021276595744681,0.5,0.6428571428571429,0.3482089031241985,0.7705627705627706,24,9,5,9,OR_Logistic_GB_Accuracy_Prob,Logistic>=0.63 OR GB_Accuracy_Prob>=0.27
0.5625000000000001,0.7021276595744681,0.5,0.6428571428571429,0.3482089031241985,0.722943722943723,24,9,5,9,WeightedAverage,"weights={'GB_Accuracy_Prob': 0, 'Logistic_Prob': 0, 'RandomForest_Prob': 2, 'ExtraTrees_Prob': 1, 'SVC_RBF_Prob': 3}, threshold=0.30"
0.5625000000000001,0.7021276595744681,0.5,0.6428571428571429,0.3482089031241985,0.7965367965367965,24,9,5,9,WeightedAverage,"weights={'GB_Accuracy_Prob': 1, 'Logistic_Prob': 0, 'RandomForest_Prob': 0, 'ExtraTrees_Prob': 1, 'SVC_RBF_Prob': 0}, threshold=0.26"
0.5625000000000001,0.7021276595744681,0.5,0.6428571428571429,0.3482089031241985,0.7792207792207793,24,9,5,9,WeightedAverage,"weights={'GB_Accuracy_Prob': 2, 'Logistic_Prob': 1, 'RandomForest_Prob': 0, 'ExtraTrees_Prob': 3, 'SVC_RBF_Prob': 0}, threshold=0.27"
0.5625000000000001,0.7021276595744681,0.5,0.6428571428571429,0.3482089031241985,0.7857142857142857,24,9,5,9,WeightedAverage,"weights={'GB_Accuracy_Prob': 2, 'Logistic_Prob': 1, 'RandomForest_Prob': 2, 'ExtraTrees_Prob': 1, 'SVC_RBF_Prob': 0}, threshold=0.27"
0.56,0.7659574468085106,0.6363636363636364,0.5,0.4091376703540316,0.79004329004329,29,4,7,7,GB_Accuracy_Prob,GB_Accuracy_Prob>=0.35
0.56,0.7659574468085106,0.6363636363636364,0.5,0.4091376703540316,0.7640692640692641,29,4,7,7,AND_Logistic_RandomForest_Prob,Logistic>=0.63 AND RandomForest_Prob>=0.23
0.56,0.7659574468085106,0.6363636363636364,0.5,0.4091376703540316,0.7640692640692641,29,4,7,7,OR_Logistic_ExtraTrees_Prob,Logistic>=0.80 OR ExtraTrees_Prob>=0.40
0.56,0.7659574468085106,0.6363636363636364,0.5,0.4091376703540316,0.7662337662337662,29,4,7,7,AND_Logistic_SVC_RBF_Prob,Logistic>=0.60 AND SVC_RBF_Prob>=0.28
0.56,0.7659574468085106,0.6363636363636364,0.5,0.4091376703540316,0.7705627705627706,29,4,7,7,OR_Logistic_GB_Accuracy_Prob,Logistic>=0.80 OR GB_Accuracy_Prob>=0.75
0.56,0.7659574468085106,0.6363636363636364,0.5,0.4091376703540316,0.7705627705627706,29,4,7,7,OR_Logistic_GB_Accuracy_Prob,Logistic>=0.85 OR GB_Accuracy_Prob>=0.53
0.56,0.7659574468085106,0.6363636363636364,0.5,0.4091376703540316,0.7077922077922078,29,4,7,7,WeightedAverage,"weights={'GB_Accuracy_Prob': 0, 'Logistic_Prob': 0, 'RandomForest_Prob': 0, 'ExtraTrees_Prob': 1, 'SVC_RBF_Prob': 1}, threshold=0.33"
0.56,0.7659574468085106,0.6363636363636364,0.5,0.4091376703540316,0.7532467532467533,29,4,7,7,WeightedAverage,"weights={'GB_Accuracy_Prob': 0, 'Logistic_Prob': 0, 'RandomForest_Prob': 1, 'ExtraTrees_Prob': 0, 'SVC_RBF_Prob': 3}, threshold=0.31"
0.56,0.7659574468085106,0.6363636363636364,0.5,0.4091376703540316,0.8051948051948051,29,4,7,7,WeightedAverage,"weights={'GB_Accuracy_Prob': 1, 'Logistic_Prob': 0, 'RandomForest_Prob': 1, 'ExtraTrees_Prob': 0, 'SVC_RBF_Prob': 0}, threshold=0.36"
0.56,0.7659574468085106,0.6363636363636364,0.5,0.4091376703540316,0.7835497835497836,29,4,7,7,WeightedAverage,"weights={'GB_Accuracy_Prob': 1, 'Logistic_Prob': 0, 'RandomForest_Prob': 1, 'ExtraTrees_Prob': 2, 'SVC_RBF_Prob': 0}, threshold=0.38"
0.56,0.7659574468085106,0.6363636363636364,0.5,0.4091376703540316,0.7878787878787878,29,4,7,7,WeightedAverage,"weights={'GB_Accuracy_Prob': 1, 'Logistic_Prob': 0, 'RandomForest_Prob': 3, 'ExtraTrees_Prob': 0, 'SVC_RBF_Prob': 1}, threshold=0.36"
0.56,0.7659574468085106,0.6363636363636364,0.5,0.4091376703540316,0.7554112554112553,29,4,7,7,WeightedAverage,"weights={'GB_Accuracy_Prob': 1, 'Logistic_Prob': 0, 'RandomForest_Prob': 3, 'ExtraTrees_Prob': 3, 'SVC_RBF_Prob': 0}, threshold=0.37"
0.56,0.7659574468085106,0.6363636363636364,0.5,0.4091376703540316,0.7640692640692641,29,4,7,7,WeightedAverage,"weights={'GB_Accuracy_Prob': 1, 'Logistic_Prob': 1, 'RandomForest_Prob': 2, 'ExtraTrees_Prob': 3, 'SVC_RBF_Prob': 0}, threshold=0.42"
0.56,0.5319148936170213,0.3888888888888889,1.0,0.3600411499115478,0.7294372294372294,11,22,0,14,SVC_RBF_Prob,SVC_RBF_Prob>=0.25
0.5581395348837208,0.5957446808510638,0.41379310344827586,0.8571428571428571,0.3217368812492594,0.7640692640692641,16,17,2,12,AND_Logistic_RandomForest_Prob,Logistic>=0.01 AND RandomForest_Prob>=0.15
0.5581395348837208,0.5957446808510638,0.41379310344827586,0.8571428571428571,0.3217368812492594,0.7640692640692641,16,17,2,12,AND_Logistic_RandomForest_Prob,Logistic>=0.02 AND RandomForest_Prob>=0.13
0.5581395348837208,0.5957446808510638,0.41379310344827586,0.8571428571428571,0.3217368812492594,0.7640692640692641,16,17,2,12,OR_Logistic_RandomForest_Prob,Logistic>=0.03 OR RandomForest_Prob>=0.33
0.5581395348837208,0.5957446808510638,0.41379310344827586,0.8571428571428571,0.3217368812492594,0.7640692640692641,16,17,2,12,OR_Logistic_RandomForest_Prob,Logistic>=0.13 OR RandomForest_Prob>=0.25
0.5581395348837208,0.5957446808510638,0.41379310344827586,0.8571428571428571,0.3217368812492594,0.7640692640692641,16,17,2,12,OR_Logistic_RandomForest_Prob,Logistic>=0.16 OR RandomForest_Prob>=0.23
0.5581395348837208,0.5957446808510638,0.41379310344827586,0.8571428571428571,0.3217368812492594,0.7640692640692641,16,17,2,12,AND_Logistic_ExtraTrees_Prob,Logistic>=0.01 AND ExtraTrees_Prob>=0.07
0.5581395348837208,0.5957446808510638,0.41379310344827586,0.8571428571428571,0.3217368812492594,0.7640692640692641,16,17,2,12,OR_Logistic_ExtraTrees_Prob,Logistic>=0.03 OR ExtraTrees_Prob>=0.32
0.5581395348837208,0.5957446808510638,0.41379310344827586,0.8571428571428571,0.3217368812492594,0.7640692640692641,16,17,2,12,OR_Logistic_ExtraTrees_Prob,Logistic>=0.04 OR ExtraTrees_Prob>=0.30
0.5581395348837208,0.5957446808510638,0.41379310344827586,0.8571428571428571,0.3217368812492594,0.7640692640692641,16,17,2,12,OR_Logistic_ExtraTrees_Prob,Logistic>=0.06 OR ExtraTrees_Prob>=0.29
0.5581395348837208,0.5957446808510638,0.41379310344827586,0.8571428571428571,0.3217368812492594,0.7640692640692641,16,17,2,12,OR_Logistic_ExtraTrees_Prob,Logistic>=0.09 OR ExtraTrees_Prob>=0.27
0.5581395348837208,0.5957446808510638,0.41379310344827586,0.8571428571428571,0.3217368812492594,0.7662337662337662,16,17,2,12,OR_Logistic_SVC_RBF_Prob,Logistic>=0.03 OR SVC_RBF_Prob>=0.28
0.5581395348837208,0.5957446808510638,0.41379310344827586,0.8571428571428571,0.3217368812492594,0.7662337662337662,16,17,2,12,OR_Logistic_SVC_RBF_Prob,Logistic>=0.04 OR SVC_RBF_Prob>=0.27
0.5581395348837208,0.5957446808510638,0.41379310344827586,0.8571428571428571,0.3217368812492594,0.7705627705627706,16,17,2,12,AND_Logistic_GB_Accuracy_Prob,Logistic>=0.02 AND GB_Accuracy_Prob>=0.02
0.5581395348837208,0.5957446808510638,0.41379310344827586,0.8571428571428571,0.3217368812492594,0.7705627705627706,16,17,2,12,OR_Logistic_GB_Accuracy_Prob,Logistic>=0.03 OR GB_Accuracy_Prob>=0.32
0.5581395348837208,0.5957446808510638,0.41379310344827586,0.8571428571428571,0.3217368812492594,0.7705627705627706,16,17,2,12,OR_Logistic_GB_Accuracy_Prob,Logistic>=0.06 OR GB_Accuracy_Prob>=0.08
0.5581395348837208,0.5957446808510638,0.41379310344827586,0.8571428571428571,0.3217368812492594,0.761904761904762,16,17,2,12,WeightedAverage,"weights={'GB_Accuracy_Prob': 0, 'Logistic_Prob': 1, 'RandomForest_Prob': 0, 'ExtraTrees_Prob': 1, 'SVC_RBF_Prob': 1}, threshold=0.18"
0.5581395348837208,0.5957446808510638,0.41379310344827586,0.8571428571428571,0.3217368812492594,0.7424242424242424,16,17,2,12,WeightedAverage,"weights={'GB_Accuracy_Prob': 0, 'Logistic_Prob': 1, 'RandomForest_Prob': 1, 'ExtraTrees_Prob': 2, 'SVC_RBF_Prob': 2}, threshold=0.21"
0.5581395348837208,0.5957446808510638,0.41379310344827586,0.8571428571428571,0.3217368812492594,0.7597402597402597,16,17,2,12,WeightedAverage,"weights={'GB_Accuracy_Prob': 0, 'Logistic_Prob': 1, 'RandomForest_Prob': 2, 'ExtraTrees_Prob': 0, 'SVC_RBF_Prob': 0}, threshold=0.18"
0.5581395348837208,0.5957446808510638,0.41379310344827586,0.8571428571428571,0.3217368812492594,0.7705627705627706,16,17,2,12,WeightedAverage,"weights={'GB_Accuracy_Prob': 0, 'Logistic_Prob': 2, 'RandomForest_Prob': 1, 'ExtraTrees_Prob': 0, 'SVC_RBF_Prob': 2}, threshold=0.17"
0.5581395348837208,0.5957446808510638,0.41379310344827586,0.8571428571428571,0.3217368812492594,0.7683982683982684,16,17,2,12,WeightedAverage,"weights={'GB_Accuracy_Prob': 0, 'Logistic_Prob': 3, 'RandomForest_Prob': 0, 'ExtraTrees_Prob': 0, 'SVC_RBF_Prob': 1}, threshold=0.09"
0.5581395348837208,0.5957446808510638,0.41379310344827586,0.8571428571428571,0.3217368812492594,0.7943722943722944,16,17,2,12,WeightedAverage,"weights={'GB_Accuracy_Prob': 1, 'Logistic_Prob': 0, 'RandomForest_Prob': 0, 'ExtraTrees_Prob': 0, 'SVC_RBF_Prob': 2}, threshold=0.20"
0.5581395348837208,0.5957446808510638,0.41379310344827586,0.8571428571428571,0.3217368812492594,0.8051948051948051,16,17,2,12,WeightedAverage,"weights={'GB_Accuracy_Prob': 1, 'Logistic_Prob': 0, 'RandomForest_Prob': 1, 'ExtraTrees_Prob': 0, 'SVC_RBF_Prob': 0}, threshold=0.15"
0.5581395348837208,0.5957446808510638,0.41379310344827586,0.8571428571428571,0.3217368812492594,0.7857142857142857,16,17,2,12,WeightedAverage,"weights={'GB_Accuracy_Prob': 1, 'Logistic_Prob': 0, 'RandomForest_Prob': 1, 'ExtraTrees_Prob': 1, 'SVC_RBF_Prob': 0}, threshold=0.18"
0.5581395348837208,0.5957446808510638,0.41379310344827586,0.8571428571428571,0.3217368812492594,0.7922077922077922,16,17,2,12,WeightedAverage,"weights={'GB_Accuracy_Prob': 1, 'Logistic_Prob': 0, 'RandomForest_Prob': 2, 'ExtraTrees_Prob': 0, 'SVC_RBF_Prob': 0}, threshold=0.17"
0.5581395348837208,0.5957446808510638,0.41379310344827586,0.8571428571428571,0.3217368812492594,0.79004329004329,16,17,2,12,WeightedAverage,"weights={'GB_Accuracy_Prob': 1, 'Logistic_Prob': 0, 'RandomForest_Prob': 2, 'ExtraTrees_Prob': 0, 'SVC_RBF_Prob': 3}, threshold=0.22"
0.5581395348837208,0.5957446808510638,0.41379310344827586,0.8571428571428571,0.3217368812492594,0.7813852813852814,16,17,2,12,WeightedAverage,"weights={'GB_Accuracy_Prob': 1, 'Logistic_Prob': 1, 'RandomForest_Prob': 0, 'ExtraTrees_Prob': 0, 'SVC_RBF_Prob': 1}, threshold=0.13"
0.5581395348837208,0.5957446808510638,0.41379310344827586,0.8571428571428571,0.3217368812492594,0.7878787878787878,16,17,2,12,WeightedAverage,"weights={'GB_Accuracy_Prob': 1, 'Logistic_Prob': 1, 'RandomForest_Prob': 0, 'ExtraTrees_Prob': 1, 'SVC_RBF_Prob': 0}, threshold=0.11"
0.5581395348837208,0.5957446808510638,0.41379310344827586,0.8571428571428571,0.3217368812492594,0.7835497835497836,16,17,2,12,WeightedAverage,"weights={'GB_Accuracy_Prob': 1, 'Logistic_Prob': 1, 'RandomForest_Prob': 1, 'ExtraTrees_Prob': 0, 'SVC_RBF_Prob': 2}, threshold=0.18"
0.5581395348837208,0.5957446808510638,0.41379310344827586,0.8571428571428571,0.3217368812492594,0.7792207792207793,16,17,2,12,WeightedAverage,"weights={'GB_Accuracy_Prob': 1, 'Logistic_Prob': 1, 'RandomForest_Prob': 2, 'ExtraTrees_Prob': 1, 'SVC_RBF_Prob': 3}, threshold=0.20"
0.5581395348837208,0.5957446808510638,0.41379310344827586,0.8571428571428571,0.3217368812492594,0.777056277056277,16,17,2,12,WeightedAverage,"weights={'GB_Accuracy_Prob': 1, 'Logistic_Prob': 1, 'RandomForest_Prob': 3, 'ExtraTrees_Prob': 2, 'SVC_RBF_Prob': 0}, threshold=0.19"
0.5581395348837208,0.5957446808510638,0.41379310344827586,0.8571428571428571,0.3217368812492594,0.7792207792207793,16,17,2,12,WeightedAverage,"weights={'GB_Accuracy_Prob': 1, 'Logistic_Prob': 2, 'RandomForest_Prob': 0, 'ExtraTrees_Prob': 1, 'SVC_RBF_Prob': 1}, threshold=0.13"
0.5581395348837208,0.5957446808510638,0.41379310344827586,0.8571428571428571,0.3217368812492594,0.777056277056277,16,17,2,12,WeightedAverage,"weights={'GB_Accuracy_Prob': 1, 'Logistic_Prob': 2, 'RandomForest_Prob': 2, 'ExtraTrees_Prob': 0, 'SVC_RBF_Prob': 0}, threshold=0.12"
0.5581395348837208,0.5957446808510638,0.41379310344827586,0.8571428571428571,0.3217368812492594,0.7640692640692641,16,17,2,12,WeightedAverage,"weights={'GB_Accuracy_Prob': 1, 'Logistic_Prob': 3, 'RandomForest_Prob': 0, 'ExtraTrees_Prob': 0, 'SVC_RBF_Prob': 0}, threshold=0.04"
0.5581395348837208,0.5957446808510638,0.41379310344827586,0.8571428571428571,0.3217368812492594,0.7662337662337662,16,17,2,12,WeightedAverage,"weights={'GB_Accuracy_Prob': 1, 'Logistic_Prob': 3, 'RandomForest_Prob': 0, 'ExtraTrees_Prob': 0, 'SVC_RBF_Prob': 3}, threshold=0.15"
0.5581395348837208,0.5957446808510638,0.41379310344827586,0.8571428571428571,0.3217368812492594,0.7748917748917749,16,17,2,12,WeightedAverage,"weights={'GB_Accuracy_Prob': 1, 'Logistic_Prob': 3, 'RandomForest_Prob': 2, 'ExtraTrees_Prob': 0, 'SVC_RBF_Prob': 1}, threshold=0.13"
0.5581395348837208,0.5957446808510638,0.41379310344827586,0.8571428571428571,0.3217368812492594,0.8008658008658007,16,17,2,12,WeightedAverage,"weights={'GB_Accuracy_Prob': 2, 'Logistic_Prob': 0, 'RandomForest_Prob': 0, 'ExtraTrees_Prob': 1, 'SVC_RBF_Prob': 1}, threshold=0.16"
0.5581395348837208,0.5957446808510638,0.41379310344827586,0.8571428571428571,0.3217368812492594,0.7943722943722944,16,17,2,12,WeightedAverage,"weights={'GB_Accuracy_Prob': 2, 'Logistic_Prob': 0, 'RandomForest_Prob': 2, 'ExtraTrees_Prob': 3, 'SVC_RBF_Prob': 3}, threshold=0.21"
0.5581395348837208,0.5957446808510638,0.41379310344827586,0.8571428571428571,0.3217368812492594,0.7943722943722943,16,17,2,12,WeightedAverage,"weights={'GB_Accuracy_Prob': 2, 'Logistic_Prob': 1, 'RandomForest_Prob': 1, 'ExtraTrees_Prob': 0, 'SVC_RBF_Prob': 2}, threshold=0.16"
0.5581395348837208,0.5957446808510638,0.41379310344827586,0.8571428571428571,0.3217368812492594,0.7922077922077922,16,17,2,12,WeightedAverage,"weights={'GB_Accuracy_Prob': 2, 'Logistic_Prob': 1, 'RandomForest_Prob': 1, 'ExtraTrees_Prob': 1, 'SVC_RBF_Prob': 0}, threshold=0.13"
0.5581395348837208,0.5957446808510638,0.41379310344827586,0.8571428571428571,0.3217368812492594,0.787878787878788,16,17,2,12,WeightedAverage,"weights={'GB_Accuracy_Prob': 2, 'Logistic_Prob': 1, 'RandomForest_Prob': 2, 'ExtraTrees_Prob': 0, 'SVC_RBF_Prob': 2}, threshold=0.17"
0.5581395348837208,0.5957446808510638,0.41379310344827586,0.8571428571428571,0.3217368812492594,0.7857142857142857,16,17,2,12,WeightedAverage,"weights={'GB_Accuracy_Prob': 2, 'Logistic_Prob': 2, 'RandomForest_Prob': 2, 'ExtraTrees_Prob': 0, 'SVC_RBF_Prob': 1}, threshold=0.14"
0.5581395348837208,0.5957446808510638,0.41379310344827586,0.8571428571428571,0.3217368812492594,0.777056277056277,16,17,2,12,WeightedAverage,"weights={'GB_Accuracy_Prob': 2, 'Logistic_Prob': 2, 'RandomForest_Prob': 2, 'ExtraTrees_Prob': 1, 'SVC_RBF_Prob': 2}, threshold=0.16"
0.5581395348837208,0.5957446808510638,0.41379310344827586,0.8571428571428571,0.3217368812492594,0.7705627705627706,16,17,2,12,WeightedAverage,"weights={'GB_Accuracy_Prob': 2, 'Logistic_Prob': 3, 'RandomForest_Prob': 0, 'ExtraTrees_Prob': 0, 'SVC_RBF_Prob': 0}, threshold=0.04"
0.5581395348837208,0.5957446808510638,0.41379310344827586,0.8571428571428571,0.3217368812492594,0.7835497835497836,16,17,2,12,WeightedAverage,"weights={'GB_Accuracy_Prob': 2, 'Logistic_Prob': 3, 'RandomForest_Prob': 1, 'ExtraTrees_Prob': 1, 'SVC_RBF_Prob': 2}, threshold=0.14"
0.5581395348837208,0.5957446808510638,0.41379310344827586,0.8571428571428571,0.3217368812492594,0.7878787878787878,16,17,2,12,WeightedAverage,"weights={'GB_Accuracy_Prob': 3, 'Logistic_Prob': 0, 'RandomForest_Prob': 0, 'ExtraTrees_Prob': 0, 'SVC_RBF_Prob': 1}, threshold=0.11"
0.5581395348837208,0.5957446808510638,0.41379310344827586,0.8571428571428571,0.3217368812492594,0.8051948051948051,16,17,2,12,WeightedAverage,"weights={'GB_Accuracy_Prob': 3, 'Logistic_Prob': 0, 'RandomForest_Prob': 2, 'ExtraTrees_Prob': 0, 'SVC_RBF_Prob': 3}, threshold=0.18"
0.5581395348837208,0.5957446808510638,0.41379310344827586,0.8571428571428571,0.3217368812492594,0.7987012987012987,16,17,2,12,WeightedAverage,"weights={'GB_Accuracy_Prob': 3, 'Logistic_Prob': 0, 'RandomForest_Prob': 3, 'ExtraTrees_Prob': 1, 'SVC_RBF_Prob': 3}, threshold=0.19"
0.5581395348837208,0.5957446808510638,0.41379310344827586,0.8571428571428571,0.3217368812492594,0.7943722943722944,16,17,2,12,WeightedAverage,"weights={'GB_Accuracy_Prob': 3, 'Logistic_Prob': 1, 'RandomForest_Prob': 0, 'ExtraTrees_Prob': 2, 'SVC_RBF_Prob': 3}, threshold=0.17"
0.5581395348837208,0.5957446808510638,0.41379310344827586,0.8571428571428571,0.3217368812492594,0.8008658008658008,16,17,2,12,WeightedAverage,"weights={'GB_Accuracy_Prob': 3, 'Logistic_Prob': 1, 'RandomForest_Prob': 2, 'ExtraTrees_Prob': 0, 'SVC_RBF_Prob': 0}, threshold=0.12"
0.5581395348837208,0.5957446808510638,0.41379310344827586,0.8571428571428571,0.3217368812492594,0.7878787878787878,16,17,2,12,WeightedAverage,"weights={'GB_Accuracy_Prob': 3, 'Logistic_Prob': 1, 'RandomForest_Prob': 2, 'ExtraTrees_Prob': 2, 'SVC_RBF_Prob': 0}, threshold=0.15"
0.5555555555555556,0.6595744680851063,0.45454545454545453,0.7142857142857143,0.3213754383475524,0.7640692640692641,21,12,4,10,OR_Logistic_RandomForest_Prob,Logistic>=0.22 OR RandomForest_Prob>=0.28
0.5555555555555556,0.6595744680851063,0.45454545454545453,0.7142857142857143,0.3213754383475524,0.7640692640692641,21,12,4,10,AND_Logistic_ExtraTrees_Prob,Logistic>=0.03 AND ExtraTrees_Prob>=0.20
0.5555555555555556,0.6595744680851063,0.45454545454545453,0.7142857142857143,0.3213754383475524,0.7662337662337662,21,12,4,10,AND_Logistic_SVC_RBF_Prob,Logistic>=0.03 AND SVC_RBF_Prob>=0.27
0.5555555555555556,0.6595744680851063,0.45454545454545453,0.7142857142857143,0.3213754383475524,0.7662337662337662,21,12,4,10,AND_Logistic_SVC_RBF_Prob,Logistic>=0.04 AND SVC_RBF_Prob>=0.26
0.5555555555555556,0.6595744680851063,0.45454545454545453,0.7142857142857143,0.3213754383475524,0.7662337662337662,21,12,4,10,OR_Logistic_SVC_RBF_Prob,Logistic>=0.22 OR SVC_RBF_Prob>=0.28
0.5555555555555556,0.6595744680851063,0.45454545454545453,0.7142857142857143,0.3213754383475524,0.7705627705627706,21,12,4,10,OR_Logistic_GB_Accuracy_Prob,Logistic>=0.13 OR GB_Accuracy_Prob>=0.21
0.5555555555555556,0.6595744680851063,0.45454545454545453,0.7142857142857143,0.3213754383475524,0.7705627705627706,21,12,4,10,OR_Logistic_GB_Accuracy_Prob,Logistic>=0.16 OR GB_Accuracy_Prob>=0.11
0.5555555555555556,0.6595744680851063,0.45454545454545453,0.7142857142857143,0.3213754383475524,0.725108225108225,21,12,4,10,WeightedAverage,"weights={'GB_Accuracy_Prob': 0, 'Logistic_Prob': 0, 'RandomForest_Prob': 0, 'ExtraTrees_Prob': 1, 'SVC_RBF_Prob': 2}, threshold=0.28"
0.5555555555555556,0.6595744680851063,0.45454545454545453,0.7142857142857143,0.3213754383475524,0.7337662337662337,21,12,4,10,WeightedAverage,"weights={'GB_Accuracy_Prob': 0, 'Logistic_Prob': 0, 'RandomForest_Prob': 2, 'ExtraTrees_Prob': 0, 'SVC_RBF_Prob': 3}, threshold=0.27"
0.5555555555555556,0.6595744680851063,0.45454545454545453,0.7142857142857143,0.3213754383475524,0.7424242424242424,21,12,4,10,WeightedAverage,"weights={'GB_Accuracy_Prob': 0, 'Logistic_Prob': 1, 'RandomForest_Prob': 0, 'ExtraTrees_Prob': 2, 'SVC_RBF_Prob': 1}, threshold=0.23"
0.5555555555555556,0.6595744680851063,0.45454545454545453,0.7142857142857143,0.3213754383475524,0.7359307359307359,21,12,4,10,WeightedAverage,"weights={'GB_Accuracy_Prob': 0, 'Logistic_Prob': 1, 'RandomForest_Prob': 0, 'ExtraTrees_Prob': 3, 'SVC_RBF_Prob': 3}, threshold=0.25"
0.5555555555555556,0.6595744680851063,0.45454545454545453,0.7142857142857143,0.3213754383475524,0.7575757575757576,21,12,4,10,WeightedAverage,"weights={'GB_Accuracy_Prob': 0, 'Logistic_Prob': 3, 'RandomForest_Prob': 3, 'ExtraTrees_Prob': 2, 'SVC_RBF_Prob': 3}, threshold=0.22"
0.5555555555555556,0.6595744680851063,0.45454545454545453,0.7142857142857143,0.3213754383475524,0.7943722943722944,21,12,4,10,WeightedAverage,"weights={'GB_Accuracy_Prob': 1, 'Logistic_Prob': 0, 'RandomForest_Prob': 0, 'ExtraTrees_Prob': 0, 'SVC_RBF_Prob': 2}, threshold=0.23"
0.5555555555555556,0.6595744680851063,0.45454545454545453,0.7142857142857143,0.3213754383475524,0.7857142857142857,21,12,4,10,WeightedAverage,"weights={'GB_Accuracy_Prob': 1, 'Logistic_Prob': 0, 'RandomForest_Prob': 0, 'ExtraTrees_Prob': 0, 'SVC_RBF_Prob': 3}, threshold=0.24"
0.5555555555555556,0.6595744680851063,0.45454545454545453,0.7142857142857143,0.3213754383475524,0.777056277056277,21,12,4,10,WeightedAverage,"weights={'GB_Accuracy_Prob': 1, 'Logistic_Prob': 0, 'RandomForest_Prob': 0, 'ExtraTrees_Prob': 2, 'SVC_RBF_Prob': 0}, threshold=0.22"
0.5555555555555556,0.6595744680851063,0.45454545454545453,0.7142857142857143,0.3213754383475524,0.7813852813852814,21,12,4,10,WeightedAverage,"weights={'GB_Accuracy_Prob': 1, 'Logistic_Prob': 0, 'RandomForest_Prob': 0, 'ExtraTrees_Prob': 2, 'SVC_RBF_Prob': 2}, threshold=0.24"
0.5555555555555556,0.6595744680851063,0.45454545454545453,0.7142857142857143,0.3213754383475524,0.777056277056277,21,12,4,10,WeightedAverage,"weights={'GB_Accuracy_Prob': 1, 'Logistic_Prob': 1, 'RandomForest_Prob': 0, 'ExtraTrees_Prob': 0, 'SVC_RBF_Prob': 2}, threshold=0.19"
0.5531914893617021,0.5531914893617021,0.3939393939393939,0.9285714285714286,0.3225108225108225,0.7640692640692641,13,20,1,13,OR_Logistic_RandomForest_Prob,Logistic>=0.03 OR RandomForest_Prob>=0.27
0.5531914893617021,0.5531914893617021,0.3939393939393939,0.9285714285714286,0.3225108225108225,0.7640692640692641,13,20,1,13,OR_Logistic_RandomForest_Prob,Logistic>=0.04 OR RandomForest_Prob>=0.23
0.5531914893617021,0.5531914893617021,0.3939393939393939,0.9285714285714286,0.3225108225108225,0.7640692640692641,13,20,1,13,OR_Logistic_ExtraTrees_Prob,Logistic>=0.04 OR ExtraTrees_Prob>=0.23
0.5531914893617021,0.5531914893617021,0.3939393939393939,0.9285714285714286,0.3225108225108225,0.7640692640692641,13,20,1,13,OR_Logistic_ExtraTrees_Prob,Logistic>=0.09 OR ExtraTrees_Prob>=0.22
0.5531914893617021,0.5531914893617021,0.3939393939393939,0.9285714285714286,0.3225108225108225,0.7662337662337662,13,20,1,13,OR_Logistic_SVC_RBF_Prob,Logistic>=0.04 OR SVC_RBF_Prob>=0.26
0.5531914893617021,0.5531914893617021,0.3939393939393939,0.9285714285714286,0.3225108225108225,0.7532467532467533,13,20,1,13,WeightedAverage,"weights={'GB_Accuracy_Prob': 0, 'Logistic_Prob': 1, 'RandomForest_Prob': 0, 'ExtraTrees_Prob': 1, 'SVC_RBF_Prob': 2}, threshold=0.19"
0.5531914893617021,0.5531914893617021,0.3939393939393939,0.9285714285714286,0.3225108225108225,0.7489177489177489,13,20,1,13,WeightedAverage,"weights={'GB_Accuracy_Prob': 0, 'Logistic_Prob': 1, 'RandomForest_Prob': 1, 'ExtraTrees_Prob': 1, 'SVC_RBF_Prob': 3}, threshold=0.21"
0.5531914893617021,0.5531914893617021,0.3939393939393939,0.9285714285714286,0.3225108225108225,0.7597402597402597,13,20,1,13,WeightedAverage,"weights={'GB_Accuracy_Prob': 0, 'Logistic_Prob': 1, 'RandomForest_Prob': 2, 'ExtraTrees_Prob': 0, 'SVC_RBF_Prob': 0}, threshold=0.16"
0.5531914893617021,0.5531914893617021,0.3939393939393939,0.9285714285714286,0.3225108225108225,0.7467532467532467,13,20,1,13,WeightedAverage,"weights={'GB_Accuracy_Prob': 0, 'Logistic_Prob': 1, 'RandomForest_Prob': 2, 'ExtraTrees_Prob': 1, 'SVC_RBF_Prob': 1}, threshold=0.19"
0.5531914893617021,0.5531914893617021,0.3939393939393939,0.9285714285714286,0.3225108225108225,0.7705627705627706,13,20,1,13,WeightedAverage,"weights={'GB_Accuracy_Prob': 0, 'Logistic_Prob': 2, 'RandomForest_Prob': 0, 'ExtraTrees_Prob': 1, 'SVC_RBF_Prob': 0}, threshold=0.08"
0.5531914893617021,0.5531914893617021,0.3939393939393939,0.9285714285714286,0.3225108225108225,0.764069264069264,13,20,1,13,WeightedAverage,"weights={'GB_Accuracy_Prob': 0, 'Logistic_Prob': 2, 'RandomForest_Prob': 1, 'ExtraTrees_Prob': 0, 'SVC_RBF_Prob': 0}, threshold=0.09"
0.5531914893617021,0.5531914893617021,0.3939393939393939,0.9285714285714286,0.3225108225108225,0.7554112554112554,13,20,1,13,WeightedAverage,"weights={'GB_Accuracy_Prob': 0, 'Logistic_Prob': 2, 'RandomForest_Prob': 3, 'ExtraTrees_Prob': 0, 'SVC_RBF_Prob': 3}, threshold=0.19"
0.5531914893617021,0.5531914893617021,0.3939393939393939,0.9285714285714286,0.3225108225108225,0.7619047619047619,13,20,1,13,WeightedAverage,"weights={'GB_Accuracy_Prob': 0, 'Logistic_Prob': 3, 'RandomForest_Prob': 1, 'ExtraTrees_Prob': 0, 'SVC_RBF_Prob': 1}, threshold=0.11"
0.5531914893617021,0.5531914893617021,0.3939393939393939,0.9285714285714286,0.3225108225108225,0.7878787878787878,13,20,1,13,WeightedAverage,"weights={'GB_Accuracy_Prob': 1, 'Logistic_Prob': 0, 'RandomForest_Prob': 3, 'ExtraTrees_Prob': 0, 'SVC_RBF_Prob': 1}, threshold=0.19"
0.5531914893617021,0.5531914893617021,0.3939393939393939,0.9285714285714286,0.3225108225108225,0.7727272727272727,13,20,1,13,WeightedAverage,"weights={'GB_Accuracy_Prob': 1, 'Logistic_Prob': 1, 'RandomForest_Prob': 0, 'ExtraTrees_Prob': 3, 'SVC_RBF_Prob': 3}, threshold=0.19"
0.5531914893617021,0.5531914893617021,0.3939393939393939,0.9285714285714286,0.3225108225108225,0.7835497835497836,13,20,1,13,WeightedAverage,"weights={'GB_Accuracy_Prob': 1, 'Logistic_Prob': 1, 'RandomForest_Prob': 2, 'ExtraTrees_Prob': 0, 'SVC_RBF_Prob': 0}, threshold=0.14"
0.5531914893617021,0.5531914893617021,0.3939393939393939,0.9285714285714286,0.3225108225108225,0.7748917748917749,13,20,1,13,WeightedAverage,"weights={'GB_Accuracy_Prob': 1, 'Logistic_Prob': 2, 'RandomForest_Prob': 2, 'ExtraTrees_Prob': 0, 'SVC_RBF_Prob': 3}, threshold=0.17"
0.5531914893617021,0.5531914893617021,0.3939393939393939,0.9285714285714286,0.3225108225108225,0.7792207792207793,13,20,1,13,WeightedAverage,"weights={'GB_Accuracy_Prob': 1, 'Logistic_Prob': 3, 'RandomForest_Prob': 0, 'ExtraTrees_Prob': 3, 'SVC_RBF_Prob': 0}, threshold=0.11"
0.5531914893617021,0.5531914893617021,0.3939393939393939,0.9285714285714286,0.3225108225108225,0.8138528138528138,13,20,1,13,WeightedAverage,"weights={'GB_Accuracy_Prob': 2, 'Logistic_Prob': 0, 'RandomForest_Prob': 1, 'ExtraTrees_Prob': 0, 'SVC_RBF_Prob': 0}, threshold=0.10"
0.5531914893617021,0.5531914893617021,0.3939393939393939,0.9285714285714286,0.3225108225108225,0.7835497835497837,13,20,1,13,WeightedAverage,"weights={'GB_Accuracy_Prob': 2, 'Logistic_Prob': 1, 'RandomForest_Prob': 3, 'ExtraTrees_Prob': 0, 'SVC_RBF_Prob': 1}, threshold=0.16"
0.5531914893617021,0.5531914893617021,0.3939393939393939,0.9285714285714286,0.3225108225108225,0.7813852813852814,13,20,1,13,WeightedAverage,"weights={'GB_Accuracy_Prob': 2, 'Logistic_Prob': 1, 'RandomForest_Prob': 3, 'ExtraTrees_Prob': 0, 'SVC_RBF_Prob': 2}, threshold=0.17"
0.5531914893617021,0.5531914893617021,0.3939393939393939,0.9285714285714286,0.3225108225108225,0.8051948051948051,13,20,1,13,WeightedAverage,"weights={'GB_Accuracy_Prob': 3, 'Logistic_Prob': 0, 'RandomForest_Prob': 2, 'ExtraTrees_Prob': 0, 'SVC_RBF_Prob': 0}, threshold=0.11"
0.5531914893617021,0.5531914893617021,0.3939393939393939,0.9285714285714286,0.3225108225108225,0.8008658008658008,13,20,1,13,WeightedAverage,"weights={'GB_Accuracy_Prob': 3, 'Logistic_Prob': 0, 'RandomForest_Prob': 2, 'ExtraTrees_Prob': 1, 'SVC_RBF_Prob': 0}, threshold=0.14"
0.5531914893617021,0.5531914893617021,0.3939393939393939,0.9285714285714286,0.3225108225108225,0.803030303030303,13,20,1,13,WeightedAverage,"weights={'GB_Accuracy_Prob': 3, 'Logistic_Prob': 0, 'RandomForest_Prob': 2, 'ExtraTrees_Prob': 1, 'SVC_RBF_Prob': 2}, threshold=0.17"
0.5531914893617021,0.5531914893617021,0.3939393939393939,0.9285714285714286,0.3225108225108225,0.7813852813852814,13,20,1,13,WeightedAverage,"weights={'GB_Accuracy_Prob': 3, 'Logistic_Prob': 1, 'RandomForest_Prob': 2, 'ExtraTrees_Prob': 3, 'SVC_RBF_Prob': 0}, threshold=0.15"
0.5517241379310344,0.723404255319149,0.5333333333333333,0.5714285714285714,0.352505974077691,0.777056277056277,26,7,6,8,Logistic_Prob,Logistic_Prob>=0.28
0.5517241379310344,0.723404255319149,0.5333333333333333,0.5714285714285714,0.352505974077691,0.7640692640692641,26,7,6,8,AND_Logistic_RandomForest_Prob,Logistic>=0.03 AND RandomForest_Prob>=0.28
0.5517241379310344,0.723404255319149,0.5333333333333333,0.5714285714285714,0.352505974077691,0.7640692640692641,26,7,6,8,AND_Logistic_RandomForest_Prob,Logistic>=0.07 AND RandomForest_Prob>=0.24
0.5517241379310344,0.723404255319149,0.5333333333333333,0.5714285714285714,0.352505974077691,0.7640692640692641,26,7,6,8,OR_Logistic_RandomForest_Prob,Logistic>=0.59 OR RandomForest_Prob>=0.39
0.5517241379310344,0.723404255319149,0.5333333333333333,0.5714285714285714,0.352505974077691,0.7640692640692641,26,7,6,8,OR_Logistic_RandomForest_Prob,Logistic>=0.60 OR RandomForest_Prob>=0.38
0.5517241379310344,0.723404255319149,0.5333333333333333,0.5714285714285714,0.352505974077691,0.7640692640692641,26,7,6,8,AND_Logistic_ExtraTrees_Prob,Logistic>=0.13 AND ExtraTrees_Prob>=0.25
0.5517241379310344,0.723404255319149,0.5333333333333333,0.5714285714285714,0.352505974077691,0.7640692640692641,26,7,6,8,OR_Logistic_ExtraTrees_Prob,Logistic>=0.60 OR ExtraTrees_Prob>=0.34
0.5517241379310344,0.723404255319149,0.5333333333333333,0.5714285714285714,0.352505974077691,0.7640692640692641,26,7,6,8,OR_Logistic_ExtraTrees_Prob,Logistic>=0.95 OR ExtraTrees_Prob>=0.33
0.5517241379310344,0.723404255319149,0.5333333333333333,0.5714285714285714,0.352505974077691,0.7662337662337662,26,7,6,8,OR_Logistic_SVC_RBF_Prob,Logistic>=0.63 OR SVC_RBF_Prob>=0.31
0.5517241379310344,0.723404255319149,0.5333333333333333,0.5714285714285714,0.352505974077691,0.7662337662337662,26,7,6,8,OR_Logistic_SVC_RBF_Prob,Logistic>=0.80 OR SVC_RBF_Prob>=0.30
0.5517241379310344,0.723404255319149,0.5333333333333333,0.5714285714285714,0.352505974077691,0.7705627705627706,26,7,6,8,OR_Logistic_GB_Accuracy_Prob,Logistic>=0.60 OR GB_Accuracy_Prob>=0.49
0.5517241379310344,0.723404255319149,0.5333333333333333,0.5714285714285714,0.352505974077691,0.7705627705627706,26,7,6,8,OR_Logistic_GB_Accuracy_Prob,Logistic>=0.63 OR GB_Accuracy_Prob>=0.39
0.5517241379310344,0.723404255319149,0.5333333333333333,0.5714285714285714,0.352505974077691,0.7705627705627706,26,7,6,8,OR_Logistic_GB_Accuracy_Prob,Logistic>=0.80 OR GB_Accuracy_Prob>=0.35
0.5517241379310344,0.723404255319149,0.5333333333333333,0.5714285714285714,0.352505974077691,0.7705627705627706,26,7,6,8,OR_Logistic_GB_Accuracy_Prob,Logistic>=0.85 OR GB_Accuracy_Prob>=0.32
0.5517241379310344,0.723404255319149,0.5333333333333333,0.5714285714285714,0.352505974077691,0.722943722943723,26,7,6,8,WeightedAverage,"weights={'GB_Accuracy_Prob': 0, 'Logistic_Prob': 0, 'RandomForest_Prob': 1, 'ExtraTrees_Prob': 1, 'SVC_RBF_Prob': 2}, threshold=0.31"
0.5517241379310344,0.723404255319149,0.5333333333333333,0.5714285714285714,0.352505974077691,0.7294372294372294,26,7,6,8,WeightedAverage,"weights={'GB_Accuracy_Prob': 0, 'Logistic_Prob': 1, 'RandomForest_Prob': 1, 'ExtraTrees_Prob': 3, 'SVC_RBF_Prob': 0}, threshold=0.37"
0.5517241379310344,0.723404255319149,0.5333333333333333,0.5714285714285714,0.352505974077691,0.7857142857142857,26,7,6,8,WeightedAverage,"weights={'GB_Accuracy_Prob': 2, 'Logistic_Prob': 1, 'RandomForest_Prob': 0, 'ExtraTrees_Prob': 0, 'SVC_RBF_Prob': 2}, threshold=0.31"
0.5517241379310344,0.723404255319149,0.5333333333333333,0.5714285714285714,0.352505974077691,0.7748917748917749,26,7,6,8,WeightedAverage,"weights={'GB_Accuracy_Prob': 3, 'Logistic_Prob': 2, 'RandomForest_Prob': 0, 'ExtraTrees_Prob': 0, 'SVC_RBF_Prob': 0}, threshold=0.32"
0.55,0.6170212765957447,0.4230769230769231,0.7857142857142857,0.3046310179311545,0.7640692640692641,18,15,3,11,AND_Logistic_RandomForest_Prob,Logistic>=0.01 AND RandomForest_Prob>=0.21
0.55,0.6170212765957447,0.4230769230769231,0.7857142857142857,0.3046310179311545,0.7640692640692641,18,15,3,11,OR_Logistic_RandomForest_Prob,Logistic>=0.80 OR RandomForest_Prob>=0.25
0.55,0.6170212765957447,0.4230769230769231,0.7857142857142857,0.3046310179311545,0.7640692640692641,18,15,3,11,AND_Logistic_ExtraTrees_Prob,Logistic>=0.01 AND ExtraTrees_Prob>=0.18
0.55,0.6170212765957447,0.4230769230769231,0.7857142857142857,0.3046310179311545,0.7640692640692641,18,15,3,11,OR_Logistic_ExtraTrees_Prob,Logistic>=0.13 OR ExtraTrees_Prob>=0.29
0.55,0.6170212765957447,0.4230769230769231,0.7857142857142857,0.3046310179311545,0.7705627705627706,18,15,3,11,OR_Logistic_GB_Accuracy_Prob,Logistic>=0.07 OR GB_Accuracy_Prob>=0.09
0.55,0.6170212765957447,0.4230769230769231,0.7857142857142857,0.3046310179311545,0.7705627705627706,18,15,3,11,OR_Logistic_GB_Accuracy_Prob,Logistic>=0.13 OR GB_Accuracy_Prob>=0.08
0.55,0.6170212765957447,0.4230769230769231,0.7857142857142857,0.3046310179311545,0.7186147186147186,18,15,3,11,WeightedAverage,"weights={'GB_Accuracy_Prob': 0, 'Logistic_Prob': 0, 'RandomForest_Prob': 2, 'ExtraTrees_Prob': 0, 'SVC_RBF_Prob': 1}, threshold=0.25"
0.55,0.6170212765957447,0.4230769230769231,0.7857142857142857,0.3046310179311545,0.7337662337662337,18,15,3,11,WeightedAverage,"weights={'GB_Accuracy_Prob': 0, 'Logistic_Prob': 0, 'RandomForest_Prob': 2, 'ExtraTrees_Prob': 0, 'SVC_RBF_Prob': 3}, threshold=0.26"
0.55,0.6170212765957447,0.4230769230769231,0.7857142857142857,0.3046310179311545,0.7164502164502164,18,15,3,11,WeightedAverage,"weights={'GB_Accuracy_Prob': 0, 'Logistic_Prob': 0, 'RandomForest_Prob': 2, 'ExtraTrees_Prob': 2, 'SVC_RBF_Prob': 3}, threshold=0.26"
0.55,0.6170212765957447,0.4230769230769231,0.7857142857142857,0.3046310179311545,0.7683982683982684,18,15,3,11,WeightedAverage,"weights={'GB_Accuracy_Prob': 0, 'Logistic_Prob': 1, 'RandomForest_Prob': 0, 'ExtraTrees_Prob': 0, 'SVC_RBF_Prob': 3}, threshold=0.22"
0.55,0.6170212765957447,0.4230769230769231,0.7857142857142857,0.3046310179311545,0.761904761904762,18,15,3,11,WeightedAverage,"weights={'GB_Accuracy_Prob': 0, 'Logistic_Prob': 1, 'RandomForest_Prob': 0, 'ExtraTrees_Prob': 1, 'SVC_RBF_Prob': 1}, threshold=0.19"
0.55,0.6170212765957447,0.4230769230769231,0.7857142857142857,0.3046310179311545,0.761904761904762,18,15,3,11,WeightedAverage,"weights={'GB_Accuracy_Prob': 0, 'Logistic_Prob': 1, 'RandomForest_Prob': 1, 'ExtraTrees_Prob': 0, 'SVC_RBF_Prob': 3}, threshold=0.23"
0.55,0.6170212765957447,0.4230769230769231,0.7857142857142857,0.3046310179311545,0.7532467532467533,18,15,3,11,WeightedAverage,"weights={'GB_Accuracy_Prob': 0, 'Logistic_Prob': 1, 'RandomForest_Prob': 1, 'ExtraTrees_Prob': 1, 'SVC_RBF_Prob': 0}, threshold=0.19"
0.55,0.6170212765957447,0.4230769230769231,0.7857142857142857,0.3046310179311545,0.7532467532467533,18,15,3,11,WeightedAverage,"weights={'GB_Accuracy_Prob': 0, 'Logistic_Prob': 1, 'RandomForest_Prob': 2, 'ExtraTrees_Prob': 0, 'SVC_RBF_Prob': 3}, threshold=0.23"
0.55,0.6170212765957447,0.4230769230769231,0.7857142857142857,0.3046310179311545,0.7554112554112554,18,15,3,11,WeightedAverage,"weights={'GB_Accuracy_Prob': 0, 'Logistic_Prob': 1, 'RandomForest_Prob': 3, 'ExtraTrees_Prob': 0, 'SVC_RBF_Prob': 3}, threshold=0.23"
0.55,0.6170212765957447,0.4230769230769231,0.7857142857142857,0.3046310179311545,0.7532467532467533,18,15,3,11,WeightedAverage,"weights={'GB_Accuracy_Prob': 0, 'Logistic_Prob': 2, 'RandomForest_Prob': 0, 'ExtraTrees_Prob': 3, 'SVC_RBF_Prob': 0}, threshold=0.18"
0.55,0.6170212765957447,0.4230769230769231,0.7857142857142857,0.3046310179311545,0.761904761904762,18,15,3,11,WeightedAverage,"weights={'GB_Accuracy_Prob': 0, 'Logistic_Prob': 2, 'RandomForest_Prob': 1, 'ExtraTrees_Prob': 1, 'SVC_RBF_Prob': 3}, threshold=0.20"
0.55,0.6170212765957447,0.4230769230769231,0.7857142857142857,0.3046310179311545,0.7965367965367965,18,15,3,11,WeightedAverage,"weights={'GB_Accuracy_Prob': 1, 'Logistic_Prob': 0, 'RandomForest_Prob': 0, 'ExtraTrees_Prob': 1, 'SVC_RBF_Prob': 0}, threshold=0.17"
0.55,0.6170212765957447,0.4230769230769231,0.7857142857142857,0.3046310179311545,0.7965367965367965,18,15,3,11,WeightedAverage,"weights={'GB_Accuracy_Prob': 1, 'Logistic_Prob': 0, 'RandomForest_Prob': 0, 'ExtraTrees_Prob': 1, 'SVC_RBF_Prob': 1}, threshold=0.20"
0.55,0.6170212765957447,0.4230769230769231,0.7857142857142857,0.3046310179311545,0.7922077922077922,18,15,3,11,WeightedAverage,"weights={'GB_Accuracy_Prob': 1, 'Logistic_Prob': 0, 'RandomForest_Prob': 1, 'ExtraTrees_Prob': 0, 'SVC_RBF_Prob': 3}, threshold=0.23"
0.55,0.6170212765957447,0.4230769230769231,0.7857142857142857,0.3046310179311545,0.7922077922077922,18,15,3,11,WeightedAverage,"weights={'GB_Accuracy_Prob': 1, 'Logistic_Prob': 0, 'RandomForest_Prob': 2, 'ExtraTrees_Prob': 0, 'SVC_RBF_Prob': 0}, threshold=0.19"
0.55,0.6170212765957447,0.4230769230769231,0.7857142857142857,0.3046310179311545,0.7878787878787878,18,15,3,11,WeightedAverage,"weights={'GB_Accuracy_Prob': 1, 'Logistic_Prob': 0, 'RandomForest_Prob': 2, 'ExtraTrees_Prob': 0, 'SVC_RBF_Prob': 2}, threshold=0.22"
0.55,0.6170212765957447,0.4230769230769231,0.7857142857142857,0.3046310179311545,0.7813852813852814,18,15,3,11,WeightedAverage,"weights={'GB_Accuracy_Prob': 1, 'Logistic_Prob': 0, 'RandomForest_Prob': 3, 'ExtraTrees_Prob': 0, 'SVC_RBF_Prob': 0}, threshold=0.21"
0.55,0.6170212765957447,0.4230769230769231,0.7857142857142857,0.3046310179311545,0.7705627705627704,18,15,3,11,WeightedAverage,"weights={'GB_Accuracy_Prob': 1, 'Logistic_Prob': 0, 'RandomForest_Prob': 3, 'ExtraTrees_Prob': 2, 'SVC_RBF_Prob': 0}, threshold=0.22"
0.55,0.6170212765957447,0.4230769230769231,0.7857142857142857,0.3046310179311545,0.777056277056277,18,15,3,11,WeightedAverage,"weights={'GB_Accuracy_Prob': 1, 'Logistic_Prob': 1, 'RandomForest_Prob': 0, 'ExtraTrees_Prob': 0, 'SVC_RBF_Prob': 2}, threshold=0.18"
0.55,0.6170212765957447,0.4230769230769231,0.7857142857142857,0.3046310179311545,0.7727272727272727,18,15,3,11,WeightedAverage,"weights={'GB_Accuracy_Prob': 1, 'Logistic_Prob': 1, 'RandomForest_Prob': 0, 'ExtraTrees_Prob': 3, 'SVC_RBF_Prob': 0}, threshold=0.19"
0.55,0.6170212765957447,0.4230769230769231,0.7857142857142857,0.3046310179311545,0.7857142857142857,18,15,3,11,WeightedAverage,"weights={'GB_Accuracy_Prob': 1, 'Logistic_Prob': 1, 'RandomForest_Prob': 1, 'ExtraTrees_Prob': 1, 'SVC_RBF_Prob': 0}, threshold=0.16"
0.55,0.6170212765957447,0.4230769230769231,0.7857142857142857,0.3046310179311545,0.7813852813852814,18,15,3,11,WeightedAverage,"weights={'GB_Accuracy_Prob': 1, 'Logistic_Prob': 1, 'RandomForest_Prob': 1, 'ExtraTrees_Prob': 1, 'SVC_RBF_Prob': 3}, threshold=0.21"
0.55,0.6170212765957447,0.4230769230769231,0.7857142857142857,0.3046310179311545,0.777056277056277,18,15,3,11,WeightedAverage,"weights={'GB_Accuracy_Prob': 1, 'Logistic_Prob': 1, 'RandomForest_Prob': 2, 'ExtraTrees_Prob': 2, 'SVC_RBF_Prob': 0}, threshold=0.19"
0.55,0.6170212765957447,0.4230769230769231,0.7857142857142857,0.3046310179311545,0.7857142857142857,18,15,3,11,WeightedAverage,"weights={'GB_Accuracy_Prob': 1, 'Logistic_Prob': 1, 'RandomForest_Prob': 3, 'ExtraTrees_Prob': 0, 'SVC_RBF_Prob': 0}, threshold=0.17"
0.55,0.6170212765957447,0.4230769230769231,0.7857142857142857,0.3046310179311545,0.7727272727272727,18,15,3,11,WeightedAverage,"weights={'GB_Accuracy_Prob': 1, 'Logistic_Prob': 2, 'RandomForest_Prob': 0, 'ExtraTrees_Prob': 0, 'SVC_RBF_Prob': 3}, threshold=0.18"
0.55,0.6170212765957447,0.4230769230769231,0.7857142857142857,0.3046310179311545,0.777056277056277,18,15,3,11,WeightedAverage,"weights={'GB_Accuracy_Prob': 1, 'Logistic_Prob': 2, 'RandomForest_Prob': 0, 'ExtraTrees_Prob': 3, 'SVC_RBF_Prob': 0}, threshold=0.17"
0.55,0.6170212765957447,0.4230769230769231,0.7857142857142857,0.3046310179311545,0.7943722943722944,18,15,3,11,WeightedAverage,"weights={'GB_Accuracy_Prob': 2, 'Logistic_Prob': 0, 'RandomForest_Prob': 1, 'ExtraTrees_Prob': 0, 'SVC_RBF_Prob': 3}, threshold=0.20"
0.55,0.6170212765957447,0.4230769230769231,0.7857142857142857,0.3046310179311545,0.7943722943722944,18,15,3,11,WeightedAverage,"weights={'GB_Accuracy_Prob': 2, 'Logistic_Prob': 0, 'RandomForest_Prob': 2, 'ExtraTrees_Prob': 3, 'SVC_RBF_Prob': 3}, threshold=0.22"
0.55,0.6170212765957447,0.4230769230769231,0.7857142857142857,0.3046310179311545,0.7922077922077922,18,15,3,11,WeightedAverage,"weights={'GB_Accuracy_Prob': 2, 'Logistic_Prob': 0, 'RandomForest_Prob': 3, 'ExtraTrees_Prob': 0, 'SVC_RBF_Prob': 1}, threshold=0.19"
0.55,0.6170212765957447,0.4230769230769231,0.7857142857142857,0.3046310179311545,0.7727272727272727,18,15,3,11,WeightedAverage,"weights={'GB_Accuracy_Prob': 2, 'Logistic_Prob': 1, 'RandomForest_Prob': 0, 'ExtraTrees_Prob': 0, 'SVC_RBF_Prob': 0}, threshold=0.06"
0.55,0.6170212765957447,0.4230769230769231,0.7857142857142857,0.3046310179311545,0.7878787878787878,18,15,3,11,WeightedAverage,"weights={'GB_Accuracy_Prob': 2, 'Logistic_Prob': 1, 'RandomForest_Prob': 0, 'ExtraTrees_Prob': 1, 'SVC_RBF_Prob': 2}, threshold=0.17"
0.55,0.6170212765957447,0.4230769230769231,0.7857142857142857,0.3046310179311545,0.7813852813852814,18,15,3,11,WeightedAverage,"weights={'GB_Accuracy_Prob': 2, 'Logistic_Prob': 1, 'RandomForest_Prob': 3, 'ExtraTrees_Prob': 0, 'SVC_RBF_Prob': 2}, threshold=0.18"
0.55,0.6170212765957447,0.4230769230769231,0.7857142857142857,0.3046310179311545,0.8073593073593073,18,15,3,11,WeightedAverage,"weights={'GB_Accuracy_Prob': 3, 'Logistic_Prob': 0, 'RandomForest_Prob': 1, 'ExtraTrees_Prob': 1, 'SVC_RBF_Prob': 0}, threshold=0.14"
0.55,0.6170212765957447,0.4230769230769231,0.7857142857142857,0.3046310179311545,0.8051948051948051,18,15,3,11,WeightedAverage,"weights={'GB_Accuracy_Prob': 3, 'Logistic_Prob': 0, 'RandomForest_Prob': 2, 'ExtraTrees_Prob': 0, 'SVC_RBF_Prob': 3}, threshold=0.19"
0.55,0.6170212765957447,0.4230769230769231,0.7857142857142857,0.3046310179311545,0.7922077922077921,18,15,3,11,WeightedAverage,"weights={'GB_Accuracy_Prob': 3, 'Logistic_Prob': 0, 'RandomForest_Prob': 2, 'ExtraTrees_Prob': 3, 'SVC_RBF_Prob': 0}, threshold=0.18"
0.55,0.6170212765957447,0.4230769230769231,0.7857142857142857,0.3046310179311545,0.7943722943722944,18,15,3,11,WeightedAverage,"weights={'GB_Accuracy_Prob': 3, 'Logistic_Prob': 1, 'RandomForest_Prob': 0, 'ExtraTrees_Prob': 0, 'SVC_RBF_Prob': 3}, threshold=0.16"
0.55,0.6170212765957447,0.4230769230769231,0.7857142857142857,0.3046310179311545,0.7857142857142857,18,15,3,11,WeightedAverage,"weights={'GB_Accuracy_Prob': 3, 'Logistic_Prob': 1, 'RandomForest_Prob': 2, 'ExtraTrees_Prob': 1, 'SVC_RBF_Prob': 3}, threshold=0.18"
0.5490196078431372,0.5106382978723404,0.3783783783783784,1.0,0.33861499473607876,0.7662337662337662,10,23,0,14,OR_Logistic_SVC_RBF_Prob,Logistic>=0.01 OR SVC_RBF_Prob>=0.25
0.5490196078431372,0.5106382978723404,0.3783783783783784,1.0,0.33861499473607876,0.7727272727272727,10,23,0,14,WeightedAverage,"weights={'GB_Accuracy_Prob': 0, 'Logistic_Prob': 2, 'RandomForest_Prob': 0, 'ExtraTrees_Prob': 0, 'SVC_RBF_Prob': 3}, threshold=0.15"
0.5454545454545455,0.574468085106383,0.4,0.8571428571428571,0.2966582402960068,0.777056277056277,15,18,2,12,Logistic_Prob,Logistic_Prob>=0.02
0.5454545454545455,0.574468085106383,0.4,0.8571428571428571,0.2966582402960068,0.7640692640692641,15,18,2,12,AND_Logistic_RandomForest_Prob,Logistic>=0.01 AND RandomForest_Prob>=0.13
0.5454545454545455,0.574468085106383,0.4,0.8571428571428571,0.2966582402960068,0.7640692640692641,15,18,2,12,OR_Logistic_RandomForest_Prob,Logistic>=0.03 OR RandomForest_Prob>=0.30
0.5454545454545455,0.574468085106383,0.4,0.8571428571428571,0.2966582402960068,0.7640692640692641,15,18,2,12,OR_Logistic_RandomForest_Prob,Logistic>=0.13 OR RandomForest_Prob>=0.23
0.5454545454545455,0.574468085106383,0.4,0.8571428571428571,0.2966582402960068,0.7640692640692641,15,18,2,12,OR_Logistic_ExtraTrees_Prob,Logistic>=0.04 OR ExtraTrees_Prob>=0.29
0.5454545454545455,0.574468085106383,0.4,0.8571428571428571,0.2966582402960068,0.7640692640692641,15,18,2,12,OR_Logistic_ExtraTrees_Prob,Logistic>=0.06 OR ExtraTrees_Prob>=0.27
0.5454545454545455,0.574468085106383,0.4,0.8571428571428571,0.2966582402960068,0.7640692640692641,15,18,2,12,OR_Logistic_ExtraTrees_Prob,Logistic>=0.09 OR ExtraTrees_Prob>=0.25
0.5454545454545455,0.574468085106383,0.4,0.8571428571428571,0.2966582402960068,0.7640692640692641,15,18,2,12,OR_Logistic_ExtraTrees_Prob,Logistic>=0.13 OR ExtraTrees_Prob>=0.24
0.5454545454545455,0.574468085106383,0.4,0.8571428571428571,0.2966582402960068,0.7705627705627706,15,18,2,12,AND_Logistic_GB_Accuracy_Prob,Logistic>=0.01 AND GB_Accuracy_Prob>=0.02
0.5454545454545455,0.574468085106383,0.4,0.8571428571428571,0.2966582402960068,0.7705627705627706,15,18,2,12,OR_Logistic_GB_Accuracy_Prob,Logistic>=0.03 OR GB_Accuracy_Prob>=0.09
0.5454545454545455,0.574468085106383,0.4,0.8571428571428571,0.2966582402960068,0.7705627705627706,15,18,2,12,OR_Logistic_GB_Accuracy_Prob,Logistic>=0.04 OR GB_Accuracy_Prob>=0.08
0.5454545454545455,0.574468085106383,0.4,0.8571428571428571,0.2966582402960068,0.7554112554112554,15,18,2,12,WeightedAverage,"weights={'GB_Accuracy_Prob': 0, 'Logistic_Prob': 1, 'RandomForest_Prob': 2, 'ExtraTrees_Prob': 0, 'SVC_RBF_Prob': 2}, threshold=0.21"
0.5454545454545455,0.574468085106383,0.4,0.8571428571428571,0.2966582402960068,0.7424242424242424,15,18,2,12,WeightedAverage,"weights={'GB_Accuracy_Prob': 0, 'Logistic_Prob': 1, 'RandomForest_Prob': 2, 'ExtraTrees_Prob': 1, 'SVC_RBF_Prob': 0}, threshold=0.19"
0.5454545454545455,0.574468085106383,0.4,0.8571428571428571,0.2966582402960068,0.7489177489177489,15,18,2,12,WeightedAverage,"weights={'GB_Accuracy_Prob': 0, 'Logistic_Prob': 1, 'RandomForest_Prob': 2, 'ExtraTrees_Prob': 1, 'SVC_RBF_Prob': 3}, threshold=0.22"
0.5454545454545455,0.574468085106383,0.4,0.8571428571428571,0.2966582402960068,0.7532467532467533,15,18,2,12,WeightedAverage,"weights={'GB_Accuracy_Prob': 0, 'Logistic_Prob': 1, 'RandomForest_Prob': 3, 'ExtraTrees_Prob': 0, 'SVC_RBF_Prob': 1}, threshold=0.20"
0.5454545454545455,0.574468085106383,0.4,0.8571428571428571,0.2966582402960068,0.7727272727272727,15,18,2,12,WeightedAverage,"weights={'GB_Accuracy_Prob': 0, 'Logistic_Prob': 2, 'RandomForest_Prob': 0, 'ExtraTrees_Prob': 1, 'SVC_RBF_Prob': 1}, threshold=0.14"
0.5454545454545455,0.574468085106383,0.4,0.8571428571428571,0.2966582402960068,0.7727272727272727,15,18,2,12,WeightedAverage,"weights={'GB_Accuracy_Prob': 0, 'Logistic_Prob': 2, 'RandomForest_Prob': 1, 'ExtraTrees_Prob': 0, 'SVC_RBF_Prob': 3}, threshold=0.18"
0.5454545454545455,0.574468085106383,0.4,0.8571428571428571,0.2966582402960068,0.7705627705627704,15,18,2,12,WeightedAverage,"weights={'GB_Accuracy_Prob': 0, 'Logistic_Prob': 3, 'RandomForest_Prob': 0, 'ExtraTrees_Prob': 1, 'SVC_RBF_Prob': 2}, threshold=0.14"
0.5454545454545455,0.574468085106383,0.4,0.8571428571428571,0.2966582402960068,0.7683982683982684,15,18,2,12,WeightedAverage,"weights={'GB_Accuracy_Prob': 0, 'Logistic_Prob': 3, 'RandomForest_Prob': 1, 'ExtraTrees_Prob': 0, 'SVC_RBF_Prob': 2}, threshold=0.14"
0.5454545454545455,0.574468085106383,0.4,0.8571428571428571,0.2966582402960068,0.7900432900432901,15,18,2,12,WeightedAverage,"weights={'GB_Accuracy_Prob': 1, 'Logistic_Prob': 0, 'RandomForest_Prob': 2, 'ExtraTrees_Prob': 1, 'SVC_RBF_Prob': 0}, threshold=0.19"
0.5454545454545455,0.574468085106383,0.4,0.8571428571428571,0.2966582402960068,0.7792207792207791,15,18,2,12,WeightedAverage,"weights={'GB_Accuracy_Prob': 1, 'Logistic_Prob': 0, 'RandomForest_Prob': 2, 'ExtraTrees_Prob': 2, 'SVC_RBF_Prob': 1}, threshold=0.21"
0.5454545454545455,0.574468085106383,0.4,0.8571428571428571,0.2966582402960068,0.7835497835497836,15,18,2,12,WeightedAverage,"weights={'GB_Accuracy_Prob': 1, 'Logistic_Prob': 1, 'RandomForest_Prob': 0, 'ExtraTrees_Prob': 0, 'SVC_RBF_Prob': 3}, threshold=0.19"
0.5454545454545455,0.574468085106383,0.4,0.8571428571428571,0.2966582402960068,0.7857142857142857,15,18,2,12,WeightedAverage,"weights={'GB_Accuracy_Prob': 1, 'Logistic_Prob': 1, 'RandomForest_Prob': 1, 'ExtraTrees_Prob': 1, 'SVC_RBF_Prob': 0}, threshold=0.14"
0.5454545454545455,0.574468085106383,0.4,0.8571428571428571,0.2966582402960068,0.7813852813852814,15,18,2,12,WeightedAverage,"weights={'GB_Accuracy_Prob': 1, 'Logistic_Prob': 1, 'RandomForest_Prob': 1, 'ExtraTrees_Prob': 1, 'SVC_RBF_Prob': 2}, threshold=0.18"
0.5454545454545455,0.574468085106383,0.4,0.8571428571428571,0.2966582402960068,0.7770562770562771,15,18,2,12,WeightedAverage,"weights={'GB_Accuracy_Prob': 1, 'Logistic_Prob': 1, 'RandomForest_Prob': 2, 'ExtraTrees_Prob': 0, 'SVC_RBF_Prob': 1}, threshold=0.17"
0.5454545454545455,0.574468085106383,0.4,0.8571428571428571,0.2966582402960068,0.7727272727272727,15,18,2,12,WeightedAverage,"weights={'GB_Accuracy_Prob': 1, 'Logistic_Prob': 2, 'RandomForest_Prob': 0, 'ExtraTrees_Prob': 0, 'SVC_RBF_Prob': 0}, threshold=0.04"
0.5454545454545455,0.574468085106383,0.4,0.8571428571428571,0.2966582402960068,0.7792207792207793,15,18,2,12,WeightedAverage,"weights={'GB_Accuracy_Prob': 1, 'Logistic_Prob': 2, 'RandomForest_Prob': 0, 'ExtraTrees_Prob': 0, 'SVC_RBF_Prob': 1}, threshold=0.10"
0.5454545454545455,0.574468085106383,0.4,0.8571428571428571,0.2966582402960068,0.7792207792207793,15,18,2,12,WeightedAverage,"weights={'GB_Accuracy_Prob': 1, 'Logistic_Prob': 2, 'RandomForest_Prob': 0, 'ExtraTrees_Prob': 1, 'SVC_RBF_Prob': 0}, threshold=0.09"
0.5454545454545455,0.574468085106383,0.4,0.8571428571428571,0.2966582402960068,0.7813852813852814,15,18,2,12,WeightedAverage,"weights={'GB_Accuracy_Prob': 1, 'Logistic_Prob': 2, 'RandomForest_Prob': 1, 'ExtraTrees_Prob': 0, 'SVC_RBF_Prob': 1}, threshold=0.13"
0.5454545454545455,0.574468085106383,0.4,0.8571428571428571,0.2966582402960068,0.7748917748917749,15,18,2,12,WeightedAverage,"weights={'GB_Accuracy_Prob': 1, 'Logistic_Prob': 2, 'RandomForest_Prob': 2, 'ExtraTrees_Prob': 0, 'SVC_RBF_Prob': 2}, threshold=0.16"
0.5454545454545455,0.574468085106383,0.4,0.8571428571428571,0.2966582402960068,0.79004329004329,15,18,2,12,WeightedAverage,"weights={'GB_Accuracy_Prob': 2, 'Logistic_Prob': 0, 'RandomForest_Prob': 0, 'ExtraTrees_Prob': 0, 'SVC_RBF_Prob': 1}, threshold=0.13"
0.5454545454545455,0.574468085106383,0.4,0.8571428571428571,0.2966582402960068,0.7943722943722944,15,18,2,12,WeightedAverage,"weights={'GB_Accuracy_Prob': 2, 'Logistic_Prob': 0, 'RandomForest_Prob': 1, 'ExtraTrees_Prob': 0, 'SVC_RBF_Prob': 3}, threshold=0.19"
0.5454545454545455,0.574468085106383,0.4,0.8571428571428571,0.2966582402960068,0.7987012987012988,15,18,2,12,WeightedAverage,"weights={'GB_Accuracy_Prob': 2, 'Logistic_Prob': 0, 'RandomForest_Prob': 2, 'ExtraTrees_Prob': 0, 'SVC_RBF_Prob': 1}, threshold=0.17"
0.5454545454545455,0.574468085106383,0.4,0.8571428571428571,0.2966582402960068,0.7922077922077922,15,18,2,12,WeightedAverage,"weights={'GB_Accuracy_Prob': 2, 'Logistic_Prob': 0, 'RandomForest_Prob': 3, 'ExtraTrees_Prob': 0, 'SVC_RBF_Prob': 1}, threshold=0.18"
0.5454545454545455,0.574468085106383,0.4,0.8571428571428571,0.2966582402960068,0.7943722943722943,15,18,2,12,WeightedAverage,"weights={'GB_Accuracy_Prob': 2, 'Logistic_Prob': 1, 'RandomForest_Prob': 0, 'ExtraTrees_Prob': 1, 'SVC_RBF_Prob': 0}, threshold=0.10"
0.5454545454545455,0.574468085106383,0.4,0.8571428571428571,0.2966582402960068,0.7857142857142857,15,18,2,12,WeightedAverage,"weights={'GB_Accuracy_Prob': 2, 'Logistic_Prob': 1, 'RandomForest_Prob': 1, 'ExtraTrees_Prob': 1, 'SVC_RBF_Prob': 2}, threshold=0.17"
0.5454545454545455,0.574468085106383,0.4,0.8571428571428571,0.2966582402960068,0.7922077922077922,15,18,2,12,WeightedAverage,"weights={'GB_Accuracy_Prob': 2, 'Logistic_Prob': 1, 'RandomForest_Prob': 2, 'ExtraTrees_Prob': 0, 'SVC_RBF_Prob': 0}, threshold=0.13"
0.5454545454545455,0.574468085106383,0.4,0.8571428571428571,0.2966582402960068,0.79004329004329,15,18,2,12,WeightedAverage,"weights={'GB_Accuracy_Prob': 2, 'Logistic_Prob': 1, 'RandomForest_Prob': 3, 'ExtraTrees_Prob': 1, 'SVC_RBF_Prob': 0}, threshold=0.16"
0.5454545454545455,0.574468085106383,0.4,0.8571428571428571,0.2966582402960068,0.7727272727272727,15,18,2,12,WeightedAverage,"weights={'GB_Accuracy_Prob': 2, 'Logistic_Prob': 2, 'RandomForest_Prob': 0, 'ExtraTrees_Prob': 0, 'SVC_RBF_Prob': 1}, threshold=0.09"
0.5454545454545455,0.574468085106383,0.4,0.8571428571428571,0.2966582402960068,0.7748917748917749,15,18,2,12,WeightedAverage,"weights={'GB_Accuracy_Prob': 2, 'Logistic_Prob': 2, 'RandomForest_Prob': 2, 'ExtraTrees_Prob': 1, 'SVC_RBF_Prob': 0}, threshold=0.13"
0.5454545454545455,0.574468085106383,0.4,0.8571428571428571,0.2966582402960068,0.7987012987012986,15,18,2,12,WeightedAverage,"weights={'GB_Accuracy_Prob': 3, 'Logistic_Prob': 0, 'RandomForest_Prob': 0, 'ExtraTrees_Prob': 1, 'SVC_RBF_Prob': 3}, threshold=0.17"
0.5454545454545455,0.574468085106383,0.4,0.8571428571428571,0.2966582402960068,0.8008658008658008,15,18,2,12,WeightedAverage,"weights={'GB_Accuracy_Prob': 3, 'Logistic_Prob': 0, 'RandomForest_Prob': 1, 'ExtraTrees_Prob': 0, 'SVC_RBF_Prob': 1}, threshold=0.13"
0.5454545454545455,0.574468085106383,0.4,0.8571428571428571,0.2966582402960068,0.803030303030303,15,18,2,12,WeightedAverage,"weights={'GB_Accuracy_Prob': 3, 'Logistic_Prob': 0, 'RandomForest_Prob': 1, 'ExtraTrees_Prob': 1, 'SVC_RBF_Prob': 1}, threshold=0.15"
0.5454545454545455,0.574468085106383,0.4,0.8571428571428571,0.2966582402960068,0.8073593073593074,15,18,2,12,WeightedAverage,"weights={'GB_Accuracy_Prob': 3, 'Logistic_Prob': 0, 'RandomForest_Prob': 1, 'ExtraTrees_Prob': 1, 'SVC_RBF_Prob': 3}, threshold=0.18"
0.5454545454545455,0.574468085106383,0.4,0.8571428571428571,0.2966582402960068,0.8008658008658008,15,18,2,12,WeightedAverage,"weights={'GB_Accuracy_Prob': 3, 'Logistic_Prob': 0, 'RandomForest_Prob': 3, 'ExtraTrees_Prob': 1, 'SVC_RBF_Prob': 2}, threshold=0.18"
0.5454545454545455,0.574468085106383,0.4,0.8571428571428571,0.2966582402960068,0.7965367965367965,15,18,2,12,WeightedAverage,"weights={'GB_Accuracy_Prob': 3, 'Logistic_Prob': 0, 'RandomForest_Prob': 3, 'ExtraTrees_Prob': 2, 'SVC_RBF_Prob': 1}, threshold=0.18"
0.5454545454545455,0.574468085106383,0.4,0.8571428571428571,0.2966582402960068,0.7857142857142857,15,18,2,12,WeightedAverage,"weights={'GB_Accuracy_Prob': 3, 'Logistic_Prob': 1, 'RandomForest_Prob': 0, 'ExtraTrees_Prob': 0, 'SVC_RBF_Prob': 1}, threshold=0.10"
0.5454545454545455,0.574468085106383,0.4,0.8571428571428571,0.2966582402960068,0.7878787878787878,15,18,2,12,WeightedAverage,"weights={'GB_Accuracy_Prob': 3, 'Logistic_Prob': 1, 'RandomForest_Prob': 3, 'ExtraTrees_Prob': 0, 'SVC_RBF_Prob': 1}, threshold=0.15"
0.5454545454545455,0.574468085106383,0.4,0.8571428571428571,0.2966582402960068,0.7857142857142857,15,18,2,12,WeightedAverage,"weights={'GB_Accuracy_Prob': 3, 'Logistic_Prob': 2, 'RandomForest_Prob': 0, 'ExtraTrees_Prob': 1, 'SVC_RBF_Prob': 0}, threshold=0.08"
0.5454545454545455,0.574468085106383,0.4,0.8571428571428571,0.2966582402960068,0.7900432900432901,15,18,2,12,WeightedAverage,"weights={'GB_Accuracy_Prob': 3, 'Logistic_Prob': 2, 'RandomForest_Prob': 1, 'ExtraTrees_Prob': 2, 'SVC_RBF_Prob': 0}, threshold=0.12"
0.5454545454545454,0.7872340425531915,0.75,0.42857142857142855,0.4477655083790516,0.7662337662337662,31,2,8,6,AND_Logistic_SVC_RBF_Prob,Logistic>=0.79 AND SVC_RBF_Prob>=0.30
0.5454545454545454,0.7872340425531915,0.75,0.42857142857142855,0.4477655083790516,0.7705627705627706,31,2,8,6,AND_Logistic_GB_Accuracy_Prob,Logistic>=0.79 AND GB_Accuracy_Prob>=0.28
0.5454545454545454,0.7872340425531915,0.75,0.42857142857142855,0.4477655083790516,0.725108225108225,31,2,8,6,WeightedAverage,"weights={'GB_Accuracy_Prob': 0, 'Logistic_Prob': 0, 'RandomForest_Prob': 0, 'ExtraTrees_Prob': 1, 'SVC_RBF_Prob': 2}, threshold=0.33"
0.5454545454545454,0.7872340425531915,0.75,0.42857142857142855,0.4477655083790516,0.7532467532467533,31,2,8,6,WeightedAverage,"weights={'GB_Accuracy_Prob': 0, 'Logistic_Prob': 0, 'RandomForest_Prob': 1, 'ExtraTrees_Prob': 0, 'SVC_RBF_Prob': 3}, threshold=0.32"
0.5454545454545454,0.7872340425531915,0.75,0.42857142857142855,0.4477655083790516,0.8051948051948052,31,2,8,6,WeightedAverage,"weights={'GB_Accuracy_Prob': 1, 'Logistic_Prob': 0, 'RandomForest_Prob': 1, 'ExtraTrees_Prob': 0, 'SVC_RBF_Prob': 1}, threshold=0.42"
0.5454545454545454,0.7872340425531915,0.75,0.42857142857142855,0.4477655083790516,0.7835497835497836,31,2,8,6,WeightedAverage,"weights={'GB_Accuracy_Prob': 1, 'Logistic_Prob': 0, 'RandomForest_Prob': 1, 'ExtraTrees_Prob': 1, 'SVC_RBF_Prob': 1}, threshold=0.41"
0.5454545454545454,0.7872340425531915,0.75,0.42857142857142855,0.4477655083790516,0.7705627705627707,31,2,8,6,WeightedAverage,"weights={'GB_Accuracy_Prob': 1, 'Logistic_Prob': 0, 'RandomForest_Prob': 1, 'ExtraTrees_Prob': 3, 'SVC_RBF_Prob': 1}, threshold=0.39"
0.5454545454545454,0.7872340425531915,0.75,0.42857142857142855,0.4477655083790516,0.7878787878787878,31,2,8,6,WeightedAverage,"weights={'GB_Accuracy_Prob': 1, 'Logistic_Prob': 1, 'RandomForest_Prob': 0, 'ExtraTrees_Prob': 1, 'SVC_RBF_Prob': 0}, threshold=0.58"
0.5454545454545454,0.7872340425531915,0.75,0.42857142857142855,0.4477655083790516,0.7813852813852813,31,2,8,6,WeightedAverage,"weights={'GB_Accuracy_Prob': 1, 'Logistic_Prob': 1, 'RandomForest_Prob': 0, 'ExtraTrees_Prob': 1, 'SVC_RBF_Prob': 2}, threshold=0.50"
0.5454545454545454,0.7872340425531915,0.75,0.42857142857142855,0.4477655083790516,0.7792207792207791,31,2,8,6,WeightedAverage,"weights={'GB_Accuracy_Prob': 1, 'Logistic_Prob': 1, 'RandomForest_Prob': 0, 'ExtraTrees_Prob': 2, 'SVC_RBF_Prob': 0}, threshold=0.56"
0.5454545454545454,0.7872340425531915,0.75,0.42857142857142855,0.4477655083790516,0.7727272727272727,31,2,8,6,WeightedAverage,"weights={'GB_Accuracy_Prob': 1, 'Logistic_Prob': 2, 'RandomForest_Prob': 0, 'ExtraTrees_Prob': 0, 'SVC_RBF_Prob': 0}, threshold=0.76"
0.5454545454545454,0.6808510638297872,0.47368421052631576,0.6428571428571429,0.3166816131136075,0.7640692640692641,23,10,5,9,AND_Logistic_RandomForest_Prob,Logistic>=0.01 AND RandomForest_Prob>=0.24
0.5454545454545454,0.6808510638297872,0.47368421052631576,0.6428571428571429,0.3166816131136075,0.7640692640692641,23,10,5,9,OR_Logistic_RandomForest_Prob,Logistic>=0.59 OR RandomForest_Prob>=0.33
0.5454545454545454,0.6808510638297872,0.47368421052631576,0.6428571428571429,0.3166816131136075,0.7640692640692641,23,10,5,9,OR_Logistic_RandomForest_Prob,Logistic>=0.80 OR RandomForest_Prob>=0.30
0.5454545454545454,0.6808510638297872,0.47368421052631576,0.6428571428571429,0.3166816131136075,0.7640692640692641,23,10,5,9,AND_Logistic_ExtraTrees_Prob,Logistic>=0.04 AND ExtraTrees_Prob>=0.25
0.5454545454545454,0.6808510638297872,0.47368421052631576,0.6428571428571429,0.3166816131136075,0.7640692640692641,23,10,5,9,AND_Logistic_ExtraTrees_Prob,Logistic>=0.06 AND ExtraTrees_Prob>=0.22
0.5454545454545454,0.6808510638297872,0.47368421052631576,0.6428571428571429,0.3166816131136075,0.7640692640692641,23,10,5,9,AND_Logistic_ExtraTrees_Prob,Logistic>=0.07 AND ExtraTrees_Prob>=0.20
0.5454545454545454,0.6808510638297872,0.47368421052631576,0.6428571428571429,0.3166816131136075,0.7640692640692641,23,10,5,9,OR_Logistic_ExtraTrees_Prob,Logistic>=0.28 OR ExtraTrees_Prob>=0.32
0.5454545454545454,0.6808510638297872,0.47368421052631576,0.6428571428571429,0.3166816131136075,0.7662337662337662,23,10,5,9,AND_Logistic_SVC_RBF_Prob,Logistic>=0.07 AND SVC_RBF_Prob>=0.27
0.5454545454545454,0.6808510638297872,0.47368421052631576,0.6428571428571429,0.3166816131136075,0.7662337662337662,23,10,5,9,OR_Logistic_SVC_RBF_Prob,Logistic>=0.22 OR SVC_RBF_Prob>=0.30
0.5454545454545454,0.6808510638297872,0.47368421052631576,0.6428571428571429,0.3166816131136075,0.7662337662337662,23,10,5,9,OR_Logistic_SVC_RBF_Prob,Logistic>=0.80 OR SVC_RBF_Prob>=0.29
0.5454545454545454,0.6808510638297872,0.47368421052631576,0.6428571428571429,0.3166816131136075,0.7705627705627706,23,10,5,9,OR_Logistic_GB_Accuracy_Prob,Logistic>=0.22 OR GB_Accuracy_Prob>=0.32
0.5454545454545454,0.6808510638297872,0.47368421052631576,0.6428571428571429,0.3166816131136075,0.7705627705627706,23,10,5,9,OR_Logistic_GB_Accuracy_Prob,Logistic>=0.60 OR GB_Accuracy_Prob>=0.27
0.5454545454545454,0.6808510638297872,0.47368421052631576,0.6428571428571429,0.3166816131136075,0.7272727272727272,23,10,5,9,WeightedAverage,"weights={'GB_Accuracy_Prob': 0, 'Logistic_Prob': 0, 'RandomForest_Prob': 1, 'ExtraTrees_Prob': 0, 'SVC_RBF_Prob': 1}, threshold=0.29"
0.5454545454545454,0.6808510638297872,0.47368421052631576,0.6428571428571429,0.3166816131136075,0.7792207792207793,23,10,5,9,WeightedAverage,"weights={'GB_Accuracy_Prob': 1, 'Logistic_Prob': 1, 'RandomForest_Prob': 1, 'ExtraTrees_Prob': 0, 'SVC_RBF_Prob': 3}, threshold=0.25"
0.5454545454545454,0.6808510638297872,0.47368421052631576,0.6428571428571429,0.3166816131136075,0.787878787878788,23,10,5,9,WeightedAverage,"weights={'GB_Accuracy_Prob': 2, 'Logistic_Prob': 1, 'RandomForest_Prob': 3, 'ExtraTrees_Prob': 0, 'SVC_RBF_Prob': 0}, threshold=0.26"
0.5416666666666667,0.5319148936170213,0.38235294117647056,0.9285714285714286,0.2987456883501582,0.7023809523809524,12,21,1,13,RandomForest_Prob,RandomForest_Prob>=0.20
0.5416666666666667,0.5319148936170213,0.38235294117647056,0.9285714285714286,0.2987456883501582,0.7640692640692641,12,21,1,13,OR_Logistic_ExtraTrees_Prob,Logistic>=0.03 OR ExtraTrees_Prob>=0.24
0.5416666666666667,0.5319148936170213,0.38235294117647056,0.9285714285714286,0.2987456883501582,0.7640692640692641,12,21,1,13,OR_Logistic_ExtraTrees_Prob,Logistic>=0.04 OR ExtraTrees_Prob>=0.22
0.5416666666666667,0.5319148936170213,0.38235294117647056,0.9285714285714286,0.2987456883501582,0.7640692640692641,12,21,1,13,OR_Logistic_ExtraTrees_Prob,Logistic>=0.09 OR ExtraTrees_Prob>=0.21
0.5416666666666667,0.5319148936170213,0.38235294117647056,0.9285714285714286,0.2987456883501582,0.7640692640692641,12,21,1,13,WeightedAverage,"weights={'GB_Accuracy_Prob': 0, 'Logistic_Prob': 1, 'RandomForest_Prob': 0, 'ExtraTrees_Prob': 1, 'SVC_RBF_Prob': 0}, threshold=0.11"
0.5416666666666667,0.5319148936170213,0.38235294117647056,0.9285714285714286,0.2987456883501582,0.7445887445887446,12,21,1,13,WeightedAverage,"weights={'GB_Accuracy_Prob': 0, 'Logistic_Prob': 1, 'RandomForest_Prob': 0, 'ExtraTrees_Prob': 2, 'SVC_RBF_Prob': 3}, threshold=0.20"
0.5416666666666667,0.5319148936170213,0.38235294117647056,0.9285714285714286,0.2987456883501582,0.761904761904762,12,21,1,13,WeightedAverage,"weights={'GB_Accuracy_Prob': 0, 'Logistic_Prob': 1, 'RandomForest_Prob': 1, 'ExtraTrees_Prob': 0, 'SVC_RBF_Prob': 1}, threshold=0.17"
0.5416666666666667,0.5319148936170213,0.38235294117647056,0.9285714285714286,0.2987456883501582,0.761904761904762,12,21,1,13,WeightedAverage,"weights={'GB_Accuracy_Prob': 0, 'Logistic_Prob': 1, 'RandomForest_Prob': 1, 'ExtraTrees_Prob': 0, 'SVC_RBF_Prob': 2}, threshold=0.19"
0.5416666666666667,0.5319148936170213,0.38235294117647056,0.9285714285714286,0.2987456883501582,0.7532467532467533,12,21,1,13,WeightedAverage,"weights={'GB_Accuracy_Prob': 0, 'Logistic_Prob': 1, 'RandomForest_Prob': 2, 'ExtraTrees_Prob': 0, 'SVC_RBF_Prob': 3}, threshold=0.21"
0.5416666666666667,0.5319148936170213,0.38235294117647056,0.9285714285714286,0.2987456883501582,0.7662337662337663,12,21,1,13,WeightedAverage,"weights={'GB_Accuracy_Prob': 0, 'Logistic_Prob': 2, 'RandomForest_Prob': 0, 'ExtraTrees_Prob': 0, 'SVC_RBF_Prob': 1}, threshold=0.09"
0.5416666666666667,0.5319148936170213,0.38235294117647056,0.9285714285714286,0.2987456883501582,0.7662337662337663,12,21,1,13,WeightedAverage,"weights={'GB_Accuracy_Prob': 0, 'Logistic_Prob': 2, 'RandomForest_Prob': 1, 'ExtraTrees_Prob': 0, 'SVC_RBF_Prob': 1}, threshold=0.13"
0.5416666666666667,0.5319148936170213,0.38235294117647056,0.9285714285714286,0.2987456883501582,0.7683982683982684,12,21,1,13,WeightedAverage,"weights={'GB_Accuracy_Prob': 0, 'Logistic_Prob': 3, 'RandomForest_Prob': 0, 'ExtraTrees_Prob': 0, 'SVC_RBF_Prob': 1}, threshold=0.07"
0.5416666666666667,0.5319148936170213,0.38235294117647056,0.9285714285714286,0.2987456883501582,0.7705627705627704,12,21,1,13,WeightedAverage,"weights={'GB_Accuracy_Prob': 0, 'Logistic_Prob': 3, 'RandomForest_Prob': 0, 'ExtraTrees_Prob': 1, 'SVC_RBF_Prob': 2}, threshold=0.13"
0.5416666666666667,0.5319148936170213,0.38235294117647056,0.9285714285714286,0.2987456883501582,0.777056277056277,12,21,1,13,WeightedAverage,"weights={'GB_Accuracy_Prob': 0, 'Logistic_Prob': 3, 'RandomForest_Prob': 0, 'ExtraTrees_Prob': 2, 'SVC_RBF_Prob': 1}, threshold=0.12"
0.5416666666666667,0.5319148936170213,0.38235294117647056,0.9285714285714286,0.2987456883501582,0.7705627705627706,12,21,1,13,WeightedAverage,"weights={'GB_Accuracy_Prob': 0, 'Logistic_Prob': 3, 'RandomForest_Prob': 2, 'ExtraTrees_Prob': 0, 'SVC_RBF_Prob': 0}, threshold=0.10"
0.5416666666666667,0.5319148936170213,0.38235294117647056,0.9285714285714286,0.2987456883501582,0.8008658008658008,12,21,1,13,WeightedAverage,"weights={'GB_Accuracy_Prob': 1, 'Logistic_Prob': 0, 'RandomForest_Prob': 1, 'ExtraTrees_Prob': 0, 'SVC_RBF_Prob': 2}, threshold=0.20"
0.5416666666666667,0.5319148936170213,0.38235294117647056,0.9285714285714286,0.2987456883501582,0.7878787878787878,12,21,1,13,WeightedAverage,"weights={'GB_Accuracy_Prob': 1, 'Logistic_Prob': 0, 'RandomForest_Prob': 2, 'ExtraTrees_Prob': 0, 'SVC_RBF_Prob': 2}, threshold=0.20"
0.5416666666666667,0.5319148936170213,0.38235294117647056,0.9285714285714286,0.2987456883501582,0.7792207792207791,12,21,1,13,WeightedAverage,"weights={'GB_Accuracy_Prob': 1, 'Logistic_Prob': 1, 'RandomForest_Prob': 0, 'ExtraTrees_Prob': 2, 'SVC_RBF_Prob': 0}, threshold=0.13"
0.5416666666666667,0.5319148936170213,0.38235294117647056,0.9285714285714286,0.2987456883501582,0.79004329004329,12,21,1,13,WeightedAverage,"weights={'GB_Accuracy_Prob': 1, 'Logistic_Prob': 1, 'RandomForest_Prob': 1, 'ExtraTrees_Prob': 0, 'SVC_RBF_Prob': 0}, threshold=0.10"
0.5416666666666667,0.5319148936170213,0.38235294117647056,0.9285714285714286,0.2987456883501582,0.79004329004329,12,21,1,13,WeightedAverage,"weights={'GB_Accuracy_Prob': 1, 'Logistic_Prob': 1, 'RandomForest_Prob': 1, 'ExtraTrees_Prob': 0, 'SVC_RBF_Prob': 1}, threshold=0.14"
0.5416666666666667,0.5319148936170213,0.38235294117647056,0.9285714285714286,0.2987456883501582,0.7792207792207793,12,21,1,13,WeightedAverage,"weights={'GB_Accuracy_Prob': 1, 'Logistic_Prob': 1, 'RandomForest_Prob': 1, 'ExtraTrees_Prob': 0, 'SVC_RBF_Prob': 3}, threshold=0.18"
0.5416666666666667,0.5319148936170213,0.38235294117647056,0.9285714285714286,0.2987456883501582,0.7835497835497836,12,21,1,13,WeightedAverage,"weights={'GB_Accuracy_Prob': 1, 'Logistic_Prob': 1, 'RandomForest_Prob': 1, 'ExtraTrees_Prob': 1, 'SVC_RBF_Prob': 1}, threshold=0.15"
0.5416666666666667,0.5319148936170213,0.38235294117647056,0.9285714285714286,0.2987456883501582,0.7835497835497836,12,21,1,13,WeightedAverage,"weights={'GB_Accuracy_Prob': 1, 'Logistic_Prob': 2, 'RandomForest_Prob': 0, 'ExtraTrees_Prob': 2, 'SVC_RBF_Prob': 2}, threshold=0.15"
0.5416666666666667,0.5319148936170213,0.38235294117647056,0.9285714285714286,0.2987456883501582,0.7987012987012987,12,21,1,13,WeightedAverage,"weights={'GB_Accuracy_Prob': 2, 'Logistic_Prob': 0, 'RandomForest_Prob': 1, 'ExtraTrees_Prob': 1, 'SVC_RBF_Prob': 0}, threshold=0.14"
0.5405405405405405,0.6382978723404256,0.43478260869565216,0.7142857142857143,0.29306988152175045,0.7023809523809524,20,13,4,10,RandomForest_Prob,RandomForest_Prob>=0.27
0.5405405405405405,0.6382978723404256,0.43478260869565216,0.7142857142857143,0.29306988152175045,0.7640692640692641,20,13,4,10,AND_Logistic_ExtraTrees_Prob,Logistic>=0.02 AND ExtraTrees_Prob>=0.20
0.5405405405405405,0.6382978723404256,0.43478260869565216,0.7142857142857143,0.29306988152175045,0.7640692640692641,20,13,4,10,OR_Logistic_ExtraTrees_Prob,Logistic>=0.22 OR ExtraTrees_Prob>=0.30
0.5405405405405405,0.6382978723404256,0.43478260869565216,0.7142857142857143,0.29306988152175045,0.7662337662337662,20,13,4,10,AND_Logistic_SVC_RBF_Prob,Logistic>=0.03 AND SVC_RBF_Prob>=0.26
0.5405405405405405,0.6382978723404256,0.43478260869565216,0.7142857142857143,0.29306988152175045,0.7705627705627706,20,13,4,10,OR_Logistic_GB_Accuracy_Prob,Logistic>=0.13 OR GB_Accuracy_Prob>=0.11
0.5405405405405405,0.6382978723404256,0.43478260869565216,0.7142857142857143,0.29306988152175045,0.7272727272727272,20,13,4,10,WeightedAverage,"weights={'GB_Accuracy_Prob': 0, 'Logistic_Prob': 0, 'RandomForest_Prob': 1, 'ExtraTrees_Prob': 0, 'SVC_RBF_Prob': 1}, threshold=0.27"
0.5405405405405405,0.6382978723404256,0.43478260869565216,0.7142857142857143,0.29306988152175045,0.7532467532467533,20,13,4,10,WeightedAverage,"weights={'GB_Accuracy_Prob': 0, 'Logistic_Prob': 0, 'RandomForest_Prob': 1, 'ExtraTrees_Prob': 0, 'SVC_RBF_Prob': 3}, threshold=0.28"
0.5405405405405405,0.6382978723404256,0.43478260869565216,0.7142857142857143,0.29306988152175045,0.7445887445887446,20,13,4,10,WeightedAverage,"weights={'GB_Accuracy_Prob': 0, 'Logistic_Prob': 1, 'RandomForest_Prob': 0, 'ExtraTrees_Prob': 2, 'SVC_RBF_Prob': 3}, threshold=0.24"
0.5405405405405405,0.6382978723404256,0.43478260869565216,0.7142857142857143,0.29306988152175045,0.7380952380952381,20,13,4,10,WeightedAverage,"weights={'GB_Accuracy_Prob': 0, 'Logistic_Prob': 1, 'RandomForest_Prob': 0, 'ExtraTrees_Prob': 3, 'SVC_RBF_Prob': 1}, threshold=0.24"
0.5405405405405405,0.6382978723404256,0.43478260869565216,0.7142857142857143,0.29306988152175045,0.7489177489177489,20,13,4,10,WeightedAverage,"weights={'GB_Accuracy_Prob': 0, 'Logistic_Prob': 1, 'RandomForest_Prob': 1, 'ExtraTrees_Prob': 1, 'SVC_RBF_Prob': 3}, threshold=0.24"
0.5405405405405405,0.6382978723404256,0.43478260869565216,0.7142857142857143,0.29306988152175045,0.7380952380952381,20,13,4,10,WeightedAverage,"weights={'GB_Accuracy_Prob': 0, 'Logistic_Prob': 1, 'RandomForest_Prob': 1, 'ExtraTrees_Prob': 2, 'SVC_RBF_Prob': 0}, threshold=0.22"
0.5405405405405405,0.6382978723404256,0.43478260869565216,0.7142857142857143,0.29306988152175045,0.7424242424242424,20,13,4,10,WeightedAverage,"weights={'GB_Accuracy_Prob': 0, 'Logistic_Prob': 1, 'RandomForest_Prob': 2, 'ExtraTrees_Prob': 1, 'SVC_RBF_Prob': 0}, threshold=0.21"
0.5405405405405405,0.6382978723404256,0.43478260869565216,0.7142857142857143,0.29306988152175045,0.7532467532467533,20,13,4,10,WeightedAverage,"weights={'GB_Accuracy_Prob': 0, 'Logistic_Prob': 2, 'RandomForest_Prob': 0, 'ExtraTrees_Prob': 3, 'SVC_RBF_Prob': 0}, threshold=0.19"
0.5405405405405405,0.6382978723404256,0.43478260869565216,0.7142857142857143,0.29306988152175045,0.7467532467532467,20,13,4,10,WeightedAverage,"weights={'GB_Accuracy_Prob': 0, 'Logistic_Prob': 2, 'RandomForest_Prob': 1, 'ExtraTrees_Prob': 3, 'SVC_RBF_Prob': 2}, threshold=0.22"
0.5405405405405405,0.6382978723404256,0.43478260869565216,0.7142857142857143,0.29306988152175045,0.779220779220779,20,13,4,10,WeightedAverage,"weights={'GB_Accuracy_Prob': 1, 'Logistic_Prob': 0, 'RandomForest_Prob': 0, 'ExtraTrees_Prob': 2, 'SVC_RBF_Prob': 1}, threshold=0.23"
0.5405405405405405,0.6382978723404256,0.43478260869565216,0.7142857142857143,0.29306988152175045,0.7770562770562771,20,13,4,10,WeightedAverage,"weights={'GB_Accuracy_Prob': 1, 'Logistic_Prob': 0, 'RandomForest_Prob': 2, 'ExtraTrees_Prob': 2, 'SVC_RBF_Prob': 0}, threshold=0.22"
0.5405405405405405,0.6382978723404256,0.43478260869565216,0.7142857142857143,0.29306988152175045,0.7835497835497836,20,13,4,10,WeightedAverage,"weights={'GB_Accuracy_Prob': 1, 'Logistic_Prob': 1, 'RandomForest_Prob': 0, 'ExtraTrees_Prob': 0, 'SVC_RBF_Prob': 3}, threshold=0.21"
0.5405405405405405,0.6382978723404256,0.43478260869565216,0.7142857142857143,0.29306988152175045,0.7727272727272727,20,13,4,10,WeightedAverage,"weights={'GB_Accuracy_Prob': 1, 'Logistic_Prob': 1, 'RandomForest_Prob': 0, 'ExtraTrees_Prob': 3, 'SVC_RBF_Prob': 0}, threshold=0.20"
0.5405405405405405,0.6382978723404256,0.43478260869565216,0.7142857142857143,0.29306988152175045,0.777056277056277,20,13,4,10,WeightedAverage,"weights={'GB_Accuracy_Prob': 1, 'Logistic_Prob': 2, 'RandomForest_Prob': 0, 'ExtraTrees_Prob': 0, 'SVC_RBF_Prob': 2}, threshold=0.17"
0.5405405405405405,0.6382978723404256,0.43478260869565216,0.7142857142857143,0.29306988152175045,0.7813852813852813,20,13,4,10,WeightedAverage,"weights={'GB_Accuracy_Prob': 2, 'Logistic_Prob': 1, 'RandomForest_Prob': 0, 'ExtraTrees_Prob': 0, 'SVC_RBF_Prob': 3}, threshold=0.19"
0.5384615384615384,0.7446808510638298,0.5833333333333334,0.5,0.3654939925441437,0.777056277056277,28,5,7,7,Logistic_Prob,Logistic_Prob>=0.63
0.5384615384615384,0.7446808510638298,0.5833333333333334,0.5,0.3654939925441437,0.7640692640692641,28,5,7,7,AND_Logistic_RandomForest_Prob,Logistic>=0.60 AND RandomForest_Prob>=0.23
0.5384615384615384,0.7446808510638298,0.5833333333333334,0.5,0.3654939925441437,0.7640692640692641,28,5,7,7,OR_Logistic_RandomForest_Prob,Logistic>=0.85 OR RandomForest_Prob>=0.38
0.5384615384615384,0.7446808510638298,0.5833333333333334,0.5,0.3654939925441437,0.7640692640692641,28,5,7,7,OR_Logistic_RandomForest_Prob,Logistic>=0.95 OR RandomForest_Prob>=0.34
0.5384615384615384,0.7446808510638298,0.5833333333333334,0.5,0.3654939925441437,0.7640692640692641,28,5,7,7,OR_Logistic_ExtraTrees_Prob,Logistic>=0.79 OR ExtraTrees_Prob>=0.40
0.5384615384615384,0.7446808510638298,0.5833333333333334,0.5,0.3654939925441437,0.7640692640692641,28,5,7,7,OR_Logistic_ExtraTrees_Prob,Logistic>=0.80 OR ExtraTrees_Prob>=0.39
0.5384615384615384,0.7446808510638298,0.5833333333333334,0.5,0.3654939925441437,0.7640692640692641,28,5,7,7,OR_Logistic_ExtraTrees_Prob,Logistic>=0.85 OR ExtraTrees_Prob>=0.37
0.5384615384615384,0.7446808510638298,0.5833333333333334,0.5,0.3654939925441437,0.7662337662337662,28,5,7,7,AND_Logistic_SVC_RBF_Prob,Logistic>=0.59 AND SVC_RBF_Prob>=0.28
0.5384615384615384,0.7446808510638298,0.5833333333333334,0.5,0.3654939925441437,0.7705627705627706,28,5,7,7,OR_Logistic_GB_Accuracy_Prob,Logistic>=0.79 OR GB_Accuracy_Prob>=0.75
0.5384615384615384,0.7446808510638298,0.5833333333333334,0.5,0.3654939925441437,0.7705627705627706,28,5,7,7,OR_Logistic_GB_Accuracy_Prob,Logistic>=0.85 OR GB_Accuracy_Prob>=0.49
0.5384615384615384,0.7446808510638298,0.5833333333333334,0.5,0.3654939925441437,0.7380952380952381,28,5,7,7,WeightedAverage,"weights={'GB_Accuracy_Prob': 0, 'Logistic_Prob': 0, 'RandomForest_Prob': 0, 'ExtraTrees_Prob': 1, 'SVC_RBF_Prob': 3}, threshold=0.31"
0.5384615384615384,0.7446808510638298,0.5833333333333334,0.5,0.3654939925441437,0.7359307359307359,28,5,7,7,WeightedAverage,"weights={'GB_Accuracy_Prob': 0, 'Logistic_Prob': 1, 'RandomForest_Prob': 0, 'ExtraTrees_Prob': 3, 'SVC_RBF_Prob': 3}, threshold=0.37"
0.5384615384615384,0.7446808510638298,0.5833333333333334,0.5,0.3654939925441437,0.7359307359307359,28,5,7,7,WeightedAverage,"weights={'GB_Accuracy_Prob': 0, 'Logistic_Prob': 1, 'RandomForest_Prob': 2, 'ExtraTrees_Prob': 3, 'SVC_RBF_Prob': 0}, threshold=0.37"
0.5384615384615384,0.7446808510638298,0.5833333333333334,0.5,0.3654939925441437,0.7922077922077922,28,5,7,7,WeightedAverage,"weights={'GB_Accuracy_Prob': 1, 'Logistic_Prob': 0, 'RandomForest_Prob': 2, 'ExtraTrees_Prob': 0, 'SVC_RBF_Prob': 0}, threshold=0.37"
0.5384615384615384,0.7446808510638298,0.5833333333333334,0.5,0.3654939925441437,0.7770562770562771,28,5,7,7,WeightedAverage,"weights={'GB_Accuracy_Prob': 1, 'Logistic_Prob': 0, 'RandomForest_Prob': 2, 'ExtraTrees_Prob': 2, 'SVC_RBF_Prob': 0}, threshold=0.36"
0.5384615384615384,0.7446808510638298,0.5833333333333334,0.5,0.3654939925441437,0.8008658008658008,28,5,7,7,WeightedAverage,"weights={'GB_Accuracy_Prob': 3, 'Logistic_Prob': 0, 'RandomForest_Prob': 1, 'ExtraTrees_Prob': 0, 'SVC_RBF_Prob': 1}, threshold=0.34"
0.5384615384615384,0.48936170212765956,0.3684210526315789,1.0,0.3169833889962083,0.6753246753246753,9,24,0,14,ExtraTrees_Prob,ExtraTrees_Prob>=0.16
0.5384615384615384,0.48936170212765956,0.3684210526315789,1.0,0.3169833889962083,0.764069264069264,9,24,0,14,WeightedAverage,"weights={'GB_Accuracy_Prob': 0, 'Logistic_Prob': 3, 'RandomForest_Prob': 0, 'ExtraTrees_Prob': 0, 'SVC_RBF_Prob': 2}, threshold=0.10"
0.5365853658536585,0.5957446808510638,0.4074074074074074,0.7857142857142857,0.278289571810406,0.79004329004329,17,16,3,11,GB_Accuracy_Prob,GB_Accuracy_Prob>=0.07
0.5365853658536585,0.5957446808510638,0.4074074074074074,0.7857142857142857,0.278289571810406,0.7023809523809524,17,16,3,11,RandomForest_Prob,RandomForest_Prob>=0.23
0.5365853658536585,0.5957446808510638,0.4074074074074074,0.7857142857142857,0.278289571810406,0.7640692640692641,17,16,3,11,OR_Logistic_RandomForest_Prob,Logistic>=0.22 OR RandomForest_Prob>=0.25
0.5365853658536585,0.5957446808510638,0.4074074074074074,0.7857142857142857,0.278289571810406,0.7640692640692641,17,16,3,11,OR_Logistic_ExtraTrees_Prob,Logistic>=0.16 OR ExtraTrees_Prob>=0.27
0.5365853658536585,0.5957446808510638,0.4074074074074074,0.7857142857142857,0.278289571810406,0.7662337662337662,17,16,3,11,OR_Logistic_SVC_RBF_Prob,Logistic>=0.13 OR SVC_RBF_Prob>=0.27
0.5365853658536585,0.5957446808510638,0.4074074074074074,0.7857142857142857,0.278289571810406,0.7705627705627706,17,16,3,11,OR_Logistic_GB_Accuracy_Prob,Logistic>=0.09 OR GB_Accuracy_Prob>=0.08
0.5365853658536585,0.5957446808510638,0.4074074074074074,0.7857142857142857,0.278289571810406,0.7272727272727272,17,16,3,11,WeightedAverage,"weights={'GB_Accuracy_Prob': 0, 'Logistic_Prob': 0, 'RandomForest_Prob': 1, 'ExtraTrees_Prob': 0, 'SVC_RBF_Prob': 1}, threshold=0.25"
0.5365853658536585,0.5957446808510638,0.4074074074074074,0.7857142857142857,0.278289571810406,0.7424242424242424,17,16,3,11,WeightedAverage,"weights={'GB_Accuracy_Prob': 0, 'Logistic_Prob': 0, 'RandomForest_Prob': 1, 'ExtraTrees_Prob': 0, 'SVC_RBF_Prob': 2}, threshold=0.26"
0.5365853658536585,0.5957446808510638,0.4074074074074074,0.7857142857142857,0.278289571810406,0.70995670995671,17,16,3,11,WeightedAverage,"weights={'GB_Accuracy_Prob': 0, 'Logistic_Prob': 0, 'RandomForest_Prob': 1, 'ExtraTrees_Prob': 1, 'SVC_RBF_Prob': 1}, threshold=0.25"
0.5365853658536585,0.5957446808510638,0.4074074074074074,0.7857142857142857,0.278289571810406,0.7012987012987013,17,16,3,11,WeightedAverage,"weights={'GB_Accuracy_Prob': 0, 'Logistic_Prob': 0, 'RandomForest_Prob': 2, 'ExtraTrees_Prob': 1, 'SVC_RBF_Prob': 1}, threshold=0.25"
0.5365853658536585,0.5957446808510638,0.4074074074074074,0.7857142857142857,0.278289571810406,0.7164502164502164,17,16,3,11,WeightedAverage,"weights={'GB_Accuracy_Prob': 0, 'Logistic_Prob': 0, 'RandomForest_Prob': 3, 'ExtraTrees_Prob': 1, 'SVC_RBF_Prob': 3}, threshold=0.25"
0.5365853658536585,0.5957446808510638,0.4074074074074074,0.7857142857142857,0.278289571810406,0.7532467532467533,17,16,3,11,WeightedAverage,"weights={'GB_Accuracy_Prob': 0, 'Logistic_Prob': 1, 'RandomForest_Prob': 0, 'ExtraTrees_Prob': 1, 'SVC_RBF_Prob': 2}, threshold=0.21"
0.5365853658536585,0.5957446808510638,0.4074074074074074,0.7857142857142857,0.278289571810406,0.761904761904762,17,16,3,11,WeightedAverage,"weights={'GB_Accuracy_Prob': 0, 'Logistic_Prob': 1, 'RandomForest_Prob': 1, 'ExtraTrees_Prob': 0, 'SVC_RBF_Prob': 2}, threshold=0.21"
0.5365853658536585,0.5957446808510638,0.4074074074074074,0.7857142857142857,0.278289571810406,0.7532467532467533,17,16,3,11,WeightedAverage,"weights={'GB_Accuracy_Prob': 0, 'Logistic_Prob': 1, 'RandomForest_Prob': 1, 'ExtraTrees_Prob': 1, 'SVC_RBF_Prob': 2}, threshold=0.22"
0.5365853658536585,0.5957446808510638,0.4074074074074074,0.7857142857142857,0.278289571810406,0.7467532467532467,17,16,3,11,WeightedAverage,"weights={'GB_Accuracy_Prob': 0, 'Logistic_Prob': 1, 'RandomForest_Prob': 3, 'ExtraTrees_Prob': 1, 'SVC_RBF_Prob': 3}, threshold=0.23"
0.5365853658536585,0.5957446808510638,0.4074074074074074,0.7857142857142857,0.278289571810406,0.7532467532467533,17,16,3,11,WeightedAverage,"weights={'GB_Accuracy_Prob': 0, 'Logistic_Prob': 2, 'RandomForest_Prob': 0, 'ExtraTrees_Prob': 3, 'SVC_RBF_Prob': 1}, threshold=0.19"
0.5365853658536585,0.5957446808510638,0.4074074074074074,0.7857142857142857,0.278289571810406,0.7857142857142857,17,16,3,11,WeightedAverage,"weights={'GB_Accuracy_Prob': 1, 'Logistic_Prob': 0, 'RandomForest_Prob': 0, 'ExtraTrees_Prob': 0, 'SVC_RBF_Prob': 3}, threshold=0.22"
0.5365853658536585,0.5957446808510638,0.4074074074074074,0.7857142857142857,0.278289571810406,0.7965367965367965,17,16,3,11,WeightedAverage,"weights={'GB_Accuracy_Prob': 1, 'Logistic_Prob': 0, 'RandomForest_Prob': 0, 'ExtraTrees_Prob': 1, 'SVC_RBF_Prob': 0}, threshold=0.16"
0.5365853658536585,0.5957446808510638,0.4074074074074074,0.7857142857142857,0.278289571810406,0.7813852813852814,17,16,3,11,WeightedAverage,"weights={'GB_Accuracy_Prob': 1, 'Logistic_Prob': 0, 'RandomForest_Prob': 0, 'ExtraTrees_Prob': 2, 'SVC_RBF_Prob': 2}, threshold=0.22"
0.5365853658536585,0.5957446808510638,0.4074074074074074,0.7857142857142857,0.278289571810406,0.8051948051948051,17,16,3,11,WeightedAverage,"weights={'GB_Accuracy_Prob': 1, 'Logistic_Prob': 0, 'RandomForest_Prob': 1, 'ExtraTrees_Prob': 0, 'SVC_RBF_Prob': 0}, threshold=0.16"
0.5365853658536585,0.5957446808510638,0.4074074074074074,0.7857142857142857,0.278289571810406,0.7792207792207793,17,16,3,11,WeightedAverage,"weights={'GB_Accuracy_Prob': 1, 'Logistic_Prob': 1, 'RandomForest_Prob': 0, 'ExtraTrees_Prob': 1, 'SVC_RBF_Prob': 3}, threshold=0.20"
0.5365853658536585,0.5957446808510638,0.4074074074074074,0.7857142857142857,0.278289571810406,0.7792207792207791,17,16,3,11,WeightedAverage,"weights={'GB_Accuracy_Prob': 1, 'Logistic_Prob': 1, 'RandomForest_Prob': 0, 'ExtraTrees_Prob': 2, 'SVC_RBF_Prob': 0}, threshold=0.16"
0.5365853658536585,0.5957446808510638,0.4074074074074074,0.7857142857142857,0.278289571810406,0.7727272727272727,17,16,3,11,WeightedAverage,"weights={'GB_Accuracy_Prob': 1, 'Logistic_Prob': 1, 'RandomForest_Prob': 2, 'ExtraTrees_Prob': 0, 'SVC_RBF_Prob': 2}, threshold=0.19"
0.5365853658536585,0.5957446808510638,0.4074074074074074,0.7857142857142857,0.278289571810406,0.7987012987012988,17,16,3,11,WeightedAverage,"weights={'GB_Accuracy_Prob': 2, 'Logistic_Prob': 0, 'RandomForest_Prob': 2, 'ExtraTrees_Prob': 0, 'SVC_RBF_Prob': 1}, threshold=0.18"
0.5365853658536585,0.5957446808510638,0.4074074074074074,0.7857142857142857,0.278289571810406,0.8030303030303031,17,16,3,11,WeightedAverage,"weights={'GB_Accuracy_Prob': 2, 'Logistic_Prob': 0, 'RandomForest_Prob': 2, 'ExtraTrees_Prob': 0, 'SVC_RBF_Prob': 3}, threshold=0.20"
0.5365853658536585,0.5957446808510638,0.4074074074074074,0.7857142857142857,0.278289571810406,0.7922077922077922,17,16,3,11,WeightedAverage,"weights={'GB_Accuracy_Prob': 2, 'Logistic_Prob': 0, 'RandomForest_Prob': 3, 'ExtraTrees_Prob': 0, 'SVC_RBF_Prob': 2}, threshold=0.20"
0.5365853658536585,0.5957446808510638,0.4074074074074074,0.7857142857142857,0.278289571810406,0.7748917748917749,17,16,3,11,WeightedAverage,"weights={'GB_Accuracy_Prob': 2, 'Logistic_Prob': 1, 'RandomForest_Prob': 0, 'ExtraTrees_Prob': 0, 'SVC_RBF_Prob': 1}, threshold=0.12"
0.5365853658536585,0.5957446808510638,0.4074074074074074,0.7857142857142857,0.278289571810406,0.7987012987012987,17,16,3,11,WeightedAverage,"weights={'GB_Accuracy_Prob': 3, 'Logistic_Prob': 0, 'RandomForest_Prob': 0, 'ExtraTrees_Prob': 2, 'SVC_RBF_Prob': 3}, threshold=0.19"
0.5365853658536585,0.5957446808510638,0.4074074074074074,0.7857142857142857,0.278289571810406,0.7813852813852813,17,16,3,11,WeightedAverage,"weights={'GB_Accuracy_Prob': 3, 'Logistic_Prob': 0, 'RandomForest_Prob': 3, 'ExtraTrees_Prob': 3, 'SVC_RBF_Prob': 2}, threshold=0.20"
0.5365853658536585,0.5957446808510638,0.4074074074074074,0.7857142857142857,0.278289571810406,0.7900432900432901,17,16,3,11,WeightedAverage,"weights={'GB_Accuracy_Prob': 3, 'Logistic_Prob': 1, 'RandomForest_Prob': 1, 'ExtraTrees_Prob': 2, 'SVC_RBF_Prob': 3}, threshold=0.18"
0.5365853658536585,0.5957446808510638,0.4074074074074074,0.7857142857142857,0.278289571810406,0.7813852813852814,17,16,3,11,WeightedAverage,"weights={'GB_Accuracy_Prob': 3, 'Logistic_Prob': 1, 'RandomForest_Prob': 2, 'ExtraTrees_Prob': 3, 'SVC_RBF_Prob': 0}, threshold=0.16"
0.5365853658536585,0.5957446808510638,0.4074074074074074,0.7857142857142857,0.278289571810406,0.7900432900432901,17,16,3,11,WeightedAverage,"weights={'GB_Accuracy_Prob': 3, 'Logistic_Prob': 1, 'RandomForest_Prob': 3, 'ExtraTrees_Prob': 0, 'SVC_RBF_Prob': 3}, threshold=0.18"
0.5365853658536585,0.5957446808510638,0.4074074074074074,0.7857142857142857,0.278289571810406,0.7857142857142857,17,16,3,11,WeightedAverage,"weights={'GB_Accuracy_Prob': 3, 'Logistic_Prob': 1, 'RandomForest_Prob': 3, 'ExtraTrees_Prob': 2, 'SVC_RBF_Prob': 0}, threshold=0.16"
0.5333333333333333,0.7021276595744681,0.5,0.5714285714285714,0.3175278055155488,0.7640692640692641,25,8,6,8,AND_Logistic_RandomForest_Prob,Logistic>=0.01 AND RandomForest_Prob>=0.28
0.5333333333333333,0.7021276595744681,0.5,0.5714285714285714,0.3175278055155488,0.7640692640692641,25,8,6,8,OR_Logistic_RandomForest_Prob,Logistic>=0.59 OR RandomForest_Prob>=0.38
0.5333333333333333,0.7021276595744681,0.5,0.5714285714285714,0.3175278055155488,0.7640692640692641,25,8,6,8,OR_Logistic_RandomForest_Prob,Logistic>=0.85 OR RandomForest_Prob>=0.33
0.5333333333333333,0.7021276595744681,0.5,0.5714285714285714,0.3175278055155488,0.7640692640692641,25,8,6,8,AND_Logistic_ExtraTrees_Prob,Logistic>=0.03 AND ExtraTrees_Prob>=0.31
0.5333333333333333,0.7021276595744681,0.5,0.5714285714285714,0.3175278055155488,0.7640692640692641,25,8,6,8,AND_Logistic_ExtraTrees_Prob,Logistic>=0.09 AND ExtraTrees_Prob>=0.25
0.5333333333333333,0.7021276595744681,0.5,0.5714285714285714,0.3175278055155488,0.7640692640692641,25,8,6,8,AND_Logistic_ExtraTrees_Prob,Logistic>=0.13 AND ExtraTrees_Prob>=0.22
0.5333333333333333,0.7021276595744681,0.5,0.5714285714285714,0.3175278055155488,0.7640692640692641,25,8,6,8,OR_Logistic_ExtraTrees_Prob,Logistic>=0.59 OR ExtraTrees_Prob>=0.34
0.5333333333333333,0.7021276595744681,0.5,0.5714285714285714,0.3175278055155488,0.7640692640692641,25,8,6,8,OR_Logistic_ExtraTrees_Prob,Logistic>=0.95 OR ExtraTrees_Prob>=0.32
0.5333333333333333,0.7021276595744681,0.5,0.5714285714285714,0.3175278055155488,0.7662337662337662,25,8,6,8,OR_Logistic_SVC_RBF_Prob,Logistic>=0.60 OR SVC_RBF_Prob>=0.31
0.5333333333333333,0.7021276595744681,0.5,0.5714285714285714,0.3175278055155488,0.7662337662337662,25,8,6,8,OR_Logistic_SVC_RBF_Prob,Logistic>=0.63 OR SVC_RBF_Prob>=0.30
0.5333333333333333,0.7021276595744681,0.5,0.5714285714285714,0.3175278055155488,0.7705627705627706,25,8,6,8,OR_Logistic_GB_Accuracy_Prob,Logistic>=0.28 OR GB_Accuracy_Prob>=0.49
0.5333333333333333,0.7021276595744681,0.5,0.5714285714285714,0.3175278055155488,0.7705627705627706,25,8,6,8,OR_Logistic_GB_Accuracy_Prob,Logistic>=0.60 OR GB_Accuracy_Prob>=0.39
0.5333333333333333,0.7021276595744681,0.5,0.5714285714285714,0.3175278055155488,0.7705627705627706,25,8,6,8,OR_Logistic_GB_Accuracy_Prob,Logistic>=0.63 OR GB_Accuracy_Prob>=0.35
0.5333333333333333,0.7021276595744681,0.5,0.5714285714285714,0.3175278055155488,0.7705627705627706,25,8,6,8,OR_Logistic_GB_Accuracy_Prob,Logistic>=0.85 OR GB_Accuracy_Prob>=0.31
0.5333333333333333,0.7021276595744681,0.5,0.5714285714285714,0.3175278055155488,0.725108225108225,25,8,6,8,WeightedAverage,"weights={'GB_Accuracy_Prob': 0, 'Logistic_Prob': 0, 'RandomForest_Prob': 0, 'ExtraTrees_Prob': 1, 'SVC_RBF_Prob': 2}, threshold=0.29"
0.5333333333333333,0.7021276595744681,0.5,0.5714285714285714,0.3175278055155488,0.7424242424242424,25,8,6,8,WeightedAverage,"weights={'GB_Accuracy_Prob': 0, 'Logistic_Prob': 0, 'RandomForest_Prob': 1, 'ExtraTrees_Prob': 0, 'SVC_RBF_Prob': 2}, threshold=0.30"
0.5333333333333333,0.7021276595744681,0.5,0.5714285714285714,0.3175278055155488,0.7142857142857142,25,8,6,8,WeightedAverage,"weights={'GB_Accuracy_Prob': 0, 'Logistic_Prob': 0, 'RandomForest_Prob': 1, 'ExtraTrees_Prob': 2, 'SVC_RBF_Prob': 2}, threshold=0.31"
0.5333333333333333,0.5531914893617021,0.3870967741935484,0.8571428571428571,0.2715698336646141,0.79004329004329,14,19,2,12,GB_Accuracy_Prob,GB_Accuracy_Prob>=0.05
0.5333333333333333,0.5531914893617021,0.3870967741935484,0.8571428571428571,0.2715698336646141,0.777056277056277,14,19,2,12,Logistic_Prob,Logistic_Prob>=0.01
0.5333333333333333,0.5531914893617021,0.3870967741935484,0.8571428571428571,0.2715698336646141,0.7023809523809524,14,19,2,12,RandomForest_Prob,RandomForest_Prob>=0.22
0.5333333333333333,0.5531914893617021,0.3870967741935484,0.8571428571428571,0.2715698336646141,0.7640692640692641,14,19,2,12,OR_Logistic_RandomForest_Prob,Logistic>=0.02 OR RandomForest_Prob>=0.33
0.5333333333333333,0.5531914893617021,0.3870967741935484,0.8571428571428571,0.2715698336646141,0.7640692640692641,14,19,2,12,OR_Logistic_RandomForest_Prob,Logistic>=0.03 OR RandomForest_Prob>=0.28
0.5333333333333333,0.5531914893617021,0.3870967741935484,0.8571428571428571,0.2715698336646141,0.7640692640692641,14,19,2,12,OR_Logistic_ExtraTrees_Prob,Logistic>=0.02 OR ExtraTrees_Prob>=0.32
0.5333333333333333,0.5531914893617021,0.3870967741935484,0.8571428571428571,0.2715698336646141,0.7640692640692641,14,19,2,12,OR_Logistic_ExtraTrees_Prob,Logistic>=0.04 OR ExtraTrees_Prob>=0.25
0.5333333333333333,0.5531914893617021,0.3870967741935484,0.8571428571428571,0.2715698336646141,0.7640692640692641,14,19,2,12,OR_Logistic_ExtraTrees_Prob,Logistic>=0.13 OR ExtraTrees_Prob>=0.23
0.5333333333333333,0.5531914893617021,0.3870967741935484,0.8571428571428571,0.2715698336646141,0.7662337662337662,14,19,2,12,OR_Logistic_SVC_RBF_Prob,Logistic>=0.03 OR SVC_RBF_Prob>=0.27
0.5333333333333333,0.5531914893617021,0.3870967741935484,0.8571428571428571,0.2715698336646141,0.7532467532467533,14,19,2,12,WeightedAverage,"weights={'GB_Accuracy_Prob': 0, 'Logistic_Prob': 1, 'RandomForest_Prob': 0, 'ExtraTrees_Prob': 1, 'SVC_RBF_Prob': 2}, threshold=0.20"
0.5333333333333333,0.5531914893617021,0.3870967741935484,0.8571428571428571,0.2715698336646141,0.7445887445887446,14,19,2,12,WeightedAverage,"weights={'GB_Accuracy_Prob': 0, 'Logistic_Prob': 1, 'RandomForest_Prob': 0, 'ExtraTrees_Prob': 2, 'SVC_RBF_Prob': 3}, threshold=0.21"
0.5333333333333333,0.5531914893617021,0.3870967741935484,0.8571428571428571,0.2715698336646141,0.7424242424242424,14,19,2,12,WeightedAverage,"weights={'GB_Accuracy_Prob': 0, 'Logistic_Prob': 1, 'RandomForest_Prob': 2, 'ExtraTrees_Prob': 1, 'SVC_RBF_Prob': 0}, threshold=0.18"
0.5333333333333333,0.5531914893617021,0.3870967741935484,0.8571428571428571,0.2715698336646141,0.7424242424242424,14,19,2,12,WeightedAverage,"weights={'GB_Accuracy_Prob': 0, 'Logistic_Prob': 1, 'RandomForest_Prob': 2, 'ExtraTrees_Prob': 2, 'SVC_RBF_Prob': 2}, threshold=0.21"
0.5333333333333333,0.5531914893617021,0.3870967741935484,0.8571428571428571,0.2715698336646141,0.7532467532467532,14,19,2,12,WeightedAverage,"weights={'GB_Accuracy_Prob': 0, 'Logistic_Prob': 1, 'RandomForest_Prob': 3, 'ExtraTrees_Prob': 0, 'SVC_RBF_Prob': 2}, threshold=0.21"
0.5333333333333333,0.5531914893617021,0.3870967741935484,0.8571428571428571,0.2715698336646141,0.7467532467532467,14,19,2,12,WeightedAverage,"weights={'GB_Accuracy_Prob': 0, 'Logistic_Prob': 1, 'RandomForest_Prob': 3, 'ExtraTrees_Prob': 1, 'SVC_RBF_Prob': 3}, threshold=0.22"
0.5333333333333333,0.5531914893617021,0.3870967741935484,0.8571428571428571,0.2715698336646141,0.7727272727272727,14,19,2,12,WeightedAverage,"weights={'GB_Accuracy_Prob': 0, 'Logistic_Prob': 2, 'RandomForest_Prob': 0, 'ExtraTrees_Prob': 1, 'SVC_RBF_Prob': 3}, threshold=0.18"
0.5333333333333333,0.5531914893617021,0.3870967741935484,0.8571428571428571,0.2715698336646141,0.7943722943722944,14,19,2,12,WeightedAverage,"weights={'GB_Accuracy_Prob': 1, 'Logistic_Prob': 0, 'RandomForest_Prob': 0, 'ExtraTrees_Prob': 0, 'SVC_RBF_Prob': 1}, threshold=0.16"
0.5333333333333333,0.5531914893617021,0.3870967741935484,0.8571428571428571,0.2715698336646141,0.7835497835497836,14,19,2,12,WeightedAverage,"weights={'GB_Accuracy_Prob': 1, 'Logistic_Prob': 0, 'RandomForest_Prob': 1, 'ExtraTrees_Prob': 1, 'SVC_RBF_Prob': 1}, threshold=0.20"
0.5333333333333333,0.5531914893617021,0.3870967741935484,0.8571428571428571,0.2715698336646141,0.7857142857142857,14,19,2,12,WeightedAverage,"weights={'GB_Accuracy_Prob': 1, 'Logistic_Prob': 0, 'RandomForest_Prob': 1, 'ExtraTrees_Prob': 1, 'SVC_RBF_Prob': 3}, threshold=0.22"
0.5333333333333333,0.5531914893617021,0.3870967741935484,0.8571428571428571,0.2715698336646141,0.7835497835497836,14,19,2,12,WeightedAverage,"weights={'GB_Accuracy_Prob': 1, 'Logistic_Prob': 0, 'RandomForest_Prob': 1, 'ExtraTrees_Prob': 2, 'SVC_RBF_Prob': 0}, threshold=0.19"
0.5333333333333333,0.5531914893617021,0.3870967741935484,0.8571428571428571,0.2715698336646141,0.7770562770562771,14,19,2,12,WeightedAverage,"weights={'GB_Accuracy_Prob': 1, 'Logistic_Prob': 0, 'RandomForest_Prob': 2, 'ExtraTrees_Prob': 2, 'SVC_RBF_Prob': 0}, threshold=0.20"
0.5333333333333333,0.5531914893617021,0.3870967741935484,0.8571428571428571,0.2715698336646141,0.7705627705627706,14,19,2,12,WeightedAverage,"weights={'GB_Accuracy_Prob': 1, 'Logistic_Prob': 1, 'RandomForest_Prob': 0, 'ExtraTrees_Prob': 0, 'SVC_RBF_Prob': 0}, threshold=0.04"
0.5333333333333333,0.5531914893617021,0.3870967741935484,0.8571428571428571,0.2715698336646141,0.7813852813852814,14,19,2,12,WeightedAverage,"weights={'GB_Accuracy_Prob': 1, 'Logistic_Prob': 1, 'RandomForest_Prob': 0, 'ExtraTrees_Prob': 0, 'SVC_RBF_Prob': 1}, threshold=0.12"
0.5333333333333333,0.5531914893617021,0.3870967741935484,0.8571428571428571,0.2715698336646141,0.777056277056277,14,19,2,12,WeightedAverage,"weights={'GB_Accuracy_Prob': 1, 'Logistic_Prob': 1, 'RandomForest_Prob': 0, 'ExtraTrees_Prob': 0, 'SVC_RBF_Prob': 2}, threshold=0.16"
0.5333333333333333,0.5531914893617021,0.3870967741935484,0.8571428571428571,0.2715698336646141,0.79004329004329,14,19,2,12,WeightedAverage,"weights={'GB_Accuracy_Prob': 1, 'Logistic_Prob': 1, 'RandomForest_Prob': 0, 'ExtraTrees_Prob': 1, 'SVC_RBF_Prob': 1}, threshold=0.15"
0.5333333333333333,0.5531914893617021,0.3870967741935484,0.8571428571428571,0.2715698336646141,0.7792207792207793,14,19,2,12,WeightedAverage,"weights={'GB_Accuracy_Prob': 1, 'Logistic_Prob': 1, 'RandomForest_Prob': 0, 'ExtraTrees_Prob': 1, 'SVC_RBF_Prob': 3}, threshold=0.19"
0.5333333333333333,0.5531914893617021,0.3870967741935484,0.8571428571428571,0.2715698336646141,0.7792207792207793,14,19,2,12,WeightedAverage,"weights={'GB_Accuracy_Prob': 1, 'Logistic_Prob': 1, 'RandomForest_Prob': 0, 'ExtraTrees_Prob': 2, 'SVC_RBF_Prob': 2}, threshold=0.18"
0.5333333333333333,0.5531914893617021,0.3870967741935484,0.8571428571428571,0.2715698336646141,0.79004329004329,14,19,2,12,WeightedAverage,"weights={'GB_Accuracy_Prob': 1, 'Logistic_Prob': 1, 'RandomForest_Prob': 1, 'ExtraTrees_Prob': 0, 'SVC_RBF_Prob': 0}, threshold=0.11"
0.5333333333333333,0.5531914893617021,0.3870967741935484,0.8571428571428571,0.2715698336646141,0.79004329004329,14,19,2,12,WeightedAverage,"weights={'GB_Accuracy_Prob': 1, 'Logistic_Prob': 1, 'RandomForest_Prob': 1, 'ExtraTrees_Prob': 0, 'SVC_RBF_Prob': 1}, threshold=0.15"
0.5333333333333333,0.5531914893617021,0.3870967741935484,0.8571428571428571,0.2715698336646141,0.7792207792207791,14,19,2,12,WeightedAverage,"weights={'GB_Accuracy_Prob': 1, 'Logistic_Prob': 2, 'RandomForest_Prob': 0, 'ExtraTrees_Prob': 2, 'SVC_RBF_Prob': 1}, threshold=0.14"
0.5333333333333333,0.5531914893617021,0.3870967741935484,0.8571428571428571,0.2715698336646141,0.777056277056277,14,19,2,12,WeightedAverage,"weights={'GB_Accuracy_Prob': 1, 'Logistic_Prob': 2, 'RandomForest_Prob': 0, 'ExtraTrees_Prob': 3, 'SVC_RBF_Prob': 0}, threshold=0.13"
0.5333333333333333,0.5531914893617021,0.3870967741935484,0.8571428571428571,0.2715698336646141,0.7792207792207791,14,19,2,12,WeightedAverage,"weights={'GB_Accuracy_Prob': 1, 'Logistic_Prob': 2, 'RandomForest_Prob': 1, 'ExtraTrees_Prob': 1, 'SVC_RBF_Prob': 1}, threshold=0.14"
0.5333333333333333,0.5531914893617021,0.3870967741935484,0.8571428571428571,0.2715698336646141,0.7640692640692641,14,19,2,12,WeightedAverage,"weights={'GB_Accuracy_Prob': 1, 'Logistic_Prob': 3, 'RandomForest_Prob': 0, 'ExtraTrees_Prob': 0, 'SVC_RBF_Prob': 0}, threshold=0.03"
0.5333333333333333,0.5531914893617021,0.3870967741935484,0.8571428571428571,0.2715698336646141,0.7705627705627704,14,19,2,12,WeightedAverage,"weights={'GB_Accuracy_Prob': 1, 'Logistic_Prob': 3, 'RandomForest_Prob': 0, 'ExtraTrees_Prob': 0, 'SVC_RBF_Prob': 1}, threshold=0.08"
0.5333333333333333,0.5531914893617021,0.3870967741935484,0.8571428571428571,0.2715698336646141,0.7748917748917749,14,19,2,12,WeightedAverage,"weights={'GB_Accuracy_Prob': 1, 'Logistic_Prob': 3, 'RandomForest_Prob': 1, 'ExtraTrees_Prob': 1, 'SVC_RBF_Prob': 0}, threshold=0.10"
0.5333333333333333,0.5531914893617021,0.3870967741935484,0.8571428571428571,0.2715698336646141,0.7748917748917749,14,19,2,12,WeightedAverage,"weights={'GB_Accuracy_Prob': 1, 'Logistic_Prob': 3, 'RandomForest_Prob': 2, 'ExtraTrees_Prob': 0, 'SVC_RBF_Prob': 2}, threshold=0.14"
0.5333333333333333,0.5531914893617021,0.3870967741935484,0.8571428571428571,0.2715698336646141,0.8051948051948051,14,19,2,12,WeightedAverage,"weights={'GB_Accuracy_Prob': 2, 'Logistic_Prob': 0, 'RandomForest_Prob': 0, 'ExtraTrees_Prob': 1, 'SVC_RBF_Prob': 0}, threshold=0.12"
0.5333333333333333,0.5531914893617021,0.3870967741935484,0.8571428571428571,0.2715698336646141,0.8008658008658008,14,19,2,12,WeightedAverage,"weights={'GB_Accuracy_Prob': 2, 'Logistic_Prob': 0, 'RandomForest_Prob': 2, 'ExtraTrees_Prob': 1, 'SVC_RBF_Prob': 1}, threshold=0.18"
0.5333333333333333,0.5531914893617021,0.3870967741935484,0.8571428571428571,0.2715698336646141,0.79004329004329,14,19,2,12,WeightedAverage,"weights={'GB_Accuracy_Prob': 2, 'Logistic_Prob': 0, 'RandomForest_Prob': 2, 'ExtraTrees_Prob': 1, 'SVC_RBF_Prob': 3}, threshold=0.20"
0.5333333333333333,0.5531914893617021,0.3870967741935484,0.8571428571428571,0.2715698336646141,0.7727272727272727,14,19,2,12,WeightedAverage,"weights={'GB_Accuracy_Prob': 2, 'Logistic_Prob': 1, 'RandomForest_Prob': 0, 'ExtraTrees_Prob': 0, 'SVC_RBF_Prob': 0}, threshold=0.05"
0.5333333333333333,0.5531914893617021,0.3870967741935484,0.8571428571428571,0.2715698336646141,0.7900432900432901,14,19,2,12,WeightedAverage,"weights={'GB_Accuracy_Prob': 2, 'Logistic_Prob': 1, 'RandomForest_Prob': 1, 'ExtraTrees_Prob': 0, 'SVC_RBF_Prob': 0}, threshold=0.10"
0.5333333333333333,0.5531914893617021,0.3870967741935484,0.8571428571428571,0.2715698336646141,0.7813852813852813,14,19,2,12,WeightedAverage,"weights={'GB_Accuracy_Prob': 2, 'Logistic_Prob': 1, 'RandomForest_Prob': 2, 'ExtraTrees_Prob': 2, 'SVC_RBF_Prob': 1}, threshold=0.17"
0.5333333333333333,0.5531914893617021,0.3870967741935484,0.8571428571428571,0.2715698336646141,0.787878787878788,14,19,2,12,WeightedAverage,"weights={'GB_Accuracy_Prob': 2, 'Logistic_Prob': 2, 'RandomForest_Prob': 0, 'ExtraTrees_Prob': 1, 'SVC_RBF_Prob': 0}, threshold=0.08"
0.5333333333333333,0.5531914893617021,0.3870967741935484,0.8571428571428571,0.2715698336646141,0.7792207792207793,14,19,2,12,WeightedAverage,"weights={'GB_Accuracy_Prob': 2, 'Logistic_Prob': 2, 'RandomForest_Prob': 1, 'ExtraTrees_Prob': 3, 'SVC_RBF_Prob': 3}, threshold=0.17"
0.5333333333333333,0.5531914893617021,0.3870967741935484,0.8571428571428571,0.2715698336646141,0.8138528138528138,14,19,2,12,WeightedAverage,"weights={'GB_Accuracy_Prob': 3, 'Logistic_Prob': 0, 'RandomForest_Prob': 1, 'ExtraTrees_Prob': 0, 'SVC_RBF_Prob': 0}, threshold=0.09"
0.5333333333333333,0.5531914893617021,0.3870967741935484,0.8571428571428571,0.2715698336646141,0.7987012987012988,14,19,2,12,WeightedAverage,"weights={'GB_Accuracy_Prob': 3, 'Logistic_Prob': 0, 'RandomForest_Prob': 1, 'ExtraTrees_Prob': 0, 'SVC_RBF_Prob': 2}, threshold=0.15"
0.5333333333333333,0.5531914893617021,0.3870967741935484,0.8571428571428571,0.2715698336646141,0.8051948051948051,14,19,2,12,WeightedAverage,"weights={'GB_Accuracy_Prob': 3, 'Logistic_Prob': 0, 'RandomForest_Prob': 2, 'ExtraTrees_Prob': 1, 'SVC_RBF_Prob': 1}, threshold=0.16"
0.5333333333333333,0.5531914893617021,0.3870967741935484,0.8571428571428571,0.2715698336646141,0.7922077922077922,14,19,2,12,WeightedAverage,"weights={'GB_Accuracy_Prob': 3, 'Logistic_Prob': 0, 'RandomForest_Prob': 3, 'ExtraTrees_Prob': 2, 'SVC_RBF_Prob': 0}, threshold=0.17"
0.5333333333333333,0.5531914893617021,0.3870967741935484,0.8571428571428571,0.2715698336646141,0.7922077922077921,14,19,2,12,WeightedAverage,"weights={'GB_Accuracy_Prob': 3, 'Logistic_Prob': 1, 'RandomForest_Prob': 0, 'ExtraTrees_Prob': 2, 'SVC_RBF_Prob': 2}, threshold=0.15"
0.5333333333333333,0.5531914893617021,0.3870967741935484,0.8571428571428571,0.2715698336646141,0.7943722943722944,14,19,2,12,WeightedAverage,"weights={'GB_Accuracy_Prob': 3, 'Logistic_Prob': 1, 'RandomForest_Prob': 0, 'ExtraTrees_Prob': 3, 'SVC_RBF_Prob': 0}, threshold=0.13"
0.5333333333333333,0.5531914893617021,0.3870967741935484,0.8571428571428571,0.2715698336646141,0.787878787878788,14,19,2,12,WeightedAverage,"weights={'GB_Accuracy_Prob': 3, 'Logistic_Prob': 1, 'RandomForest_Prob': 3, 'ExtraTrees_Prob': 0, 'SVC_RBF_Prob': 2}, threshold=0.16"
0.5333333333333333,0.5531914893617021,0.3870967741935484,0.8571428571428571,0.2715698336646141,0.79004329004329,14,19,2,12,WeightedAverage,"weights={'GB_Accuracy_Prob': 3, 'Logistic_Prob': 1, 'RandomForest_Prob': 3, 'ExtraTrees_Prob': 1, 'SVC_RBF_Prob': 1}, threshold=0.16"
0.5333333333333333,0.5531914893617021,0.3870967741935484,0.8571428571428571,0.2715698336646141,0.79004329004329,14,19,2,12,WeightedAverage,"weights={'GB_Accuracy_Prob': 3, 'Logistic_Prob': 2, 'RandomForest_Prob': 1, 'ExtraTrees_Prob': 1, 'SVC_RBF_Prob': 3}, threshold=0.15"
0.5333333333333333,0.5531914893617021,0.3870967741935484,0.8571428571428571,0.2715698336646141,0.7835497835497836,14,19,2,12,WeightedAverage,"weights={'GB_Accuracy_Prob': 3, 'Logistic_Prob': 3, 'RandomForest_Prob': 1, 'ExtraTrees_Prob': 0, 'SVC_RBF_Prob': 0}, threshold=0.07"
0.5306122448979592,0.5106382978723404,0.37142857142857144,0.9285714285714286,0.2746880316636111,0.7023809523809524,11,22,1,13,RandomForest_Prob,RandomForest_Prob>=0.19
0.5306122448979592,0.5106382978723404,0.37142857142857144,0.9285714285714286,0.2746880316636111,0.7640692640692641,11,22,1,13,OR_Logistic_RandomForest_Prob,Logistic>=0.02 OR RandomForest_Prob>=0.27
0.5306122448979592,0.5106382978723404,0.37142857142857144,0.9285714285714286,0.2746880316636111,0.7640692640692641,11,22,1,13,OR_Logistic_RandomForest_Prob,Logistic>=0.03 OR RandomForest_Prob>=0.25
0.5306122448979592,0.5106382978723404,0.37142857142857144,0.9285714285714286,0.2746880316636111,0.7640692640692641,11,22,1,13,OR_Logistic_RandomForest_Prob,Logistic>=0.04 OR RandomForest_Prob>=0.20
0.5306122448979592,0.5106382978723404,0.37142857142857144,0.9285714285714286,0.2746880316636111,0.7640692640692641,11,22,1,13,OR_Logistic_ExtraTrees_Prob,Logistic>=0.03 OR ExtraTrees_Prob>=0.23
0.5306122448979592,0.5106382978723404,0.37142857142857144,0.9285714285714286,0.2746880316636111,0.7640692640692641,11,22,1,13,OR_Logistic_ExtraTrees_Prob,Logistic>=0.04 OR ExtraTrees_Prob>=0.21
0.5306122448979592,0.5106382978723404,0.37142857142857144,0.9285714285714286,0.2746880316636111,0.7640692640692641,11,22,1,13,OR_Logistic_ExtraTrees_Prob,Logistic>=0.09 OR ExtraTrees_Prob>=0.20
0.5306122448979592,0.5106382978723404,0.37142857142857144,0.9285714285714286,0.2746880316636111,0.7662337662337662,11,22,1,13,OR_Logistic_SVC_RBF_Prob,Logistic>=0.02 OR SVC_RBF_Prob>=0.26
0.5306122448979592,0.5106382978723404,0.37142857142857144,0.9285714285714286,0.2746880316636111,0.761904761904762,11,22,1,13,WeightedAverage,"weights={'GB_Accuracy_Prob': 0, 'Logistic_Prob': 1, 'RandomForest_Prob': 0, 'ExtraTrees_Prob': 1, 'SVC_RBF_Prob': 1}, threshold=0.16"
0.5306122448979592,0.5106382978723404,0.37142857142857144,0.9285714285714286,0.2746880316636111,0.751082251082251,11,22,1,13,WeightedAverage,"weights={'GB_Accuracy_Prob': 0, 'Logistic_Prob': 1, 'RandomForest_Prob': 0, 'ExtraTrees_Prob': 1, 'SVC_RBF_Prob': 3}, threshold=0.20"
0.5306122448979592,0.5106382978723404,0.37142857142857144,0.9285714285714286,0.2746880316636111,0.7424242424242424,11,22,1,13,WeightedAverage,"weights={'GB_Accuracy_Prob': 0, 'Logistic_Prob': 1, 'RandomForest_Prob': 0, 'ExtraTrees_Prob': 2, 'SVC_RBF_Prob': 1}, threshold=0.16"
0.5306122448979592,0.5106382978723404,0.37142857142857144,0.9285714285714286,0.2746880316636111,0.761904761904762,11,22,1,13,WeightedAverage,"weights={'GB_Accuracy_Prob': 0, 'Logistic_Prob': 1, 'RandomForest_Prob': 1, 'ExtraTrees_Prob': 0, 'SVC_RBF_Prob': 1}, threshold=0.16"
0.5306122448979592,0.5106382978723404,0.37142857142857144,0.9285714285714286,0.2746880316636111,0.7575757575757576,11,22,1,13,WeightedAverage,"weights={'GB_Accuracy_Prob': 0, 'Logistic_Prob': 3, 'RandomForest_Prob': 0, 'ExtraTrees_Prob': 1, 'SVC_RBF_Prob': 0}, threshold=0.06"
0.5306122448979592,0.5106382978723404,0.37142857142857144,0.9285714285714286,0.2746880316636111,0.7965367965367965,11,22,1,13,WeightedAverage,"weights={'GB_Accuracy_Prob': 1, 'Logistic_Prob': 0, 'RandomForest_Prob': 0, 'ExtraTrees_Prob': 1, 'SVC_RBF_Prob': 1}, threshold=0.17"
0.5306122448979592,0.5106382978723404,0.37142857142857144,0.9285714285714286,0.2746880316636111,0.7922077922077922,11,22,1,13,WeightedAverage,"weights={'GB_Accuracy_Prob': 1, 'Logistic_Prob': 0, 'RandomForest_Prob': 1, 'ExtraTrees_Prob': 0, 'SVC_RBF_Prob': 3}, threshold=0.21"
0.5306122448979592,0.5106382978723404,0.37142857142857144,0.9285714285714286,0.2746880316636111,0.7922077922077922,11,22,1,13,WeightedAverage,"weights={'GB_Accuracy_Prob': 1, 'Logistic_Prob': 0, 'RandomForest_Prob': 2, 'ExtraTrees_Prob': 0, 'SVC_RBF_Prob': 0}, threshold=0.15"
0.5306122448979592,0.5106382978723404,0.37142857142857144,0.9285714285714286,0.2746880316636111,0.7813852813852814,11,22,1,13,WeightedAverage,"weights={'GB_Accuracy_Prob': 1, 'Logistic_Prob': 1, 'RandomForest_Prob': 1, 'ExtraTrees_Prob': 1, 'SVC_RBF_Prob': 3}, threshold=0.18"
0.5306122448979592,0.5106382978723404,0.37142857142857144,0.9285714285714286,0.2746880316636111,0.8095238095238095,11,22,1,13,WeightedAverage,"weights={'GB_Accuracy_Prob': 2, 'Logistic_Prob': 0, 'RandomForest_Prob': 1, 'ExtraTrees_Prob': 0, 'SVC_RBF_Prob': 1}, threshold=0.14"
0.5306122448979592,0.5106382978723404,0.37142857142857144,0.9285714285714286,0.2746880316636111,0.7987012987012987,11,22,1,13,WeightedAverage,"weights={'GB_Accuracy_Prob': 2, 'Logistic_Prob': 0, 'RandomForest_Prob': 3, 'ExtraTrees_Prob': 0, 'SVC_RBF_Prob': 3}, threshold=0.19"
0.5306122448979592,0.5106382978723404,0.37142857142857144,0.9285714285714286,0.2746880316636111,0.8073593073593074,11,22,1,13,WeightedAverage,"weights={'GB_Accuracy_Prob': 3, 'Logistic_Prob': 0, 'RandomForest_Prob': 1, 'ExtraTrees_Prob': 1, 'SVC_RBF_Prob': 3}, threshold=0.17"
0.5306122448979592,0.5106382978723404,0.37142857142857144,0.9285714285714286,0.2746880316636111,0.8051948051948051,11,22,1,13,WeightedAverage,"weights={'GB_Accuracy_Prob': 3, 'Logistic_Prob': 0, 'RandomForest_Prob': 2, 'ExtraTrees_Prob': 0, 'SVC_RBF_Prob': 3}, threshold=0.17"
0.5294117647058824,0.6595744680851063,0.45,0.6428571428571429,0.2862979048121443,0.7640692640692641,22,11,5,9,OR_Logistic_RandomForest_Prob,Logistic>=0.59 OR RandomForest_Prob>=0.30
0.5294117647058824,0.6595744680851063,0.45,0.6428571428571429,0.2862979048121443,0.7640692640692641,22,11,5,9,OR_Logistic_RandomForest_Prob,Logistic>=0.80 OR RandomForest_Prob>=0.29
0.5294117647058824,0.6595744680851063,0.45,0.6428571428571429,0.2862979048121443,0.7640692640692641,22,11,5,9,OR_Logistic_RandomForest_Prob,Logistic>=0.85 OR RandomForest_Prob>=0.28
0.5294117647058824,0.6595744680851063,0.45,0.6428571428571429,0.2862979048121443,0.7640692640692641,22,11,5,9,AND_Logistic_ExtraTrees_Prob,Logistic>=0.03 AND ExtraTrees_Prob>=0.25
0.5294117647058824,0.6595744680851063,0.45,0.6428571428571429,0.2862979048121443,0.7640692640692641,22,11,5,9,AND_Logistic_ExtraTrees_Prob,Logistic>=0.04 AND ExtraTrees_Prob>=0.22
0.5294117647058824,0.6595744680851063,0.45,0.6428571428571429,0.2862979048121443,0.7640692640692641,22,11,5,9,OR_Logistic_ExtraTrees_Prob,Logistic>=0.95 OR ExtraTrees_Prob>=0.31
0.5294117647058824,0.6595744680851063,0.45,0.6428571428571429,0.2862979048121443,0.7662337662337662,22,11,5,9,AND_Logistic_SVC_RBF_Prob,Logistic>=0.07 AND SVC_RBF_Prob>=0.26
0.5294117647058824,0.6595744680851063,0.45,0.6428571428571429,0.2862979048121443,0.7662337662337662,22,11,5,9,OR_Logistic_SVC_RBF_Prob,Logistic>=0.28 OR SVC_RBF_Prob>=0.29
0.5294117647058824,0.6595744680851063,0.45,0.6428571428571429,0.2862979048121443,0.7705627705627706,22,11,5,9,OR_Logistic_GB_Accuracy_Prob,Logistic>=0.22 OR GB_Accuracy_Prob>=0.27
0.5294117647058824,0.6595744680851063,0.45,0.6428571428571429,0.2862979048121443,0.7272727272727272,22,11,5,9,WeightedAverage,"weights={'GB_Accuracy_Prob': 0, 'Logistic_Prob': 0, 'RandomForest_Prob': 1, 'ExtraTrees_Prob': 0, 'SVC_RBF_Prob': 1}, threshold=0.28"
0.5294117647058824,0.6595744680851063,0.45,0.6428571428571429,0.2862979048121443,0.6796536796536796,22,11,5,9,WeightedAverage,"weights={'GB_Accuracy_Prob': 0, 'Logistic_Prob': 0, 'RandomForest_Prob': 1, 'ExtraTrees_Prob': 1, 'SVC_RBF_Prob': 0}, threshold=0.28"
0.5294117647058824,0.6595744680851063,0.45,0.6428571428571429,0.2862979048121443,0.7857142857142857,22,11,5,9,WeightedAverage,"weights={'GB_Accuracy_Prob': 1, 'Logistic_Prob': 0, 'RandomForest_Prob': 0, 'ExtraTrees_Prob': 0, 'SVC_RBF_Prob': 3}, threshold=0.26"
0.5283018867924528,0.46808510638297873,0.358974358974359,1.0,0.29499845257913987,0.6753246753246753,8,25,0,14,ExtraTrees_Prob,ExtraTrees_Prob>=0.14
0.5283018867924528,0.46808510638297873,0.358974358974359,1.0,0.29499845257913987,0.7294372294372294,8,25,0,14,SVC_RBF_Prob,SVC_RBF_Prob>=0.24
0.5283018867924528,0.46808510638297873,0.358974358974359,1.0,0.29499845257913987,0.7640692640692641,8,25,0,14,OR_Logistic_ExtraTrees_Prob,Logistic>=0.04 OR ExtraTrees_Prob>=0.16
0.5283018867924528,0.46808510638297873,0.358974358974359,1.0,0.29499845257913987,0.725108225108225,8,25,0,14,WeightedAverage,"weights={'GB_Accuracy_Prob': 0, 'Logistic_Prob': 0, 'RandomForest_Prob': 0, 'ExtraTrees_Prob': 1, 'SVC_RBF_Prob': 2}, threshold=0.22"
0.5283018867924528,0.46808510638297873,0.358974358974359,1.0,0.29499845257913987,0.6926406926406927,8,25,0,14,WeightedAverage,"weights={'GB_Accuracy_Prob': 0, 'Logistic_Prob': 0, 'RandomForest_Prob': 2, 'ExtraTrees_Prob': 1, 'SVC_RBF_Prob': 0}, threshold=0.15"
0.5283018867924528,0.46808510638297873,0.358974358974359,1.0,0.29499845257913987,0.7792207792207793,8,25,0,14,WeightedAverage,"weights={'GB_Accuracy_Prob': 0, 'Logistic_Prob': 3, 'RandomForest_Prob': 0, 'ExtraTrees_Prob': 1, 'SVC_RBF_Prob': 3}, threshold=0.13"
0.5283018867924528,0.46808510638297873,0.358974358974359,1.0,0.29499845257913987,0.7857142857142857,8,25,0,14,WeightedAverage,"weights={'GB_Accuracy_Prob': 1, 'Logistic_Prob': 0, 'RandomForest_Prob': 0, 'ExtraTrees_Prob': 0, 'SVC_RBF_Prob': 3}, threshold=0.19"
0.5283018867924528,0.46808510638297873,0.358974358974359,1.0,0.29499845257913987,0.8051948051948052,8,25,0,14,WeightedAverage,"weights={'GB_Accuracy_Prob': 3, 'Logistic_Prob': 0, 'RandomForest_Prob': 0, 'ExtraTrees_Prob': 1, 'SVC_RBF_Prob': 1}, threshold=0.10"
0.5263157894736842,0.8085106382978723,1.0,0.35714285714285715,0.5297284633639759,0.79004329004329,33,0,9,5,GB_Accuracy_Prob,GB_Accuracy_Prob>=0.67
0.5263157894736842,0.8085106382978723,1.0,0.35714285714285715,0.5297284633639759,0.7705627705627706,33,0,9,5,AND_Logistic_GB_Accuracy_Prob,Logistic>=0.59 AND GB_Accuracy_Prob>=0.60
0.5263157894736842,0.8085106382978723,1.0,0.35714285714285715,0.5297284633639759,0.7987012987012987,33,0,9,5,WeightedAverage,"weights={'GB_Accuracy_Prob': 2, 'Logistic_Prob': 0, 'RandomForest_Prob': 2, 'ExtraTrees_Prob': 1, 'SVC_RBF_Prob': 0}, threshold=0.48"
0.5263157894736842,0.8085106382978723,1.0,0.35714285714285715,0.5297284633639759,0.7922077922077921,33,0,9,5,WeightedAverage,"weights={'GB_Accuracy_Prob': 2, 'Logistic_Prob': 1, 'RandomForest_Prob': 0, 'ExtraTrees_Prob': 2, 'SVC_RBF_Prob': 1}, threshold=0.54"
0.5263157894736842,0.6170212765957447,0.4166666666666667,0.7142857142857143,0.2653470548913146,0.7640692640692641,19,14,4,10,AND_Logistic_ExtraTrees_Prob,Logistic>=0.01 AND ExtraTrees_Prob>=0.20
0.5263157894736842,0.6170212765957447,0.4166666666666667,0.7142857142857143,0.2653470548913146,0.7640692640692641,19,14,4,10,OR_Logistic_ExtraTrees_Prob,Logistic>=0.22 OR ExtraTrees_Prob>=0.29
0.5263157894736842,0.6170212765957447,0.4166666666666667,0.7142857142857143,0.2653470548913146,0.7662337662337662,19,14,4,10,AND_Logistic_SVC_RBF_Prob,Logistic>=0.01 AND SVC_RBF_Prob>=0.27
0.5263157894736842,0.6170212765957447,0.4166666666666667,0.7142857142857143,0.2653470548913146,0.7424242424242424,19,14,4,10,WeightedAverage,"weights={'GB_Accuracy_Prob': 0, 'Logistic_Prob': 0, 'RandomForest_Prob': 1, 'ExtraTrees_Prob': 0, 'SVC_RBF_Prob': 2}, threshold=0.27"
0.5263157894736842,0.6170212765957447,0.4166666666666667,0.7142857142857143,0.2653470548913146,0.7251082251082251,19,14,4,10,WeightedAverage,"weights={'GB_Accuracy_Prob': 0, 'Logistic_Prob': 0, 'RandomForest_Prob': 1, 'ExtraTrees_Prob': 1, 'SVC_RBF_Prob': 3}, threshold=0.27"
0.5263157894736842,0.6170212765957447,0.4166666666666667,0.7142857142857143,0.2653470548913146,0.6926406926406926,19,14,4,10,WeightedAverage,"weights={'GB_Accuracy_Prob': 0, 'Logistic_Prob': 0, 'RandomForest_Prob': 3, 'ExtraTrees_Prob': 1, 'SVC_RBF_Prob': 0}, threshold=0.25"
0.5263157894736842,0.6170212765957447,0.4166666666666667,0.7142857142857143,0.2653470548913146,0.70995670995671,19,14,4,10,WeightedAverage,"weights={'GB_Accuracy_Prob': 0, 'Logistic_Prob': 0, 'RandomForest_Prob': 3, 'ExtraTrees_Prob': 2, 'SVC_RBF_Prob': 2}, threshold=0.26"
0.5263157894736842,0.6170212765957447,0.4166666666666667,0.7142857142857143,0.2653470548913146,0.7424242424242424,19,14,4,10,WeightedAverage,"weights={'GB_Accuracy_Prob': 0, 'Logistic_Prob': 1, 'RandomForest_Prob': 0, 'ExtraTrees_Prob': 2, 'SVC_RBF_Prob': 0}, threshold=0.21"
0.5263157894736842,0.6170212765957447,0.4166666666666667,0.7142857142857143,0.2653470548913146,0.7380952380952381,19,14,4,10,WeightedAverage,"weights={'GB_Accuracy_Prob': 0, 'Logistic_Prob': 1, 'RandomForest_Prob': 0, 'ExtraTrees_Prob': 3, 'SVC_RBF_Prob': 0}, threshold=0.23"
0.5263157894736842,0.6170212765957447,0.4166666666666667,0.7142857142857143,0.2653470548913146,0.7554112554112554,19,14,4,10,WeightedAverage,"weights={'GB_Accuracy_Prob': 0, 'Logistic_Prob': 1, 'RandomForest_Prob': 1, 'ExtraTrees_Prob': 1, 'SVC_RBF_Prob': 1}, threshold=0.22"
0.5263157894736842,0.6170212765957447,0.4166666666666667,0.7142857142857143,0.2653470548913146,0.748917748917749,19,14,4,10,WeightedAverage,"weights={'GB_Accuracy_Prob': 0, 'Logistic_Prob': 2, 'RandomForest_Prob': 0, 'ExtraTrees_Prob': 3, 'SVC_RBF_Prob': 3}, threshold=0.22"
0.5263157894736842,0.6170212765957447,0.4166666666666667,0.7142857142857143,0.2653470548913146,0.7402597402597403,19,14,4,10,WeightedAverage,"weights={'GB_Accuracy_Prob': 0, 'Logistic_Prob': 2, 'RandomForest_Prob': 3, 'ExtraTrees_Prob': 3, 'SVC_RBF_Prob': 1}, threshold=0.22"
0.5263157894736842,0.6170212765957447,0.4166666666666667,0.7142857142857143,0.2653470548913146,0.7943722943722944,19,14,4,10,WeightedAverage,"weights={'GB_Accuracy_Prob': 1, 'Logistic_Prob': 0, 'RandomForest_Prob': 0, 'ExtraTrees_Prob': 0, 'SVC_RBF_Prob': 1}, threshold=0.18"
0.5263157894736842,0.6170212765957447,0.4166666666666667,0.7142857142857143,0.2653470548913146,0.777056277056277,19,14,4,10,WeightedAverage,"weights={'GB_Accuracy_Prob': 1, 'Logistic_Prob': 0, 'RandomForest_Prob': 0, 'ExtraTrees_Prob': 2, 'SVC_RBF_Prob': 0}, threshold=0.21"
0.5263157894736842,0.6170212765957447,0.4166666666666667,0.7142857142857143,0.2653470548913146,0.777056277056277,19,14,4,10,WeightedAverage,"weights={'GB_Accuracy_Prob': 1, 'Logistic_Prob': 0, 'RandomForest_Prob': 3, 'ExtraTrees_Prob': 1, 'SVC_RBF_Prob': 0}, threshold=0.22"
0.5263157894736842,0.6170212765957447,0.4166666666666667,0.7142857142857143,0.2653470548913146,0.7727272727272727,19,14,4,10,WeightedAverage,"weights={'GB_Accuracy_Prob': 1, 'Logistic_Prob': 1, 'RandomForest_Prob': 0, 'ExtraTrees_Prob': 3, 'SVC_RBF_Prob': 3}, threshold=0.22"
0.5263157894736842,0.6170212765957447,0.4166666666666667,0.7142857142857143,0.2653470548913146,0.7727272727272727,19,14,4,10,WeightedAverage,"weights={'GB_Accuracy_Prob': 1, 'Logistic_Prob': 1, 'RandomForest_Prob': 1, 'ExtraTrees_Prob': 3, 'SVC_RBF_Prob': 2}, threshold=0.22"
0.5263157894736842,0.6170212765957447,0.4166666666666667,0.7142857142857143,0.2653470548913146,0.7813852813852813,19,14,4,10,WeightedAverage,"weights={'GB_Accuracy_Prob': 2, 'Logistic_Prob': 1, 'RandomForest_Prob': 0, 'ExtraTrees_Prob': 0, 'SVC_RBF_Prob': 3}, threshold=0.18"
0.5238095238095237,0.574468085106383,0.39285714285714285,0.7857142857142857,0.252135042287904,0.7640692640692641,16,17,3,11,OR_Logistic_RandomForest_Prob,Logistic>=0.22 OR RandomForest_Prob>=0.23
0.5238095238095237,0.574468085106383,0.39285714285714285,0.7857142857142857,0.252135042287904,0.7640692640692641,16,17,3,11,OR_Logistic_ExtraTrees_Prob,Logistic>=0.13 OR ExtraTrees_Prob>=0.27
0.5238095238095237,0.574468085106383,0.39285714285714285,0.7857142857142857,0.252135042287904,0.7640692640692641,16,17,3,11,OR_Logistic_ExtraTrees_Prob,Logistic>=0.16 OR ExtraTrees_Prob>=0.25
0.5238095238095237,0.574468085106383,0.39285714285714285,0.7857142857142857,0.252135042287904,0.7705627705627706,16,17,3,11,OR_Logistic_GB_Accuracy_Prob,Logistic>=0.07 OR GB_Accuracy_Prob>=0.08
0.5238095238095237,0.574468085106383,0.39285714285714285,0.7857142857142857,0.252135042287904,0.7705627705627706,16,17,3,11,OR_Logistic_GB_Accuracy_Prob,Logistic>=0.60 OR GB_Accuracy_Prob>=0.07
0.5238095238095237,0.574468085106383,0.39285714285714285,0.7857142857142857,0.252135042287904,0.7186147186147186,16,17,3,11,WeightedAverage,"weights={'GB_Accuracy_Prob': 0, 'Logistic_Prob': 0, 'RandomForest_Prob': 2, 'ExtraTrees_Prob': 0, 'SVC_RBF_Prob': 1}, threshold=0.24"
0.5238095238095237,0.574468085106383,0.39285714285714285,0.7857142857142857,0.252135042287904,0.7164502164502164,16,17,3,11,WeightedAverage,"weights={'GB_Accuracy_Prob': 0, 'Logistic_Prob': 0, 'RandomForest_Prob': 2, 'ExtraTrees_Prob': 2, 'SVC_RBF_Prob': 3}, threshold=0.25"
0.5238095238095237,0.574468085106383,0.39285714285714285,0.7857142857142857,0.252135042287904,0.751082251082251,16,17,3,11,WeightedAverage,"weights={'GB_Accuracy_Prob': 0, 'Logistic_Prob': 1, 'RandomForest_Prob': 0, 'ExtraTrees_Prob': 1, 'SVC_RBF_Prob': 3}, threshold=0.22"
0.5238095238095237,0.574468085106383,0.39285714285714285,0.7857142857142857,0.252135042287904,0.7445887445887446,16,17,3,11,WeightedAverage,"weights={'GB_Accuracy_Prob': 0, 'Logistic_Prob': 1, 'RandomForest_Prob': 0, 'ExtraTrees_Prob': 2, 'SVC_RBF_Prob': 3}, threshold=0.22"
0.5238095238095237,0.574468085106383,0.39285714285714285,0.7857142857142857,0.252135042287904,0.7532467532467533,16,17,3,11,WeightedAverage,"weights={'GB_Accuracy_Prob': 0, 'Logistic_Prob': 2, 'RandomForest_Prob': 0, 'ExtraTrees_Prob': 3, 'SVC_RBF_Prob': 0}, threshold=0.17"
0.5238095238095237,0.574468085106383,0.39285714285714285,0.7857142857142857,0.252135042287904,0.7965367965367965,16,17,3,11,WeightedAverage,"weights={'GB_Accuracy_Prob': 1, 'Logistic_Prob': 0, 'RandomForest_Prob': 0, 'ExtraTrees_Prob': 1, 'SVC_RBF_Prob': 1}, threshold=0.19"
0.5238095238095237,0.574468085106383,0.39285714285714285,0.7857142857142857,0.252135042287904,0.777056277056277,16,17,3,11,WeightedAverage,"weights={'GB_Accuracy_Prob': 1, 'Logistic_Prob': 0, 'RandomForest_Prob': 0, 'ExtraTrees_Prob': 2, 'SVC_RBF_Prob': 0}, threshold=0.18"
0.5238095238095237,0.574468085106383,0.39285714285714285,0.7857142857142857,0.252135042287904,0.8051948051948052,16,17,3,11,WeightedAverage,"weights={'GB_Accuracy_Prob': 1, 'Logistic_Prob': 0, 'RandomForest_Prob': 1, 'ExtraTrees_Prob': 0, 'SVC_RBF_Prob': 1}, threshold=0.19"
0.5238095238095237,0.574468085106383,0.39285714285714285,0.7857142857142857,0.252135042287904,0.8008658008658008,16,17,3,11,WeightedAverage,"weights={'GB_Accuracy_Prob': 1, 'Logistic_Prob': 0, 'RandomForest_Prob': 1, 'ExtraTrees_Prob': 0, 'SVC_RBF_Prob': 2}, threshold=0.21"
0.5238095238095237,0.574468085106383,0.39285714285714285,0.7857142857142857,0.252135042287904,0.7835497835497836,16,17,3,11,WeightedAverage,"weights={'GB_Accuracy_Prob': 1, 'Logistic_Prob': 0, 'RandomForest_Prob': 1, 'ExtraTrees_Prob': 2, 'SVC_RBF_Prob': 0}, threshold=0.20"
0.5238095238095237,0.574468085106383,0.39285714285714285,0.7857142857142857,0.252135042287904,0.7683982683982684,16,17,3,11,WeightedAverage,"weights={'GB_Accuracy_Prob': 1, 'Logistic_Prob': 0, 'RandomForest_Prob': 2, 'ExtraTrees_Prob': 3, 'SVC_RBF_Prob': 1}, threshold=0.22"
0.5238095238095237,0.574468085106383,0.39285714285714285,0.7857142857142857,0.252135042287904,0.7792207792207793,16,17,3,11,WeightedAverage,"weights={'GB_Accuracy_Prob': 1, 'Logistic_Prob': 1, 'RandomForest_Prob': 1, 'ExtraTrees_Prob': 0, 'SVC_RBF_Prob': 3}, threshold=0.20"
0.5238095238095237,0.574468085106383,0.39285714285714285,0.7857142857142857,0.252135042287904,0.7813852813852814,16,17,3,11,WeightedAverage,"weights={'GB_Accuracy_Prob': 1, 'Logistic_Prob': 1, 'RandomForest_Prob': 1, 'ExtraTrees_Prob': 1, 'SVC_RBF_Prob': 3}, threshold=0.20"
0.5238095238095237,0.574468085106383,0.39285714285714285,0.7857142857142857,0.252135042287904,0.7770562770562771,16,17,3,11,WeightedAverage,"weights={'GB_Accuracy_Prob': 1, 'Logistic_Prob': 1, 'RandomForest_Prob': 2, 'ExtraTrees_Prob': 1, 'SVC_RBF_Prob': 0}, threshold=0.17"
0.5238095238095237,0.574468085106383,0.39285714285714285,0.7857142857142857,0.252135042287904,0.803030303030303,16,17,3,11,WeightedAverage,"weights={'GB_Accuracy_Prob': 2, 'Logistic_Prob': 0, 'RandomForest_Prob': 0, 'ExtraTrees_Prob': 1, 'SVC_RBF_Prob': 2}, threshold=0.18"
0.5238095238095237,0.574468085106383,0.39285714285714285,0.7857142857142857,0.252135042287904,0.7987012987012987,16,17,3,11,WeightedAverage,"weights={'GB_Accuracy_Prob': 2, 'Logistic_Prob': 0, 'RandomForest_Prob': 1, 'ExtraTrees_Prob': 1, 'SVC_RBF_Prob': 0}, threshold=0.15"
0.5238095238095237,0.574468085106383,0.39285714285714285,0.7857142857142857,0.252135042287904,0.7965367965367965,16,17,3,11,WeightedAverage,"weights={'GB_Accuracy_Prob': 2, 'Logistic_Prob': 0, 'RandomForest_Prob': 1, 'ExtraTrees_Prob': 1, 'SVC_RBF_Prob': 2}, threshold=0.19"
0.5238095238095237,0.574468085106383,0.39285714285714285,0.7857142857142857,0.252135042287904,0.7857142857142857,16,17,3,11,WeightedAverage,"weights={'GB_Accuracy_Prob': 2, 'Logistic_Prob': 0, 'RandomForest_Prob': 1, 'ExtraTrees_Prob': 3, 'SVC_RBF_Prob': 2}, threshold=0.20"
0.5238095238095237,0.574468085106383,0.39285714285714285,0.7857142857142857,0.252135042287904,0.7922077922077921,16,17,3,11,WeightedAverage,"weights={'GB_Accuracy_Prob': 2, 'Logistic_Prob': 1, 'RandomForest_Prob': 0, 'ExtraTrees_Prob': 2, 'SVC_RBF_Prob': 1}, threshold=0.16"
0.5238095238095237,0.574468085106383,0.39285714285714285,0.7857142857142857,0.252135042287904,0.8008658008658008,16,17,3,11,WeightedAverage,"weights={'GB_Accuracy_Prob': 3, 'Logistic_Prob': 0, 'RandomForest_Prob': 1, 'ExtraTrees_Prob': 2, 'SVC_RBF_Prob': 1}, threshold=0.17"
0.5238095238095237,0.574468085106383,0.39285714285714285,0.7857142857142857,0.252135042287904,0.7965367965367967,16,17,3,11,WeightedAverage,"weights={'GB_Accuracy_Prob': 3, 'Logistic_Prob': 0, 'RandomForest_Prob': 1, 'ExtraTrees_Prob': 3, 'SVC_RBF_Prob': 0}, threshold=0.17"
0.5238095238095237,0.574468085106383,0.39285714285714285,0.7857142857142857,0.252135042287904,0.8008658008658008,16,17,3,11,WeightedAverage,"weights={'GB_Accuracy_Prob': 3, 'Logistic_Prob': 0, 'RandomForest_Prob': 2, 'ExtraTrees_Prob': 1, 'SVC_RBF_Prob': 0}, threshold=0.15"
0.5238095238095237,0.574468085106383,0.39285714285714285,0.7857142857142857,0.252135042287904,0.7900432900432901,16,17,3,11,WeightedAverage,"weights={'GB_Accuracy_Prob': 3, 'Logistic_Prob': 0, 'RandomForest_Prob': 3, 'ExtraTrees_Prob': 2, 'SVC_RBF_Prob': 3}, threshold=0.20"
0.5238095238095237,0.574468085106383,0.39285714285714285,0.7857142857142857,0.252135042287904,0.7835497835497836,16,17,3,11,WeightedAverage,"weights={'GB_Accuracy_Prob': 3, 'Logistic_Prob': 0, 'RandomForest_Prob': 3, 'ExtraTrees_Prob': 3, 'SVC_RBF_Prob': 1}, threshold=0.19"
0.5238095238095237,0.574468085106383,0.39285714285714285,0.7857142857142857,0.252135042287904,0.774891774891775,16,17,3,11,WeightedAverage,"weights={'GB_Accuracy_Prob': 3, 'Logistic_Prob': 1, 'RandomForest_Prob': 0, 'ExtraTrees_Prob': 0, 'SVC_RBF_Prob': 0}, threshold=0.06"
0.5217391304347826,0.7659574468085106,0.6666666666666666,0.42857142857142855,0.392455624471496,0.7640692640692641,30,3,8,6,AND_Logistic_ExtraTrees_Prob,Logistic>=0.01 AND ExtraTrees_Prob>=0.36
0.5217391304347826,0.7659574468085106,0.6666666666666666,0.42857142857142855,0.392455624471496,0.7662337662337662,30,3,8,6,AND_Logistic_SVC_RBF_Prob,Logistic>=0.79 AND SVC_RBF_Prob>=0.28
0.5217391304347826,0.7659574468085106,0.6666666666666666,0.42857142857142855,0.392455624471496,0.7705627705627706,30,3,8,6,AND_Logistic_GB_Accuracy_Prob,Logistic>=0.79 AND GB_Accuracy_Prob>=0.25
0.5217391304347826,0.7659574468085106,0.6666666666666666,0.42857142857142855,0.392455624471496,0.6818181818181819,30,3,8,6,WeightedAverage,"weights={'GB_Accuracy_Prob': 0, 'Logistic_Prob': 0, 'RandomForest_Prob': 0, 'ExtraTrees_Prob': 3, 'SVC_RBF_Prob': 1}, threshold=0.35"
0.5217391304347826,0.7659574468085106,0.6666666666666666,0.42857142857142855,0.392455624471496,0.7922077922077922,30,3,8,6,WeightedAverage,"weights={'GB_Accuracy_Prob': 1, 'Logistic_Prob': 0, 'RandomForest_Prob': 2, 'ExtraTrees_Prob': 0, 'SVC_RBF_Prob': 0}, threshold=0.41"
0.5217391304347826,0.7659574468085106,0.6666666666666666,0.42857142857142855,0.392455624471496,0.777056277056277,30,3,8,6,WeightedAverage,"weights={'GB_Accuracy_Prob': 1, 'Logistic_Prob': 0, 'RandomForest_Prob': 3, 'ExtraTrees_Prob': 2, 'SVC_RBF_Prob': 1}, threshold=0.37"
0.5217391304347826,0.7659574468085106,0.6666666666666666,0.42857142857142855,0.392455624471496,0.7727272727272727,30,3,8,6,WeightedAverage,"weights={'GB_Accuracy_Prob': 1, 'Logistic_Prob': 1, 'RandomForest_Prob': 0, 'ExtraTrees_Prob': 3, 'SVC_RBF_Prob': 0}, threshold=0.49"
0.5217391304347826,0.7659574468085106,0.6666666666666666,0.42857142857142855,0.392455624471496,0.79004329004329,30,3,8,6,WeightedAverage,"weights={'GB_Accuracy_Prob': 1, 'Logistic_Prob': 1, 'RandomForest_Prob': 1, 'ExtraTrees_Prob': 0, 'SVC_RBF_Prob': 0}, threshold=0.56"
0.5217391304347826,0.7659574468085106,0.6666666666666666,0.42857142857142855,0.392455624471496,0.7770562770562771,30,3,8,6,WeightedAverage,"weights={'GB_Accuracy_Prob': 1, 'Logistic_Prob': 1, 'RandomForest_Prob': 2, 'ExtraTrees_Prob': 1, 'SVC_RBF_Prob': 0}, threshold=0.49"
0.5217391304347826,0.7659574468085106,0.6666666666666666,0.42857142857142855,0.392455624471496,0.7727272727272727,30,3,8,6,WeightedAverage,"weights={'GB_Accuracy_Prob': 1, 'Logistic_Prob': 2, 'RandomForest_Prob': 0, 'ExtraTrees_Prob': 0, 'SVC_RBF_Prob': 0}, threshold=0.74"
0.5217391304347825,0.5319148936170213,0.375,0.8571428571428571,0.24632947586151901,0.79004329004329,13,20,2,12,GB_Accuracy_Prob,GB_Accuracy_Prob>=0.04
0.5217391304347825,0.5319148936170213,0.375,0.8571428571428571,0.24632947586151901,0.7640692640692641,13,20,2,12,OR_Logistic_RandomForest_Prob,Logistic>=0.01 OR RandomForest_Prob>=0.33
0.5217391304347825,0.5319148936170213,0.375,0.8571428571428571,0.24632947586151901,0.7640692640692641,13,20,2,12,OR_Logistic_RandomForest_Prob,Logistic>=0.02 OR RandomForest_Prob>=0.30
0.5217391304347825,0.5319148936170213,0.375,0.8571428571428571,0.24632947586151901,0.7640692640692641,13,20,2,12,OR_Logistic_RandomForest_Prob,Logistic>=0.13 OR RandomForest_Prob>=0.22
0.5217391304347825,0.5319148936170213,0.375,0.8571428571428571,0.24632947586151901,0.7640692640692641,13,20,2,12,OR_Logistic_ExtraTrees_Prob,Logistic>=0.01 OR ExtraTrees_Prob>=0.32
0.5217391304347825,0.5319148936170213,0.375,0.8571428571428571,0.24632947586151901,0.7640692640692641,13,20,2,12,OR_Logistic_ExtraTrees_Prob,Logistic>=0.03 OR ExtraTrees_Prob>=0.29
0.5217391304347825,0.5319148936170213,0.375,0.8571428571428571,0.24632947586151901,0.7640692640692641,13,20,2,12,OR_Logistic_ExtraTrees_Prob,Logistic>=0.13 OR ExtraTrees_Prob>=0.22
0.5217391304347825,0.5319148936170213,0.375,0.8571428571428571,0.24632947586151901,0.7662337662337662,13,20,2,12,OR_Logistic_SVC_RBF_Prob,Logistic>=0.02 OR SVC_RBF_Prob>=0.27
0.5217391304347825,0.5319148936170213,0.375,0.8571428571428571,0.24632947586151901,0.7662337662337662,13,20,2,12,OR_Logistic_SVC_RBF_Prob,Logistic>=0.13 OR SVC_RBF_Prob>=0.26
0.5217391304347825,0.5319148936170213,0.375,0.8571428571428571,0.24632947586151901,0.7705627705627706,13,20,2,12,OR_Logistic_GB_Accuracy_Prob,Logistic>=0.02 OR GB_Accuracy_Prob>=0.09
0.5217391304347825,0.5319148936170213,0.375,0.8571428571428571,0.24632947586151901,0.7705627705627706,13,20,2,12,OR_Logistic_GB_Accuracy_Prob,Logistic>=0.03 OR GB_Accuracy_Prob>=0.08
0.5217391304347825,0.5319148936170213,0.375,0.8571428571428571,0.24632947586151901,0.7705627705627706,13,20,2,12,OR_Logistic_GB_Accuracy_Prob,Logistic>=0.60 OR GB_Accuracy_Prob>=0.05
0.5217391304347825,0.5319148936170213,0.375,0.8571428571428571,0.24632947586151901,0.777056277056277,13,20,2,12,WeightedAverage,"weights={'GB_Accuracy_Prob': 0, 'Logistic_Prob': 1, 'RandomForest_Prob': 0, 'ExtraTrees_Prob': 0, 'SVC_RBF_Prob': 2}, threshold=0.18"
0.5217391304347825,0.5319148936170213,0.375,0.8571428571428571,0.24632947586151901,0.751082251082251,13,20,2,12,WeightedAverage,"weights={'GB_Accuracy_Prob': 0, 'Logistic_Prob': 1, 'RandomForest_Prob': 0, 'ExtraTrees_Prob': 1, 'SVC_RBF_Prob': 3}, threshold=0.21"
0.5217391304347825,0.5319148936170213,0.375,0.8571428571428571,0.24632947586151901,0.7359307359307359,13,20,2,12,WeightedAverage,"weights={'GB_Accuracy_Prob': 0, 'Logistic_Prob': 1, 'RandomForest_Prob': 0, 'ExtraTrees_Prob': 3, 'SVC_RBF_Prob': 2}, threshold=0.20"
0.5217391304347825,0.5319148936170213,0.375,0.8571428571428571,0.24632947586151901,0.7489177489177489,13,20,2,12,WeightedAverage,"weights={'GB_Accuracy_Prob': 0, 'Logistic_Prob': 1, 'RandomForest_Prob': 3, 'ExtraTrees_Prob': 1, 'SVC_RBF_Prob': 0}, threshold=0.19"
0.5217391304347825,0.5319148936170213,0.375,0.8571428571428571,0.24632947586151901,0.751082251082251,13,20,2,12,WeightedAverage,"weights={'GB_Accuracy_Prob': 0, 'Logistic_Prob': 1, 'RandomForest_Prob': 3, 'ExtraTrees_Prob': 1, 'SVC_RBF_Prob': 2}, threshold=0.21"
0.5217391304347825,0.5319148936170213,0.375,0.8571428571428571,0.24632947586151901,0.7575757575757576,13,20,2,12,WeightedAverage,"weights={'GB_Accuracy_Prob': 0, 'Logistic_Prob': 3, 'RandomForest_Prob': 0, 'ExtraTrees_Prob': 1, 'SVC_RBF_Prob': 0}, threshold=0.07"
0.5217391304347825,0.5319148936170213,0.375,0.8571428571428571,0.24632947586151901,0.7857142857142857,13,20,2,12,WeightedAverage,"weights={'GB_Accuracy_Prob': 1, 'Logistic_Prob': 0, 'RandomForest_Prob': 1, 'ExtraTrees_Prob': 1, 'SVC_RBF_Prob': 0}, threshold=0.17"
0.5217391304347825,0.5319148936170213,0.375,0.8571428571428571,0.24632947586151901,0.7813852813852813,13,20,2,12,WeightedAverage,"weights={'GB_Accuracy_Prob': 1, 'Logistic_Prob': 1, 'RandomForest_Prob': 0, 'ExtraTrees_Prob': 1, 'SVC_RBF_Prob': 2}, threshold=0.17"
0.5217391304347825,0.5319148936170213,0.375,0.8571428571428571,0.24632947586151901,0.7792207792207793,13,20,2,12,WeightedAverage,"weights={'GB_Accuracy_Prob': 1, 'Logistic_Prob': 1, 'RandomForest_Prob': 0, 'ExtraTrees_Prob': 2, 'SVC_RBF_Prob': 1}, threshold=0.16"
0.5217391304347825,0.5319148936170213,0.375,0.8571428571428571,0.24632947586151901,0.7813852813852814,13,20,2,12,WeightedAverage,"weights={'GB_Accuracy_Prob': 1, 'Logistic_Prob': 1, 'RandomForest_Prob': 1, 'ExtraTrees_Prob': 1, 'SVC_RBF_Prob': 3}, threshold=0.19"
0.5217391304347825,0.5319148936170213,0.375,0.8571428571428571,0.24632947586151901,0.7792207792207793,13,20,2,12,WeightedAverage,"weights={'GB_Accuracy_Prob': 1, 'Logistic_Prob': 2, 'RandomForest_Prob': 0, 'ExtraTrees_Prob': 0, 'SVC_RBF_Prob': 1}, threshold=0.09"
0.5217391304347825,0.5319148936170213,0.375,0.8571428571428571,0.24632947586151901,0.7792207792207793,13,20,2,12,WeightedAverage,"weights={'GB_Accuracy_Prob': 1, 'Logistic_Prob': 2, 'RandomForest_Prob': 0, 'ExtraTrees_Prob': 1, 'SVC_RBF_Prob': 0}, threshold=0.08"
0.5217391304347825,0.5319148936170213,0.375,0.8571428571428571,0.24632947586151901,0.7792207792207791,13,20,2,12,WeightedAverage,"weights={'GB_Accuracy_Prob': 1, 'Logistic_Prob': 2, 'RandomForest_Prob': 0, 'ExtraTrees_Prob': 2, 'SVC_RBF_Prob': 0}, threshold=0.11"
0.5217391304347825,0.5319148936170213,0.375,0.8571428571428571,0.24632947586151901,0.7813852813852814,13,20,2,12,WeightedAverage,"weights={'GB_Accuracy_Prob': 1, 'Logistic_Prob': 2, 'RandomForest_Prob': 1, 'ExtraTrees_Prob': 0, 'SVC_RBF_Prob': 1}, threshold=0.12"
0.5217391304347825,0.5319148936170213,0.375,0.8571428571428571,0.24632947586151901,0.79004329004329,13,20,2,12,WeightedAverage,"weights={'GB_Accuracy_Prob': 2, 'Logistic_Prob': 0, 'RandomForest_Prob': 0, 'ExtraTrees_Prob': 0, 'SVC_RBF_Prob': 1}, threshold=0.12"
0.5217391304347825,0.5319148936170213,0.375,0.8571428571428571,0.24632947586151901,0.7943722943722944,13,20,2,12,WeightedAverage,"weights={'GB_Accuracy_Prob': 2, 'Logistic_Prob': 0, 'RandomForest_Prob': 0, 'ExtraTrees_Prob': 0, 'SVC_RBF_Prob': 3}, threshold=0.18"
0.5217391304347825,0.5319148936170213,0.375,0.8571428571428571,0.24632947586151901,0.7987012987012987,13,20,2,12,WeightedAverage,"weights={'GB_Accuracy_Prob': 2, 'Logistic_Prob': 0, 'RandomForest_Prob': 1, 'ExtraTrees_Prob': 0, 'SVC_RBF_Prob': 2}, threshold=0.17"
0.5217391304347825,0.5319148936170213,0.375,0.8571428571428571,0.24632947586151901,0.7987012987012987,13,20,2,12,WeightedAverage,"weights={'GB_Accuracy_Prob': 2, 'Logistic_Prob': 0, 'RandomForest_Prob': 2, 'ExtraTrees_Prob': 1, 'SVC_RBF_Prob': 0}, threshold=0.16"
0.5217391304347825,0.5319148936170213,0.375,0.8571428571428571,0.24632947586151901,0.7943722943722944,13,20,2,12,WeightedAverage,"weights={'GB_Accuracy_Prob': 2, 'Logistic_Prob': 0, 'RandomForest_Prob': 2, 'ExtraTrees_Prob': 1, 'SVC_RBF_Prob': 2}, threshold=0.19"
0.5217391304347825,0.5319148936170213,0.375,0.8571428571428571,0.24632947586151901,0.7943722943722943,13,20,2,12,WeightedAverage,"weights={'GB_Accuracy_Prob': 2, 'Logistic_Prob': 0, 'RandomForest_Prob': 2, 'ExtraTrees_Prob': 3, 'SVC_RBF_Prob': 0}, threshold=0.18"
0.5217391304347825,0.5319148936170213,0.375,0.8571428571428571,0.24632947586151901,0.7943722943722943,13,20,2,12,WeightedAverage,"weights={'GB_Accuracy_Prob': 2, 'Logistic_Prob': 1, 'RandomForest_Prob': 0, 'ExtraTrees_Prob': 1, 'SVC_RBF_Prob': 0}, threshold=0.09"
0.5217391304347825,0.5319148936170213,0.375,0.8571428571428571,0.24632947586151901,0.7878787878787878,13,20,2,12,WeightedAverage,"weights={'GB_Accuracy_Prob': 2, 'Logistic_Prob': 1, 'RandomForest_Prob': 0, 'ExtraTrees_Prob': 1, 'SVC_RBF_Prob': 2}, threshold=0.15"
0.5217391304347825,0.5319148936170213,0.375,0.8571428571428571,0.24632947586151901,0.7900432900432901,13,20,2,12,WeightedAverage,"weights={'GB_Accuracy_Prob': 2, 'Logistic_Prob': 1, 'RandomForest_Prob': 1, 'ExtraTrees_Prob': 0, 'SVC_RBF_Prob': 0}, threshold=0.09"
0.5217391304347825,0.5319148936170213,0.375,0.8571428571428571,0.24632947586151901,0.79004329004329,13,20,2,12,WeightedAverage,"weights={'GB_Accuracy_Prob': 2, 'Logistic_Prob': 1, 'RandomForest_Prob': 1, 'ExtraTrees_Prob': 0, 'SVC_RBF_Prob': 1}, threshold=0.13"
0.5217391304347825,0.5319148936170213,0.375,0.8571428571428571,0.24632947586151901,0.7857142857142857,13,20,2,12,WeightedAverage,"weights={'GB_Accuracy_Prob': 2, 'Logistic_Prob': 1, 'RandomForest_Prob': 1, 'ExtraTrees_Prob': 2, 'SVC_RBF_Prob': 0}, threshold=0.14"
0.5217391304347825,0.5319148936170213,0.375,0.8571428571428571,0.24632947586151901,0.7878787878787878,13,20,2,12,WeightedAverage,"weights={'GB_Accuracy_Prob': 2, 'Logistic_Prob': 1, 'RandomForest_Prob': 2, 'ExtraTrees_Prob': 0, 'SVC_RBF_Prob': 3}, threshold=0.18"
0.5217391304347825,0.5319148936170213,0.375,0.8571428571428571,0.24632947586151901,0.7727272727272727,13,20,2,12,WeightedAverage,"weights={'GB_Accuracy_Prob': 2, 'Logistic_Prob': 2, 'RandomForest_Prob': 1, 'ExtraTrees_Prob': 3, 'SVC_RBF_Prob': 2}, threshold=0.16"
0.5217391304347825,0.5319148936170213,0.375,0.8571428571428571,0.24632947586151901,0.8051948051948051,13,20,2,12,WeightedAverage,"weights={'GB_Accuracy_Prob': 3, 'Logistic_Prob': 0, 'RandomForest_Prob': 0, 'ExtraTrees_Prob': 1, 'SVC_RBF_Prob': 0}, threshold=0.10"
0.5217391304347825,0.5319148936170213,0.375,0.8571428571428571,0.24632947586151901,0.8051948051948052,13,20,2,12,WeightedAverage,"weights={'GB_Accuracy_Prob': 3, 'Logistic_Prob': 0, 'RandomForest_Prob': 0, 'ExtraTrees_Prob': 1, 'SVC_RBF_Prob': 1}, threshold=0.13"
0.5217391304347825,0.5319148936170213,0.375,0.8571428571428571,0.24632947586151901,0.8008658008658008,13,20,2,12,WeightedAverage,"weights={'GB_Accuracy_Prob': 3, 'Logistic_Prob': 0, 'RandomForest_Prob': 1, 'ExtraTrees_Prob': 2, 'SVC_RBF_Prob': 1}, threshold=0.16"
0.5217391304347825,0.5319148936170213,0.375,0.8571428571428571,0.24632947586151901,0.774891774891775,13,20,2,12,WeightedAverage,"weights={'GB_Accuracy_Prob': 3, 'Logistic_Prob': 1, 'RandomForest_Prob': 0, 'ExtraTrees_Prob': 0, 'SVC_RBF_Prob': 0}, threshold=0.05"
0.5217391304347825,0.5319148936170213,0.375,0.8571428571428571,0.24632947586151901,0.7943722943722944,13,20,2,12,WeightedAverage,"weights={'GB_Accuracy_Prob': 3, 'Logistic_Prob': 1, 'RandomForest_Prob': 0, 'ExtraTrees_Prob': 0, 'SVC_RBF_Prob': 3}, threshold=0.14"
0.5217391304347825,0.5319148936170213,0.375,0.8571428571428571,0.24632947586151901,0.7943722943722944,13,20,2,12,WeightedAverage,"weights={'GB_Accuracy_Prob': 3, 'Logistic_Prob': 1, 'RandomForest_Prob': 1, 'ExtraTrees_Prob': 0, 'SVC_RBF_Prob': 2}, threshold=0.14"
0.5217391304347825,0.5319148936170213,0.375,0.8571428571428571,0.24632947586151901,0.7727272727272727,13,20,2,12,WeightedAverage,"weights={'GB_Accuracy_Prob': 3, 'Logistic_Prob': 2, 'RandomForest_Prob': 0, 'ExtraTrees_Prob': 0, 'SVC_RBF_Prob': 1}, threshold=0.08"
0.52,0.48936170212765956,0.3611111111111111,0.9285714285714286,0.2501584613021793,0.6753246753246753,10,23,1,13,ExtraTrees_Prob,ExtraTrees_Prob>=0.17
0.52,0.48936170212765956,0.3611111111111111,0.9285714285714286,0.2501584613021793,0.7640692640692641,10,23,1,13,OR_Logistic_RandomForest_Prob,Logistic>=0.01 OR RandomForest_Prob>=0.27
0.52,0.48936170212765956,0.3611111111111111,0.9285714285714286,0.2501584613021793,0.7640692640692641,10,23,1,13,OR_Logistic_RandomForest_Prob,Logistic>=0.03 OR RandomForest_Prob>=0.23
0.52,0.48936170212765956,0.3611111111111111,0.9285714285714286,0.2501584613021793,0.7640692640692641,10,23,1,13,OR_Logistic_RandomForest_Prob,Logistic>=0.04 OR RandomForest_Prob>=0.19
0.52,0.48936170212765956,0.3611111111111111,0.9285714285714286,0.2501584613021793,0.7640692640692641,10,23,1,13,OR_Logistic_ExtraTrees_Prob,Logistic>=0.02 OR ExtraTrees_Prob>=0.24
0.52,0.48936170212765956,0.3611111111111111,0.9285714285714286,0.2501584613021793,0.7640692640692641,10,23,1,13,OR_Logistic_ExtraTrees_Prob,Logistic>=0.03 OR ExtraTrees_Prob>=0.22
0.52,0.48936170212765956,0.3611111111111111,0.9285714285714286,0.2501584613021793,0.7640692640692641,10,23,1,13,OR_Logistic_ExtraTrees_Prob,Logistic>=0.04 OR ExtraTrees_Prob>=0.20
0.52,0.48936170212765956,0.3611111111111111,0.9285714285714286,0.2501584613021793,0.7662337662337662,10,23,1,13,OR_Logistic_SVC_RBF_Prob,Logistic>=0.01 OR SVC_RBF_Prob>=0.26
0.52,0.48936170212765956,0.3611111111111111,0.9285714285714286,0.2501584613021793,0.7424242424242424,10,23,1,13,WeightedAverage,"weights={'GB_Accuracy_Prob': 0, 'Logistic_Prob': 0, 'RandomForest_Prob': 1, 'ExtraTrees_Prob': 0, 'SVC_RBF_Prob': 2}, threshold=0.23"
0.52,0.48936170212765956,0.3611111111111111,0.9285714285714286,0.2501584613021793,0.7251082251082251,10,23,1,13,WeightedAverage,"weights={'GB_Accuracy_Prob': 0, 'Logistic_Prob': 0, 'RandomForest_Prob': 1, 'ExtraTrees_Prob': 1, 'SVC_RBF_Prob': 3}, threshold=0.23"
0.52,0.48936170212765956,0.3611111111111111,0.9285714285714286,0.2501584613021793,0.7337662337662337,10,23,1,13,WeightedAverage,"weights={'GB_Accuracy_Prob': 0, 'Logistic_Prob': 0, 'RandomForest_Prob': 2, 'ExtraTrees_Prob': 0, 'SVC_RBF_Prob': 3}, threshold=0.23"
0.52,0.48936170212765956,0.3611111111111111,0.9285714285714286,0.2501584613021793,0.7164502164502164,10,23,1,13,WeightedAverage,"weights={'GB_Accuracy_Prob': 0, 'Logistic_Prob': 0, 'RandomForest_Prob': 2, 'ExtraTrees_Prob': 1, 'SVC_RBF_Prob': 2}, threshold=0.21"
0.52,0.48936170212765956,0.3611111111111111,0.9285714285714286,0.2501584613021793,0.761904761904762,10,23,1,13,WeightedAverage,"weights={'GB_Accuracy_Prob': 0, 'Logistic_Prob': 1, 'RandomForest_Prob': 0, 'ExtraTrees_Prob': 1, 'SVC_RBF_Prob': 1}, threshold=0.15"
0.52,0.48936170212765956,0.3611111111111111,0.9285714285714286,0.2501584613021793,0.7640692640692641,10,23,1,13,WeightedAverage,"weights={'GB_Accuracy_Prob': 0, 'Logistic_Prob': 1, 'RandomForest_Prob': 1, 'ExtraTrees_Prob': 0, 'SVC_RBF_Prob': 0}, threshold=0.10"
0.52,0.48936170212765956,0.3611111111111111,0.9285714285714286,0.2501584613021793,0.7727272727272727,10,23,1,13,WeightedAverage,"weights={'GB_Accuracy_Prob': 0, 'Logistic_Prob': 2, 'RandomForest_Prob': 0, 'ExtraTrees_Prob': 1, 'SVC_RBF_Prob': 1}, threshold=0.12"
0.52,0.48936170212765956,0.3611111111111111,0.9285714285714286,0.2501584613021793,0.7662337662337662,10,23,1,13,WeightedAverage,"weights={'GB_Accuracy_Prob': 0, 'Logistic_Prob': 3, 'RandomForest_Prob': 0, 'ExtraTrees_Prob': 1, 'SVC_RBF_Prob': 1}, threshold=0.10"
0.52,0.48936170212765956,0.3611111111111111,0.9285714285714286,0.2501584613021793,0.7857142857142857,10,23,1,13,WeightedAverage,"weights={'GB_Accuracy_Prob': 1, 'Logistic_Prob': 0, 'RandomForest_Prob': 0, 'ExtraTrees_Prob': 0, 'SVC_RBF_Prob': 3}, threshold=0.20"
0.52,0.48936170212765956,0.3611111111111111,0.9285714285714286,0.2501584613021793,0.7965367965367965,10,23,1,13,WeightedAverage,"weights={'GB_Accuracy_Prob': 1, 'Logistic_Prob': 0, 'RandomForest_Prob': 0, 'ExtraTrees_Prob': 1, 'SVC_RBF_Prob': 0}, threshold=0.13"
0.52,0.48936170212765956,0.3611111111111111,0.9285714285714286,0.2501584613021793,0.777056277056277,10,23,1,13,WeightedAverage,"weights={'GB_Accuracy_Prob': 1, 'Logistic_Prob': 0, 'RandomForest_Prob': 0, 'ExtraTrees_Prob': 2, 'SVC_RBF_Prob': 3}, threshold=0.20"
0.52,0.48936170212765956,0.3611111111111111,0.9285714285714286,0.2501584613021793,0.8051948051948051,10,23,1,13,WeightedAverage,"weights={'GB_Accuracy_Prob': 1, 'Logistic_Prob': 0, 'RandomForest_Prob': 1, 'ExtraTrees_Prob': 0, 'SVC_RBF_Prob': 0}, threshold=0.12"
0.52,0.48936170212765956,0.3611111111111111,0.9285714285714286,0.2501584613021793,0.7900432900432901,10,23,1,13,WeightedAverage,"weights={'GB_Accuracy_Prob': 1, 'Logistic_Prob': 0, 'RandomForest_Prob': 3, 'ExtraTrees_Prob': 0, 'SVC_RBF_Prob': 2}, threshold=0.19"
0.52,0.48936170212765956,0.3611111111111111,0.9285714285714286,0.2501584613021793,0.7792207792207793,10,23,1,13,WeightedAverage,"weights={'GB_Accuracy_Prob': 1, 'Logistic_Prob': 1, 'RandomForest_Prob': 2, 'ExtraTrees_Prob': 0, 'SVC_RBF_Prob': 3}, threshold=0.18"
0.52,0.48936170212765956,0.3611111111111111,0.9285714285714286,0.2501584613021793,0.7943722943722944,10,23,1,13,WeightedAverage,"weights={'GB_Accuracy_Prob': 2, 'Logistic_Prob': 0, 'RandomForest_Prob': 1, 'ExtraTrees_Prob': 0, 'SVC_RBF_Prob': 3}, threshold=0.18"
0.52,0.48936170212765956,0.3611111111111111,0.9285714285714286,0.2501584613021793,0.7943722943722943,10,23,1,13,WeightedAverage,"weights={'GB_Accuracy_Prob': 2, 'Logistic_Prob': 0, 'RandomForest_Prob': 1, 'ExtraTrees_Prob': 1, 'SVC_RBF_Prob': 3}, threshold=0.18"
0.52,0.48936170212765956,0.3611111111111111,0.9285714285714286,0.2501584613021793,0.8138528138528138,10,23,1,13,WeightedAverage,"weights={'GB_Accuracy_Prob': 3, 'Logistic_Prob': 0, 'RandomForest_Prob': 1, 'ExtraTrees_Prob': 0, 'SVC_RBF_Prob': 0}, threshold=0.08"
0.52,0.48936170212765956,0.3611111111111111,0.9285714285714286,0.2501584613021793,0.7965367965367965,10,23,1,13,WeightedAverage,"weights={'GB_Accuracy_Prob': 3, 'Logistic_Prob': 1, 'RandomForest_Prob': 2, 'ExtraTrees_Prob': 0, 'SVC_RBF_Prob': 2}, threshold=0.14"
0.5185185185185186,0.723404255319149,0.5384615384615384,0.5,0.32530086064795,0.777056277056277,27,6,7,7,Logistic_Prob,Logistic_Prob>=0.60
0.5185185185185186,0.723404255319149,0.5384615384615384,0.5,0.32530086064795,0.7640692640692641,27,6,7,7,AND_Logistic_RandomForest_Prob,Logistic>=0.03 AND RandomForest_Prob>=0.32
0.5185185185185186,0.723404255319149,0.5384615384615384,0.5,0.32530086064795,0.7640692640692641,27,6,7,7,AND_Logistic_RandomForest_Prob,Logistic>=0.09 AND RandomForest_Prob>=0.28
0.5185185185185186,0.723404255319149,0.5384615384615384,0.5,0.32530086064795,0.7640692640692641,27,6,7,7,AND_Logistic_RandomForest_Prob,Logistic>=0.28 AND RandomForest_Prob>=0.24
0.5185185185185186,0.723404255319149,0.5384615384615384,0.5,0.32530086064795,0.7640692640692641,27,6,7,7,AND_Logistic_RandomForest_Prob,Logistic>=0.59 AND RandomForest_Prob>=0.23
0.5185185185185186,0.723404255319149,0.5384615384615384,0.5,0.32530086064795,0.7640692640692641,27,6,7,7,AND_Logistic_ExtraTrees_Prob,Logistic>=0.01 AND ExtraTrees_Prob>=0.33
0.5185185185185186,0.723404255319149,0.5384615384615384,0.5,0.32530086064795,0.7640692640692641,27,6,7,7,OR_Logistic_ExtraTrees_Prob,Logistic>=0.79 OR ExtraTrees_Prob>=0.39
0.5185185185185186,0.723404255319149,0.5384615384615384,0.5,0.32530086064795,0.7640692640692641,27,6,7,7,OR_Logistic_ExtraTrees_Prob,Logistic>=0.95 OR ExtraTrees_Prob>=0.34
0.5185185185185186,0.723404255319149,0.5384615384615384,0.5,0.32530086064795,0.7662337662337662,27,6,7,7,OR_Logistic_SVC_RBF_Prob,Logistic>=0.85 OR SVC_RBF_Prob>=0.31
0.5185185185185186,0.723404255319149,0.5384615384615384,0.5,0.32530086064795,0.7705627705627706,27,6,7,7,OR_Logistic_GB_Accuracy_Prob,Logistic>=0.85 OR GB_Accuracy_Prob>=0.39
0.5185185185185186,0.723404255319149,0.5384615384615384,0.5,0.32530086064795,0.7077922077922078,27,6,7,7,WeightedAverage,"weights={'GB_Accuracy_Prob': 0, 'Logistic_Prob': 0, 'RandomForest_Prob': 0, 'ExtraTrees_Prob': 1, 'SVC_RBF_Prob': 1}, threshold=0.31"
0.5185185185185186,0.723404255319149,0.5384615384615384,0.5,0.32530086064795,0.7164502164502163,27,6,7,7,WeightedAverage,"weights={'GB_Accuracy_Prob': 0, 'Logistic_Prob': 0, 'RandomForest_Prob': 3, 'ExtraTrees_Prob': 0, 'SVC_RBF_Prob': 1}, threshold=0.32"
0.5185185185185186,0.723404255319149,0.5384615384615384,0.5,0.32530086064795,0.7380952380952381,27,6,7,7,WeightedAverage,"weights={'GB_Accuracy_Prob': 0, 'Logistic_Prob': 1, 'RandomForest_Prob': 0, 'ExtraTrees_Prob': 3, 'SVC_RBF_Prob': 0}, threshold=0.40"
0.5185185185185186,0.723404255319149,0.5384615384615384,0.5,0.32530086064795,0.7467532467532467,27,6,7,7,WeightedAverage,"weights={'GB_Accuracy_Prob': 0, 'Logistic_Prob': 1, 'RandomForest_Prob': 3, 'ExtraTrees_Prob': 2, 'SVC_RBF_Prob': 0}, threshold=0.36"
0.5185185185185185,0.44680851063829785,0.35,1.0,0.27247463045653303,0.7023809523809524,7,26,0,14,RandomForest_Prob,RandomForest_Prob>=0.15
0.5185185185185185,0.44680851063829785,0.35,1.0,0.27247463045653303,0.7640692640692641,7,26,0,14,OR_Logistic_ExtraTrees_Prob,Logistic>=0.04 OR ExtraTrees_Prob>=0.14
0.5185185185185185,0.44680851063829785,0.35,1.0,0.27247463045653303,0.7662337662337662,7,26,0,14,OR_Logistic_SVC_RBF_Prob,Logistic>=0.01 OR SVC_RBF_Prob>=0.24
0.5185185185185185,0.44680851063829785,0.35,1.0,0.27247463045653303,0.7380952380952381,7,26,0,14,WeightedAverage,"weights={'GB_Accuracy_Prob': 0, 'Logistic_Prob': 0, 'RandomForest_Prob': 0, 'ExtraTrees_Prob': 1, 'SVC_RBF_Prob': 3}, threshold=0.22"
0.5185185185185185,0.44680851063829785,0.35,1.0,0.27247463045653303,0.6861471861471862,7,26,0,14,WeightedAverage,"weights={'GB_Accuracy_Prob': 0, 'Logistic_Prob': 0, 'RandomForest_Prob': 0, 'ExtraTrees_Prob': 2, 'SVC_RBF_Prob': 1}, threshold=0.16"
0.5185185185185185,0.44680851063829785,0.35,1.0,0.27247463045653303,0.7424242424242424,7,26,0,14,WeightedAverage,"weights={'GB_Accuracy_Prob': 0, 'Logistic_Prob': 1, 'RandomForest_Prob': 0, 'ExtraTrees_Prob': 2, 'SVC_RBF_Prob': 0}, threshold=0.09"
0.5185185185185185,0.44680851063829785,0.35,1.0,0.27247463045653303,0.7943722943722944,7,26,0,14,WeightedAverage,"weights={'GB_Accuracy_Prob': 1, 'Logistic_Prob': 0, 'RandomForest_Prob': 0, 'ExtraTrees_Prob': 0, 'SVC_RBF_Prob': 2}, threshold=0.17"
0.5185185185185185,0.44680851063829785,0.35,1.0,0.27247463045653303,0.7965367965367965,7,26,0,14,WeightedAverage,"weights={'GB_Accuracy_Prob': 1, 'Logistic_Prob': 0, 'RandomForest_Prob': 0, 'ExtraTrees_Prob': 1, 'SVC_RBF_Prob': 0}, threshold=0.08"
0.5185185185185185,0.44680851063829785,0.35,1.0,0.27247463045653303,0.7727272727272728,7,26,0,14,WeightedAverage,"weights={'GB_Accuracy_Prob': 1, 'Logistic_Prob': 3, 'RandomForest_Prob': 0, 'ExtraTrees_Prob': 1, 'SVC_RBF_Prob': 2}, threshold=0.10"
0.5185185185185185,0.44680851063829785,0.35,1.0,0.27247463045653303,0.7857142857142857,7,26,0,14,WeightedAverage,"weights={'GB_Accuracy_Prob': 2, 'Logistic_Prob': 1, 'RandomForest_Prob': 0, 'ExtraTrees_Prob': 0, 'SVC_RBF_Prob': 2}, threshold=0.11"
0.5185185185185185,0.44680851063829785,0.35,1.0,0.27247463045653303,0.7857142857142857,7,26,0,14,WeightedAverage,"weights={'GB_Accuracy_Prob': 2, 'Logistic_Prob': 2, 'RandomForest_Prob': 0, 'ExtraTrees_Prob': 1, 'SVC_RBF_Prob': 1}, threshold=0.08"
0.5185185185185185,0.44680851063829785,0.35,1.0,0.27247463045653303,0.8138528138528138,7,26,0,14,WeightedAverage,"weights={'GB_Accuracy_Prob': 3, 'Logistic_Prob': 0, 'RandomForest_Prob': 1, 'ExtraTrees_Prob': 0, 'SVC_RBF_Prob': 0}, threshold=0.06"
0.5161290322580646,0.6808510638297872,0.47058823529411764,0.5714285714285714,0.2842974802836732,0.7640692640692641,24,9,6,8,AND_Logistic_ExtraTrees_Prob,Logistic>=0.01 AND ExtraTrees_Prob>=0.31
0.5161290322580646,0.6808510638297872,0.47058823529411764,0.5714285714285714,0.2842974802836732,0.7640692640692641,24,9,6,8,AND_Logistic_ExtraTrees_Prob,Logistic>=0.03 AND ExtraTrees_Prob>=0.29
0.5161290322580646,0.6808510638297872,0.47058823529411764,0.5714285714285714,0.2842974802836732,0.7640692640692641,24,9,6,8,AND_Logistic_ExtraTrees_Prob,Logistic>=0.04 AND ExtraTrees_Prob>=0.27
0.5161290322580646,0.6808510638297872,0.47058823529411764,0.5714285714285714,0.2842974802836732,0.7640692640692641,24,9,6,8,AND_Logistic_ExtraTrees_Prob,Logistic>=0.07 AND ExtraTrees_Prob>=0.25
0.5161290322580646,0.6808510638297872,0.47058823529411764,0.5714285714285714,0.2842974802836732,0.7640692640692641,24,9,6,8,AND_Logistic_ExtraTrees_Prob,Logistic>=0.09 AND ExtraTrees_Prob>=0.22
0.5161290322580646,0.6808510638297872,0.47058823529411764,0.5714285714285714,0.2842974802836732,0.7662337662337662,24,9,6,8,OR_Logistic_SVC_RBF_Prob,Logistic>=0.28 OR SVC_RBF_Prob>=0.31
0.5161290322580646,0.6808510638297872,0.47058823529411764,0.5714285714285714,0.2842974802836732,0.7662337662337662,24,9,6,8,OR_Logistic_SVC_RBF_Prob,Logistic>=0.60 OR SVC_RBF_Prob>=0.30
0.5161290322580646,0.6808510638297872,0.47058823529411764,0.5714285714285714,0.2842974802836732,0.7705627705627706,24,9,6,8,OR_Logistic_GB_Accuracy_Prob,Logistic>=0.28 OR GB_Accuracy_Prob>=0.39
0.5161290322580646,0.6808510638297872,0.47058823529411764,0.5714285714285714,0.2842974802836732,0.7705627705627706,24,9,6,8,OR_Logistic_GB_Accuracy_Prob,Logistic>=0.60 OR GB_Accuracy_Prob>=0.35
0.5161290322580646,0.6808510638297872,0.47058823529411764,0.5714285714285714,0.2842974802836732,0.6861471861471862,24,9,6,8,WeightedAverage,"weights={'GB_Accuracy_Prob': 0, 'Logistic_Prob': 0, 'RandomForest_Prob': 0, 'ExtraTrees_Prob': 2, 'SVC_RBF_Prob': 1}, threshold=0.30"
0.5142857142857143,0.6382978723404256,0.42857142857142855,0.6428571428571429,0.2568457602164636,0.7640692640692641,21,12,5,9,OR_Logistic_RandomForest_Prob,Logistic>=0.59 OR RandomForest_Prob>=0.29
0.5142857142857143,0.6382978723404256,0.42857142857142855,0.6428571428571429,0.2568457602164636,0.7640692640692641,21,12,5,9,AND_Logistic_ExtraTrees_Prob,Logistic>=0.01 AND ExtraTrees_Prob>=0.25
0.5142857142857143,0.6382978723404256,0.42857142857142855,0.6428571428571429,0.2568457602164636,0.7640692640692641,21,12,5,9,AND_Logistic_ExtraTrees_Prob,Logistic>=0.03 AND ExtraTrees_Prob>=0.22
0.5142857142857143,0.6382978723404256,0.42857142857142855,0.6428571428571429,0.2568457602164636,0.6796536796536796,21,12,5,9,WeightedAverage,"weights={'GB_Accuracy_Prob': 0, 'Logistic_Prob': 0, 'RandomForest_Prob': 1, 'ExtraTrees_Prob': 1, 'SVC_RBF_Prob': 0}, threshold=0.27"
0.5142857142857143,0.6382978723404256,0.42857142857142855,0.6428571428571429,0.2568457602164636,0.7012987012987013,21,12,5,9,WeightedAverage,"weights={'GB_Accuracy_Prob': 0, 'Logistic_Prob': 0, 'RandomForest_Prob': 1, 'ExtraTrees_Prob': 3, 'SVC_RBF_Prob': 2}, threshold=0.28"
0.5142857142857143,0.6382978723404256,0.42857142857142855,0.6428571428571429,0.2568457602164636,0.7186147186147186,21,12,5,9,WeightedAverage,"weights={'GB_Accuracy_Prob': 0, 'Logistic_Prob': 0, 'RandomForest_Prob': 2, 'ExtraTrees_Prob': 0, 'SVC_RBF_Prob': 1}, threshold=0.28"
0.5128205128205129,0.5957446808510638,0.4,0.7142857142857143,0.23805588025744623,0.7023809523809524,18,15,4,10,RandomForest_Prob,RandomForest_Prob>=0.25
0.5128205128205129,0.5957446808510638,0.4,0.7142857142857143,0.23805588025744623,0.725108225108225,18,15,4,10,WeightedAverage,"weights={'GB_Accuracy_Prob': 0, 'Logistic_Prob': 0, 'RandomForest_Prob': 0, 'ExtraTrees_Prob': 1, 'SVC_RBF_Prob': 2}, threshold=0.27"
0.5128205128205129,0.5957446808510638,0.4,0.7142857142857143,0.23805588025744623,0.7532467532467533,18,15,4,10,WeightedAverage,"weights={'GB_Accuracy_Prob': 0, 'Logistic_Prob': 0, 'RandomForest_Prob': 1, 'ExtraTrees_Prob': 0, 'SVC_RBF_Prob': 3}, threshold=0.27"
0.5128205128205129,0.5957446808510638,0.4,0.7142857142857143,0.23805588025744623,0.6796536796536796,18,15,4,10,WeightedAverage,"weights={'GB_Accuracy_Prob': 0, 'Logistic_Prob': 0, 'RandomForest_Prob': 1, 'ExtraTrees_Prob': 1, 'SVC_RBF_Prob': 0}, threshold=0.26"
0.5128205128205129,0.5957446808510638,0.4,0.7142857142857143,0.23805588025744623,0.7424242424242424,18,15,4,10,WeightedAverage,"weights={'GB_Accuracy_Prob': 0, 'Logistic_Prob': 1, 'RandomForest_Prob': 0, 'ExtraTrees_Prob': 2, 'SVC_RBF_Prob': 0}, threshold=0.20"
0.5128205128205129,0.5957446808510638,0.4,0.7142857142857143,0.23805588025744623,0.7424242424242424,18,15,4,10,WeightedAverage,"weights={'GB_Accuracy_Prob': 0, 'Logistic_Prob': 1, 'RandomForest_Prob': 0, 'ExtraTrees_Prob': 2, 'SVC_RBF_Prob': 2}, threshold=0.23"
0.5128205128205129,0.5957446808510638,0.4,0.7142857142857143,0.23805588025744623,0.7489177489177489,18,15,4,10,WeightedAverage,"weights={'GB_Accuracy_Prob': 0, 'Logistic_Prob': 1, 'RandomForest_Prob': 1, 'ExtraTrees_Prob': 1, 'SVC_RBF_Prob': 3}, threshold=0.23"
0.5128205128205129,0.5957446808510638,0.4,0.7142857142857143,0.23805588025744623,0.7337662337662337,18,15,4,10,WeightedAverage,"weights={'GB_Accuracy_Prob': 0, 'Logistic_Prob': 1, 'RandomForest_Prob': 1, 'ExtraTrees_Prob': 3, 'SVC_RBF_Prob': 2}, threshold=0.24"
0.5128205128205129,0.5957446808510638,0.4,0.7142857142857143,0.23805588025744623,0.7467532467532467,18,15,4,10,WeightedAverage,"weights={'GB_Accuracy_Prob': 0, 'Logistic_Prob': 1, 'RandomForest_Prob': 2, 'ExtraTrees_Prob': 1, 'SVC_RBF_Prob': 2}, threshold=0.23"
0.5128205128205129,0.5957446808510638,0.4,0.7142857142857143,0.23805588025744623,0.7424242424242424,18,15,4,10,WeightedAverage,"weights={'GB_Accuracy_Prob': 0, 'Logistic_Prob': 1, 'RandomForest_Prob': 2, 'ExtraTrees_Prob': 2, 'SVC_RBF_Prob': 1}, threshold=0.23"
0.5128205128205129,0.5957446808510638,0.4,0.7142857142857143,0.23805588025744623,0.7380952380952381,18,15,4,10,WeightedAverage,"weights={'GB_Accuracy_Prob': 0, 'Logistic_Prob': 1, 'RandomForest_Prob': 3, 'ExtraTrees_Prob': 3, 'SVC_RBF_Prob': 0}, threshold=0.23"
0.5128205128205129,0.5957446808510638,0.4,0.7142857142857143,0.23805588025744623,0.7445887445887446,18,15,4,10,WeightedAverage,"weights={'GB_Accuracy_Prob': 0, 'Logistic_Prob': 2, 'RandomForest_Prob': 2, 'ExtraTrees_Prob': 3, 'SVC_RBF_Prob': 2}, threshold=0.22"
0.5128205128205129,0.5957446808510638,0.4,0.7142857142857143,0.23805588025744623,0.779220779220779,18,15,4,10,WeightedAverage,"weights={'GB_Accuracy_Prob': 1, 'Logistic_Prob': 0, 'RandomForest_Prob': 0, 'ExtraTrees_Prob': 2, 'SVC_RBF_Prob': 1}, threshold=0.22"
0.5116279069767441,0.5531914893617021,0.3793103448275862,0.7857142857142857,0.22603034062447974,0.79004329004329,15,18,3,11,GB_Accuracy_Prob,GB_Accuracy_Prob>=0.06
0.5116279069767441,0.5531914893617021,0.3793103448275862,0.7857142857142857,0.22603034062447974,0.7640692640692641,15,18,3,11,OR_Logistic_ExtraTrees_Prob,Logistic>=0.13 OR ExtraTrees_Prob>=0.25
0.5116279069767441,0.5531914893617021,0.3793103448275862,0.7857142857142857,0.22603034062447974,0.7640692640692641,15,18,3,11,OR_Logistic_ExtraTrees_Prob,Logistic>=0.22 OR ExtraTrees_Prob>=0.24
0.5116279069767441,0.5531914893617021,0.3793103448275862,0.7857142857142857,0.22603034062447974,0.7705627705627706,15,18,3,11,OR_Logistic_GB_Accuracy_Prob,Logistic>=0.16 OR GB_Accuracy_Prob>=0.07
0.5116279069767441,0.5531914893617021,0.3793103448275862,0.7857142857142857,0.22603034062447974,0.7532467532467533,15,18,3,11,WeightedAverage,"weights={'GB_Accuracy_Prob': 0, 'Logistic_Prob': 0, 'RandomForest_Prob': 1, 'ExtraTrees_Prob': 0, 'SVC_RBF_Prob': 3}, threshold=0.26"
0.5116279069767441,0.5531914893617021,0.3793103448275862,0.7857142857142857,0.22603034062447974,0.722943722943723,15,18,3,11,WeightedAverage,"weights={'GB_Accuracy_Prob': 0, 'Logistic_Prob': 0, 'RandomForest_Prob': 1, 'ExtraTrees_Prob': 1, 'SVC_RBF_Prob': 2}, threshold=0.25"
0.5116279069767441,0.5531914893617021,0.3793103448275862,0.7857142857142857,0.22603034062447974,0.7012987012987013,15,18,3,11,WeightedAverage,"weights={'GB_Accuracy_Prob': 0, 'Logistic_Prob': 0, 'RandomForest_Prob': 2, 'ExtraTrees_Prob': 1, 'SVC_RBF_Prob': 1}, threshold=0.24"
0.5116279069767441,0.5531914893617021,0.3793103448275862,0.7857142857142857,0.22603034062447974,0.7186147186147186,15,18,3,11,WeightedAverage,"weights={'GB_Accuracy_Prob': 0, 'Logistic_Prob': 0, 'RandomForest_Prob': 3, 'ExtraTrees_Prob': 0, 'SVC_RBF_Prob': 2}, threshold=0.24"
0.5116279069767441,0.5531914893617021,0.3793103448275862,0.7857142857142857,0.22603034062447974,0.6926406926406926,15,18,3,11,WeightedAverage,"weights={'GB_Accuracy_Prob': 0, 'Logistic_Prob': 0, 'RandomForest_Prob': 3, 'ExtraTrees_Prob': 1, 'SVC_RBF_Prob': 0}, threshold=0.23"
0.5116279069767441,0.5531914893617021,0.3793103448275862,0.7857142857142857,0.22603034062447974,0.761904761904762,15,18,3,11,WeightedAverage,"weights={'GB_Accuracy_Prob': 0, 'Logistic_Prob': 1, 'RandomForest_Prob': 1, 'ExtraTrees_Prob': 0, 'SVC_RBF_Prob': 3}, threshold=0.22"
0.5116279069767441,0.5531914893617021,0.3793103448275862,0.7857142857142857,0.22603034062447974,0.7489177489177489,15,18,3,11,WeightedAverage,"weights={'GB_Accuracy_Prob': 0, 'Logistic_Prob': 1, 'RandomForest_Prob': 1, 'ExtraTrees_Prob': 1, 'SVC_RBF_Prob': 3}, threshold=0.22"
0.5116279069767441,0.5531914893617021,0.3793103448275862,0.7857142857142857,0.22603034062447974,0.7359307359307359,15,18,3,11,WeightedAverage,"weights={'GB_Accuracy_Prob': 0, 'Logistic_Prob': 1, 'RandomForest_Prob': 2, 'ExtraTrees_Prob': 2, 'SVC_RBF_Prob': 0}, threshold=0.20"
0.5116279069767441,0.5531914893617021,0.3793103448275862,0.7857142857142857,0.22603034062447974,0.7922077922077922,15,18,3,11,WeightedAverage,"weights={'GB_Accuracy_Prob': 1, 'Logistic_Prob': 0, 'RandomForest_Prob': 1, 'ExtraTrees_Prob': 0, 'SVC_RBF_Prob': 3}, threshold=0.22"
0.5116279069767441,0.5531914893617021,0.3793103448275862,0.7857142857142857,0.22603034062447974,0.7705627705627706,15,18,3,11,WeightedAverage,"weights={'GB_Accuracy_Prob': 1, 'Logistic_Prob': 0, 'RandomForest_Prob': 1, 'ExtraTrees_Prob': 3, 'SVC_RBF_Prob': 0}, threshold=0.20"
0.5116279069767441,0.5531914893617021,0.3793103448275862,0.7857142857142857,0.22603034062447974,0.7792207792207793,15,18,3,11,WeightedAverage,"weights={'GB_Accuracy_Prob': 1, 'Logistic_Prob': 1, 'RandomForest_Prob': 1, 'ExtraTrees_Prob': 2, 'SVC_RBF_Prob': 3}, threshold=0.20"
0.5116279069767441,0.5531914893617021,0.3793103448275862,0.7857142857142857,0.22603034062447974,0.7792207792207793,15,18,3,11,WeightedAverage,"weights={'GB_Accuracy_Prob': 1, 'Logistic_Prob': 1, 'RandomForest_Prob': 2, 'ExtraTrees_Prob': 0, 'SVC_RBF_Prob': 3}, threshold=0.20"
0.5116279069767441,0.5531914893617021,0.3793103448275862,0.7857142857142857,0.22603034062447974,0.777056277056277,15,18,3,11,WeightedAverage,"weights={'GB_Accuracy_Prob': 1, 'Logistic_Prob': 1, 'RandomForest_Prob': 2, 'ExtraTrees_Prob': 2, 'SVC_RBF_Prob': 0}, threshold=0.18"
0.5116279069767441,0.5531914893617021,0.3793103448275862,0.7857142857142857,0.22603034062447974,0.7943722943722944,15,18,3,11,WeightedAverage,"weights={'GB_Accuracy_Prob': 2, 'Logistic_Prob': 0, 'RandomForest_Prob': 0, 'ExtraTrees_Prob': 3, 'SVC_RBF_Prob': 0}, threshold=0.17"
0.5116279069767441,0.5531914893617021,0.3793103448275862,0.7857142857142857,0.22603034062447974,0.7943722943722943,15,18,3,11,WeightedAverage,"weights={'GB_Accuracy_Prob': 2, 'Logistic_Prob': 0, 'RandomForest_Prob': 1, 'ExtraTrees_Prob': 1, 'SVC_RBF_Prob': 3}, threshold=0.20"
0.5116279069767441,0.5531914893617021,0.3793103448275862,0.7857142857142857,0.22603034062447974,0.7943722943722944,15,18,3,11,WeightedAverage,"weights={'GB_Accuracy_Prob': 2, 'Logistic_Prob': 0, 'RandomForest_Prob': 1, 'ExtraTrees_Prob': 2, 'SVC_RBF_Prob': 0}, threshold=0.17"
0.5116279069767441,0.5531914893617021,0.3793103448275862,0.7857142857142857,0.22603034062447974,0.7878787878787878,15,18,3,11,WeightedAverage,"weights={'GB_Accuracy_Prob': 2, 'Logistic_Prob': 0, 'RandomForest_Prob': 1, 'ExtraTrees_Prob': 3, 'SVC_RBF_Prob': 0}, threshold=0.18"
0.5116279069767441,0.5531914893617021,0.3793103448275862,0.7857142857142857,0.22603034062447974,0.7857142857142857,15,18,3,11,WeightedAverage,"weights={'GB_Accuracy_Prob': 2, 'Logistic_Prob': 0, 'RandomForest_Prob': 2, 'ExtraTrees_Prob': 2, 'SVC_RBF_Prob': 3}, threshold=0.21"
0.5116279069767441,0.5531914893617021,0.3793103448275862,0.7857142857142857,0.22603034062447974,0.7792207792207793,15,18,3,11,WeightedAverage,"weights={'GB_Accuracy_Prob': 2, 'Logistic_Prob': 1, 'RandomForest_Prob': 0, 'ExtraTrees_Prob': 3, 'SVC_RBF_Prob': 0}, threshold=0.15"
0.5116279069767441,0.5531914893617021,0.3793103448275862,0.7857142857142857,0.22603034062447974,0.8008658008658008,15,18,3,11,WeightedAverage,"weights={'GB_Accuracy_Prob': 3, 'Logistic_Prob': 0, 'RandomForest_Prob': 0, 'ExtraTrees_Prob': 2, 'SVC_RBF_Prob': 2}, threshold=0.17"
0.5116279069767441,0.5531914893617021,0.3793103448275862,0.7857142857142857,0.22603034062447974,0.7857142857142857,15,18,3,11,WeightedAverage,"weights={'GB_Accuracy_Prob': 3, 'Logistic_Prob': 0, 'RandomForest_Prob': 2, 'ExtraTrees_Prob': 3, 'SVC_RBF_Prob': 2}, threshold=0.19"
0.5116279069767441,0.5531914893617021,0.3793103448275862,0.7857142857142857,0.22603034062447974,0.7922077922077921,15,18,3,11,WeightedAverage,"weights={'GB_Accuracy_Prob': 3, 'Logistic_Prob': 0, 'RandomForest_Prob': 3, 'ExtraTrees_Prob': 2, 'SVC_RBF_Prob': 2}, threshold=0.19"
0.5116279069767441,0.5531914893617021,0.3793103448275862,0.7857142857142857,0.22603034062447974,0.787878787878788,15,18,3,11,WeightedAverage,"weights={'GB_Accuracy_Prob': 3, 'Logistic_Prob': 1, 'RandomForest_Prob': 1, 'ExtraTrees_Prob': 3, 'SVC_RBF_Prob': 0}, threshold=0.15"
0.5116279069767441,0.5531914893617021,0.3793103448275862,0.7857142857142857,0.22603034062447974,0.7792207792207791,15,18,3,11,WeightedAverage,"weights={'GB_Accuracy_Prob': 3, 'Logistic_Prob': 1, 'RandomForest_Prob': 2, 'ExtraTrees_Prob': 2, 'SVC_RBF_Prob': 3}, threshold=0.18"
0.5106382978723404,0.5106382978723404,0.36363636363636365,0.8571428571428571,0.22077922077922077,0.7023809523809524,12,21,2,12,RandomForest_Prob,RandomForest_Prob>=0.21
0.5106382978723404,0.5106382978723404,0.36363636363636365,0.8571428571428571,0.22077922077922077,0.7640692640692641,12,21,2,12,OR_Logistic_RandomForest_Prob,Logistic>=0.01 OR RandomForest_Prob>=0.30
0.5106382978723404,0.5106382978723404,0.36363636363636365,0.8571428571428571,0.22077922077922077,0.7640692640692641,12,21,2,12,OR_Logistic_RandomForest_Prob,Logistic>=0.02 OR RandomForest_Prob>=0.28
0.5106382978723404,0.5106382978723404,0.36363636363636365,0.8571428571428571,0.22077922077922077,0.7640692640692641,12,21,2,12,OR_Logistic_ExtraTrees_Prob,Logistic>=0.03 OR ExtraTrees_Prob>=0.25
0.5106382978723404,0.5106382978723404,0.36363636363636365,0.8571428571428571,0.22077922077922077,0.7640692640692641,12,21,2,12,OR_Logistic_ExtraTrees_Prob,Logistic>=0.13 OR ExtraTrees_Prob>=0.21
0.5106382978723404,0.5106382978723404,0.36363636363636365,0.8571428571428571,0.22077922077922077,0.7662337662337662,12,21,2,12,OR_Logistic_SVC_RBF_Prob,Logistic>=0.01 OR SVC_RBF_Prob>=0.27
0.5106382978723404,0.5106382978723404,0.36363636363636365,0.8571428571428571,0.22077922077922077,0.7705627705627706,12,21,2,12,OR_Logistic_GB_Accuracy_Prob,Logistic>=0.01 OR GB_Accuracy_Prob>=0.09
0.5106382978723404,0.5106382978723404,0.36363636363636365,0.8571428571428571,0.22077922077922077,0.7705627705627706,12,21,2,12,OR_Logistic_GB_Accuracy_Prob,Logistic>=0.02 OR GB_Accuracy_Prob>=0.08
0.5106382978723404,0.5106382978723404,0.36363636363636365,0.8571428571428571,0.22077922077922077,0.7705627705627706,12,21,2,12,OR_Logistic_GB_Accuracy_Prob,Logistic>=0.06 OR GB_Accuracy_Prob>=0.07
0.5106382978723404,0.5106382978723404,0.36363636363636365,0.8571428571428571,0.22077922077922077,0.7705627705627706,12,21,2,12,OR_Logistic_GB_Accuracy_Prob,Logistic>=0.16 OR GB_Accuracy_Prob>=0.05
0.5106382978723404,0.5106382978723404,0.36363636363636365,0.8571428571428571,0.22077922077922077,0.7705627705627706,12,21,2,12,OR_Logistic_GB_Accuracy_Prob,Logistic>=0.60 OR GB_Accuracy_Prob>=0.04
0.5106382978723404,0.5106382978723404,0.36363636363636365,0.8571428571428571,0.22077922077922077,0.7077922077922078,12,21,2,12,WeightedAverage,"weights={'GB_Accuracy_Prob': 0, 'Logistic_Prob': 0, 'RandomForest_Prob': 0, 'ExtraTrees_Prob': 1, 'SVC_RBF_Prob': 1}, threshold=0.22"
0.5106382978723404,0.5106382978723404,0.36363636363636365,0.8571428571428571,0.22077922077922077,0.7337662337662337,12,21,2,12,WeightedAverage,"weights={'GB_Accuracy_Prob': 0, 'Logistic_Prob': 1, 'RandomForest_Prob': 1, 'ExtraTrees_Prob': 3, 'SVC_RBF_Prob': 2}, threshold=0.20"
0.5106382978723404,0.5106382978723404,0.36363636363636365,0.8571428571428571,0.22077922077922077,0.7727272727272727,12,21,2,12,WeightedAverage,"weights={'GB_Accuracy_Prob': 0, 'Logistic_Prob': 2, 'RandomForest_Prob': 0, 'ExtraTrees_Prob': 0, 'SVC_RBF_Prob': 3}, threshold=0.16"
0.5106382978723404,0.5106382978723404,0.36363636363636365,0.8571428571428571,0.22077922077922077,0.7857142857142857,12,21,2,12,WeightedAverage,"weights={'GB_Accuracy_Prob': 1, 'Logistic_Prob': 0, 'RandomForest_Prob': 0, 'ExtraTrees_Prob': 0, 'SVC_RBF_Prob': 3}, threshold=0.21"
0.5106382978723404,0.5106382978723404,0.36363636363636365,0.8571428571428571,0.22077922077922077,0.7965367965367965,12,21,2,12,WeightedAverage,"weights={'GB_Accuracy_Prob': 1, 'Logistic_Prob': 0, 'RandomForest_Prob': 0, 'ExtraTrees_Prob': 1, 'SVC_RBF_Prob': 0}, threshold=0.14"
0.5106382978723404,0.5106382978723404,0.36363636363636365,0.8571428571428571,0.22077922077922077,0.777056277056277,12,21,2,12,WeightedAverage,"weights={'GB_Accuracy_Prob': 1, 'Logistic_Prob': 0, 'RandomForest_Prob': 0, 'ExtraTrees_Prob': 2, 'SVC_RBF_Prob': 0}, threshold=0.17"
0.5106382978723404,0.5106382978723404,0.36363636363636365,0.8571428571428571,0.22077922077922077,0.777056277056277,12,21,2,12,WeightedAverage,"weights={'GB_Accuracy_Prob': 1, 'Logistic_Prob': 0, 'RandomForest_Prob': 0, 'ExtraTrees_Prob': 2, 'SVC_RBF_Prob': 3}, threshold=0.21"
0.5106382978723404,0.5106382978723404,0.36363636363636365,0.8571428571428571,0.22077922077922077,0.7857142857142857,12,21,2,12,WeightedAverage,"weights={'GB_Accuracy_Prob': 1, 'Logistic_Prob': 0, 'RandomForest_Prob': 1, 'ExtraTrees_Prob': 1, 'SVC_RBF_Prob': 2}, threshold=0.20"
0.5106382978723404,0.5106382978723404,0.36363636363636365,0.8571428571428571,0.22077922077922077,0.7857142857142857,12,21,2,12,WeightedAverage,"weights={'GB_Accuracy_Prob': 1, 'Logistic_Prob': 0, 'RandomForest_Prob': 1, 'ExtraTrees_Prob': 1, 'SVC_RBF_Prob': 3}, threshold=0.21"
0.5106382978723404,0.5106382978723404,0.36363636363636365,0.8571428571428571,0.22077922077922077,0.79004329004329,12,21,2,12,WeightedAverage,"weights={'GB_Accuracy_Prob': 1, 'Logistic_Prob': 1, 'RandomForest_Prob': 0, 'ExtraTrees_Prob': 1, 'SVC_RBF_Prob': 1}, threshold=0.14"
0.5106382978723404,0.5106382978723404,0.36363636363636365,0.8571428571428571,0.22077922077922077,0.7835497835497836,12,21,2,12,WeightedAverage,"weights={'GB_Accuracy_Prob': 1, 'Logistic_Prob': 1, 'RandomForest_Prob': 1, 'ExtraTrees_Prob': 0, 'SVC_RBF_Prob': 2}, threshold=0.17"
0.5106382978723404,0.5106382978723404,0.36363636363636365,0.8571428571428571,0.22077922077922077,0.7727272727272727,12,21,2,12,WeightedAverage,"weights={'GB_Accuracy_Prob': 1, 'Logistic_Prob': 2, 'RandomForest_Prob': 0, 'ExtraTrees_Prob': 0, 'SVC_RBF_Prob': 0}, threshold=0.03"
0.5106382978723404,0.5106382978723404,0.36363636363636365,0.8571428571428571,0.22077922077922077,0.7835497835497836,12,21,2,12,WeightedAverage,"weights={'GB_Accuracy_Prob': 1, 'Logistic_Prob': 2, 'RandomForest_Prob': 0, 'ExtraTrees_Prob': 1, 'SVC_RBF_Prob': 3}, threshold=0.16"
0.5106382978723404,0.5106382978723404,0.36363636363636365,0.8571428571428571,0.22077922077922077,0.7705627705627707,12,21,2,12,WeightedAverage,"weights={'GB_Accuracy_Prob': 1, 'Logistic_Prob': 3, 'RandomForest_Prob': 0, 'ExtraTrees_Prob': 1, 'SVC_RBF_Prob': 0}, threshold=0.07"
0.5106382978723404,0.5106382978723404,0.36363636363636365,0.8571428571428571,0.22077922077922077,0.7727272727272728,12,21,2,12,WeightedAverage,"weights={'GB_Accuracy_Prob': 1, 'Logistic_Prob': 3, 'RandomForest_Prob': 0, 'ExtraTrees_Prob': 1, 'SVC_RBF_Prob': 2}, threshold=0.12"
0.5106382978723404,0.5106382978723404,0.36363636363636365,0.8571428571428571,0.22077922077922077,0.7792207792207791,12,21,2,12,WeightedAverage,"weights={'GB_Accuracy_Prob': 1, 'Logistic_Prob': 3, 'RandomForest_Prob': 0, 'ExtraTrees_Prob': 2, 'SVC_RBF_Prob': 0}, threshold=0.09"
0.5106382978723404,0.5106382978723404,0.36363636363636365,0.8571428571428571,0.22077922077922077,0.8051948051948051,12,21,2,12,WeightedAverage,"weights={'GB_Accuracy_Prob': 2, 'Logistic_Prob': 0, 'RandomForest_Prob': 0, 'ExtraTrees_Prob': 1, 'SVC_RBF_Prob': 0}, threshold=0.11"
0.5106382978723404,0.5106382978723404,0.36363636363636365,0.8571428571428571,0.22077922077922077,0.7965367965367965,12,21,2,12,WeightedAverage,"weights={'GB_Accuracy_Prob': 2, 'Logistic_Prob': 0, 'RandomForest_Prob': 0, 'ExtraTrees_Prob': 1, 'SVC_RBF_Prob': 3}, threshold=0.19"
0.5106382978723404,0.5106382978723404,0.36363636363636365,0.8571428571428571,0.22077922077922077,0.7943722943722944,12,21,2,12,WeightedAverage,"weights={'GB_Accuracy_Prob': 2, 'Logistic_Prob': 0, 'RandomForest_Prob': 1, 'ExtraTrees_Prob': 2, 'SVC_RBF_Prob': 0}, threshold=0.16"
0.5106382978723404,0.5106382978723404,0.36363636363636365,0.8571428571428571,0.22077922077922077,0.774891774891775,12,21,2,12,WeightedAverage,"weights={'GB_Accuracy_Prob': 2, 'Logistic_Prob': 1, 'RandomForest_Prob': 0, 'ExtraTrees_Prob': 3, 'SVC_RBF_Prob': 3}, threshold=0.18"
0.5106382978723404,0.5106382978723404,0.36363636363636365,0.8571428571428571,0.22077922077922077,0.7943722943722943,12,21,2,12,WeightedAverage,"weights={'GB_Accuracy_Prob': 2, 'Logistic_Prob': 1, 'RandomForest_Prob': 1, 'ExtraTrees_Prob': 0, 'SVC_RBF_Prob': 2}, threshold=0.15"
0.5106382978723404,0.5106382978723404,0.36363636363636365,0.8571428571428571,0.22077922077922077,0.7922077922077922,12,21,2,12,WeightedAverage,"weights={'GB_Accuracy_Prob': 2, 'Logistic_Prob': 1, 'RandomForest_Prob': 2, 'ExtraTrees_Prob': 0, 'SVC_RBF_Prob': 0}, threshold=0.12"
0.5106382978723404,0.5106382978723404,0.36363636363636365,0.8571428571428571,0.22077922077922077,0.7878787878787878,12,21,2,12,WeightedAverage,"weights={'GB_Accuracy_Prob': 3, 'Logistic_Prob': 0, 'RandomForest_Prob': 0, 'ExtraTrees_Prob': 0, 'SVC_RBF_Prob': 1}, threshold=0.10"
0.5106382978723404,0.5106382978723404,0.36363636363636365,0.8571428571428571,0.22077922077922077,0.7965367965367965,12,21,2,12,WeightedAverage,"weights={'GB_Accuracy_Prob': 3, 'Logistic_Prob': 0, 'RandomForest_Prob': 0, 'ExtraTrees_Prob': 1, 'SVC_RBF_Prob': 2}, threshold=0.15"
0.5106382978723404,0.5106382978723404,0.36363636363636365,0.8571428571428571,0.22077922077922077,0.7965367965367965,12,21,2,12,WeightedAverage,"weights={'GB_Accuracy_Prob': 3, 'Logistic_Prob': 1, 'RandomForest_Prob': 1, 'ExtraTrees_Prob': 1, 'SVC_RBF_Prob': 0}, threshold=0.11"
0.5106382978723404,0.5106382978723404,0.36363636363636365,0.8571428571428571,0.22077922077922077,0.787878787878788,12,21,2,12,WeightedAverage,"weights={'GB_Accuracy_Prob': 3, 'Logistic_Prob': 1, 'RandomForest_Prob': 1, 'ExtraTrees_Prob': 3, 'SVC_RBF_Prob': 0}, threshold=0.14"
0.5098039215686275,0.46808510638297873,0.35135135135135137,0.9285714285714286,0.22493710364610947,0.79004329004329,9,24,1,13,GB_Accuracy_Prob,GB_Accuracy_Prob>=0.03
0.5098039215686275,0.46808510638297873,0.35135135135135137,0.9285714285714286,0.22493710364610947,0.7023809523809524,9,24,1,13,RandomForest_Prob,RandomForest_Prob>=0.18
0.5098039215686275,0.46808510638297873,0.35135135135135137,0.9285714285714286,0.22493710364610947,0.7640692640692641,9,24,1,13,OR_Logistic_RandomForest_Prob,Logistic>=0.01 OR RandomForest_Prob>=0.25
0.5098039215686275,0.46808510638297873,0.35135135135135137,0.9285714285714286,0.22493710364610947,0.7640692640692641,9,24,1,13,OR_Logistic_RandomForest_Prob,Logistic>=0.03 OR RandomForest_Prob>=0.20
0.5098039215686275,0.46808510638297873,0.35135135135135137,0.9285714285714286,0.22493710364610947,0.7640692640692641,9,24,1,13,OR_Logistic_ExtraTrees_Prob,Logistic>=0.01 OR ExtraTrees_Prob>=0.23
0.5098039215686275,0.46808510638297873,0.35135135135135137,0.9285714285714286,0.22493710364610947,0.7640692640692641,9,24,1,13,OR_Logistic_ExtraTrees_Prob,Logistic>=0.03 OR ExtraTrees_Prob>=0.21
0.5098039215686275,0.46808510638297873,0.35135135135135137,0.9285714285714286,0.22493710364610947,0.7640692640692641,9,24,1,13,OR_Logistic_ExtraTrees_Prob,Logistic>=0.04 OR ExtraTrees_Prob>=0.17
0.5098039215686275,0.46808510638297873,0.35135135135135137,0.9285714285714286,0.22493710364610947,0.7077922077922078,9,24,1,13,WeightedAverage,"weights={'GB_Accuracy_Prob': 0, 'Logistic_Prob': 0, 'RandomForest_Prob': 0, 'ExtraTrees_Prob': 1, 'SVC_RBF_Prob': 1}, threshold=0.21"
0.5098039215686275,0.46808510638297873,0.35135135135135137,0.9285714285714286,0.22493710364610947,0.7380952380952381,9,24,1,13,WeightedAverage,"weights={'GB_Accuracy_Prob': 0, 'Logistic_Prob': 0, 'RandomForest_Prob': 0, 'ExtraTrees_Prob': 1, 'SVC_RBF_Prob': 3}, threshold=0.23"
0.5098039215686275,0.46808510638297873,0.35135135135135137,0.9285714285714286,0.22493710364610947,0.7186147186147187,9,24,1,13,WeightedAverage,"weights={'GB_Accuracy_Prob': 0, 'Logistic_Prob': 0, 'RandomForest_Prob': 0, 'ExtraTrees_Prob': 2, 'SVC_RBF_Prob': 3}, threshold=0.22"
0.5098039215686275,0.46808510638297873,0.35135135135135137,0.9285714285714286,0.22493710364610947,0.7272727272727272,9,24,1,13,WeightedAverage,"weights={'GB_Accuracy_Prob': 0, 'Logistic_Prob': 0, 'RandomForest_Prob': 1, 'ExtraTrees_Prob': 0, 'SVC_RBF_Prob': 1}, threshold=0.22"
0.5098039215686275,0.46808510638297873,0.35135135135135137,0.9285714285714286,0.22493710364610947,0.7164502164502164,9,24,1,13,WeightedAverage,"weights={'GB_Accuracy_Prob': 0, 'Logistic_Prob': 0, 'RandomForest_Prob': 3, 'ExtraTrees_Prob': 1, 'SVC_RBF_Prob': 3}, threshold=0.21"
0.5098039215686275,0.46808510638297873,0.35135135135135137,0.9285714285714286,0.22493710364610947,0.7554112554112553,9,24,1,13,WeightedAverage,"weights={'GB_Accuracy_Prob': 0, 'Logistic_Prob': 2, 'RandomForest_Prob': 0, 'ExtraTrees_Prob': 2, 'SVC_RBF_Prob': 3}, threshold=0.16"
0.5098039215686275,0.46808510638297873,0.35135135135135137,0.9285714285714286,0.22493710364610947,0.764069264069264,9,24,1,13,WeightedAverage,"weights={'GB_Accuracy_Prob': 0, 'Logistic_Prob': 2, 'RandomForest_Prob': 1, 'ExtraTrees_Prob': 0, 'SVC_RBF_Prob': 0}, threshold=0.07"
0.5098039215686275,0.46808510638297873,0.35135135135135137,0.9285714285714286,0.22493710364610947,0.7705627705627706,9,24,1,13,WeightedAverage,"weights={'GB_Accuracy_Prob': 0, 'Logistic_Prob': 2, 'RandomForest_Prob': 1, 'ExtraTrees_Prob': 0, 'SVC_RBF_Prob': 2}, threshold=0.14"
0.5098039215686275,0.46808510638297873,0.35135135135135137,0.9285714285714286,0.22493710364610947,0.7965367965367965,9,24,1,13,WeightedAverage,"weights={'GB_Accuracy_Prob': 1, 'Logistic_Prob': 0, 'RandomForest_Prob': 0, 'ExtraTrees_Prob': 1, 'SVC_RBF_Prob': 0}, threshold=0.12"
0.5098039215686275,0.46808510638297873,0.35135135135135137,0.9285714285714286,0.22493710364610947,0.777056277056277,9,24,1,13,WeightedAverage,"weights={'GB_Accuracy_Prob': 1, 'Logistic_Prob': 0, 'RandomForest_Prob': 0, 'ExtraTrees_Prob': 2, 'SVC_RBF_Prob': 0}, threshold=0.14"
0.5098039215686275,0.46808510638297873,0.35135135135135137,0.9285714285714286,0.22493710364610947,0.8051948051948051,9,24,1,13,WeightedAverage,"weights={'GB_Accuracy_Prob': 1, 'Logistic_Prob': 0, 'RandomForest_Prob': 1, 'ExtraTrees_Prob': 0, 'SVC_RBF_Prob': 0}, threshold=0.11"
0.5098039215686275,0.46808510638297873,0.35135135135135137,0.9285714285714286,0.22493710364610947,0.7922077922077922,9,24,1,13,WeightedAverage,"weights={'GB_Accuracy_Prob': 1, 'Logistic_Prob': 0, 'RandomForest_Prob': 2, 'ExtraTrees_Prob': 1, 'SVC_RBF_Prob': 3}, threshold=0.20"
0.5090909090909091,0.425531914893617,0.34146341463414637,1.0,0.24916712705774094,0.7023809523809524,6,27,0,14,RandomForest_Prob,RandomForest_Prob>=0.14
0.5090909090909091,0.425531914893617,0.34146341463414637,1.0,0.24916712705774094,0.6753246753246753,6,27,0,14,ExtraTrees_Prob,ExtraTrees_Prob>=0.11
0.5090909090909091,0.425531914893617,0.34146341463414637,1.0,0.24916712705774094,0.7640692640692641,6,27,0,14,OR_Logistic_ExtraTrees_Prob,Logistic>=0.01 OR ExtraTrees_Prob>=0.14
0.5090909090909091,0.425531914893617,0.34146341463414637,1.0,0.24916712705774094,0.7272727272727272,6,27,0,14,WeightedAverage,"weights={'GB_Accuracy_Prob': 0, 'Logistic_Prob': 0, 'RandomForest_Prob': 1, 'ExtraTrees_Prob': 0, 'SVC_RBF_Prob': 1}, threshold=0.20"
0.5090909090909091,0.425531914893617,0.34146341463414637,1.0,0.24916712705774094,0.761904761904762,6,27,0,14,WeightedAverage,"weights={'GB_Accuracy_Prob': 0, 'Logistic_Prob': 1, 'RandomForest_Prob': 1, 'ExtraTrees_Prob': 0, 'SVC_RBF_Prob': 3}, threshold=0.18"
0.5090909090909091,0.425531914893617,0.34146341463414637,1.0,0.24916712705774094,0.7727272727272727,6,27,0,14,WeightedAverage,"weights={'GB_Accuracy_Prob': 0, 'Logistic_Prob': 2, 'RandomForest_Prob': 0, 'ExtraTrees_Prob': 0, 'SVC_RBF_Prob': 3}, threshold=0.14"
0.5090909090909091,0.425531914893617,0.34146341463414637,1.0,0.24916712705774094,0.7857142857142857,6,27,0,14,WeightedAverage,"weights={'GB_Accuracy_Prob': 1, 'Logistic_Prob': 0, 'RandomForest_Prob': 0, 'ExtraTrees_Prob': 0, 'SVC_RBF_Prob': 3}, threshold=0.18"
0.5090909090909091,0.425531914893617,0.34146341463414637,1.0,0.24916712705774094,0.7965367965367965,6,27,0,14,WeightedAverage,"weights={'GB_Accuracy_Prob': 1, 'Logistic_Prob': 0, 'RandomForest_Prob': 0, 'ExtraTrees_Prob': 1, 'SVC_RBF_Prob': 1}, threshold=0.14"
0.5090909090909091,0.425531914893617,0.34146341463414637,1.0,0.24916712705774094,0.779220779220779,6,27,0,14,WeightedAverage,"weights={'GB_Accuracy_Prob': 1, 'Logistic_Prob': 0, 'RandomForest_Prob': 0, 'ExtraTrees_Prob': 2, 'SVC_RBF_Prob': 1}, threshold=0.13"
0.5090909090909091,0.425531914893617,0.34146341463414637,1.0,0.24916712705774094,0.7813852813852814,6,27,0,14,WeightedAverage,"weights={'GB_Accuracy_Prob': 1, 'Logistic_Prob': 1, 'RandomForest_Prob': 0, 'ExtraTrees_Prob': 0, 'SVC_RBF_Prob': 1}, threshold=0.09"
0.5090909090909091,0.425531914893617,0.34146341463414637,1.0,0.24916712705774094,0.7792207792207791,6,27,0,14,WeightedAverage,"weights={'GB_Accuracy_Prob': 1, 'Logistic_Prob': 1, 'RandomForest_Prob': 0, 'ExtraTrees_Prob': 2, 'SVC_RBF_Prob': 0}, threshold=0.07"
0.5090909090909091,0.425531914893617,0.34146341463414637,1.0,0.24916712705774094,0.7792207792207793,6,27,0,14,WeightedAverage,"weights={'GB_Accuracy_Prob': 1, 'Logistic_Prob': 3, 'RandomForest_Prob': 0, 'ExtraTrees_Prob': 3, 'SVC_RBF_Prob': 0}, threshold=0.06"
0.5090909090909091,0.425531914893617,0.34146341463414637,1.0,0.24916712705774094,0.8051948051948051,6,27,0,14,WeightedAverage,"weights={'GB_Accuracy_Prob': 2, 'Logistic_Prob': 0, 'RandomForest_Prob': 0, 'ExtraTrees_Prob': 1, 'SVC_RBF_Prob': 0}, threshold=0.06"
0.5090909090909091,0.425531914893617,0.34146341463414637,1.0,0.24916712705774094,0.7965367965367965,6,27,0,14,WeightedAverage,"weights={'GB_Accuracy_Prob': 2, 'Logistic_Prob': 0, 'RandomForest_Prob': 0, 'ExtraTrees_Prob': 1, 'SVC_RBF_Prob': 3}, threshold=0.16"
0.5090909090909091,0.425531914893617,0.34146341463414637,1.0,0.24916712705774094,0.7943722943722943,6,27,0,14,WeightedAverage,"weights={'GB_Accuracy_Prob': 3, 'Logistic_Prob': 1, 'RandomForest_Prob': 1, 'ExtraTrees_Prob': 0, 'SVC_RBF_Prob': 0}, threshold=0.05"
0.5000000000000001,0.6170212765957447,0.4090909090909091,0.6428571428571429,0.2281368852467193,0.7640692640692641,20,13,5,9,AND_Logistic_ExtraTrees_Prob,Logistic>=0.01 AND ExtraTrees_Prob>=0.24
0.5000000000000001,0.6170212765957447,0.4090909090909091,0.6428571428571429,0.2281368852467193,0.7640692640692641,20,13,5,9,OR_Logistic_ExtraTrees_Prob,Logistic>=0.95 OR ExtraTrees_Prob>=0.30
0.5000000000000001,0.6170212765957447,0.4090909090909091,0.6428571428571429,0.2281368852467193,0.7077922077922078,20,13,5,9,WeightedAverage,"weights={'GB_Accuracy_Prob': 0, 'Logistic_Prob': 0, 'RandomForest_Prob': 0, 'ExtraTrees_Prob': 1, 'SVC_RBF_Prob': 1}, threshold=0.28"
0.5000000000000001,0.6170212765957447,0.4090909090909091,0.6428571428571429,0.2281368852467193,0.70995670995671,20,13,5,9,WeightedAverage,"weights={'GB_Accuracy_Prob': 0, 'Logistic_Prob': 0, 'RandomForest_Prob': 1, 'ExtraTrees_Prob': 1, 'SVC_RBF_Prob': 1}, threshold=0.27"
0.5,0.7872340425531915,0.8333333333333334,0.35714285714285715,0.4479075736395105,0.7705627705627706,32,1,9,5,AND_Logistic_GB_Accuracy_Prob,Logistic>=0.59 AND GB_Accuracy_Prob>=0.54
0.5,0.7872340425531915,0.8333333333333334,0.35714285714285715,0.4479075736395105,0.7705627705627706,32,1,9,5,AND_Logistic_GB_Accuracy_Prob,Logistic>=0.79 AND GB_Accuracy_Prob>=0.31
0.5,0.7872340425531915,0.8333333333333334,0.35714285714285715,0.4479075736395105,0.7077922077922078,32,1,9,5,WeightedAverage,"weights={'GB_Accuracy_Prob': 0, 'Logistic_Prob': 0, 'RandomForest_Prob': 0, 'ExtraTrees_Prob': 1, 'SVC_RBF_Prob': 1}, threshold=0.35"
0.5,0.7872340425531915,0.8333333333333334,0.35714285714285715,0.4479075736395105,0.7813852813852814,32,1,9,5,WeightedAverage,"weights={'GB_Accuracy_Prob': 1, 'Logistic_Prob': 0, 'RandomForest_Prob': 0, 'ExtraTrees_Prob': 2, 'SVC_RBF_Prob': 2}, threshold=0.41"
0.5,0.7872340425531915,0.8333333333333334,0.35714285714285715,0.4479075736395105,0.8051948051948051,32,1,9,5,WeightedAverage,"weights={'GB_Accuracy_Prob': 1, 'Logistic_Prob': 0, 'RandomForest_Prob': 1, 'ExtraTrees_Prob': 0, 'SVC_RBF_Prob': 0}, threshold=0.50"
0.5,0.7872340425531915,0.8333333333333334,0.35714285714285715,0.4479075736395105,0.7922077922077922,32,1,9,5,WeightedAverage,"weights={'GB_Accuracy_Prob': 1, 'Logistic_Prob': 0, 'RandomForest_Prob': 1, 'ExtraTrees_Prob': 0, 'SVC_RBF_Prob': 3}, threshold=0.40"
0.5,0.7872340425531915,0.8333333333333334,0.35714285714285715,0.4479075736395105,0.7857142857142857,32,1,9,5,WeightedAverage,"weights={'GB_Accuracy_Prob': 1, 'Logistic_Prob': 0, 'RandomForest_Prob': 1, 'ExtraTrees_Prob': 1, 'SVC_RBF_Prob': 0}, threshold=0.46"
0.5,0.7872340425531915,0.8333333333333334,0.35714285714285715,0.4479075736395105,0.7987012987012987,32,1,9,5,WeightedAverage,"weights={'GB_Accuracy_Prob': 1, 'Logistic_Prob': 0, 'RandomForest_Prob': 2, 'ExtraTrees_Prob': 1, 'SVC_RBF_Prob': 2}, threshold=0.40"
0.5,0.7872340425531915,0.8333333333333334,0.35714285714285715,0.4479075736395105,0.7835497835497836,32,1,9,5,WeightedAverage,"weights={'GB_Accuracy_Prob': 1, 'Logistic_Prob': 1, 'RandomForest_Prob': 0, 'ExtraTrees_Prob': 0, 'SVC_RBF_Prob': 3}, threshold=0.49"
0.5,0.7872340425531915,0.8333333333333334,0.35714285714285715,0.4479075736395105,0.7878787878787878,32,1,9,5,WeightedAverage,"weights={'GB_Accuracy_Prob': 2, 'Logistic_Prob': 0, 'RandomForest_Prob': 0, 'ExtraTrees_Prob': 3, 'SVC_RBF_Prob': 1}, threshold=0.46"
0.5,0.7872340425531915,0.8333333333333334,0.35714285714285715,0.4479075736395105,0.8030303030303031,32,1,9,5,WeightedAverage,"weights={'GB_Accuracy_Prob': 2, 'Logistic_Prob': 0, 'RandomForest_Prob': 3, 'ExtraTrees_Prob': 0, 'SVC_RBF_Prob': 0}, threshold=0.48"
0.5,0.7872340425531915,0.8333333333333334,0.35714285714285715,0.4479075736395105,0.777056277056277,32,1,9,5,WeightedAverage,"weights={'GB_Accuracy_Prob': 2, 'Logistic_Prob': 1, 'RandomForest_Prob': 1, 'ExtraTrees_Prob': 2, 'SVC_RBF_Prob': 2}, threshold=0.49"
0.5,0.7446808510638298,0.6,0.42857142857142855,0.34345235180373707,0.777056277056277,29,4,8,6,Logistic_Prob,Logistic_Prob>=0.80
0.5,0.7446808510638298,0.6,0.42857142857142855,0.34345235180373707,0.7023809523809524,29,4,8,6,RandomForest_Prob,RandomForest_Prob>=0.34
0.5,0.7446808510638298,0.6,0.42857142857142855,0.34345235180373707,0.6753246753246753,29,4,8,6,ExtraTrees_Prob,ExtraTrees_Prob>=0.36
0.5,0.7446808510638298,0.6,0.42857142857142855,0.34345235180373707,0.7640692640692641,29,4,8,6,AND_Logistic_RandomForest_Prob,Logistic>=0.63 AND RandomForest_Prob>=0.24
0.5,0.7446808510638298,0.6,0.42857142857142855,0.34345235180373707,0.7640692640692641,29,4,8,6,OR_Logistic_RandomForest_Prob,Logistic>=0.85 OR RandomForest_Prob>=0.39
0.5,0.7446808510638298,0.6,0.42857142857142855,0.34345235180373707,0.7640692640692641,29,4,8,6,OR_Logistic_ExtraTrees_Prob,Logistic>=0.85 OR ExtraTrees_Prob>=0.40
0.5,0.7446808510638298,0.6,0.42857142857142855,0.34345235180373707,0.7705627705627706,29,4,8,6,OR_Logistic_GB_Accuracy_Prob,Logistic>=0.85 OR GB_Accuracy_Prob>=0.67
0.5,0.7446808510638298,0.6,0.42857142857142855,0.34345235180373707,0.7705627705627706,29,4,8,6,OR_Logistic_GB_Accuracy_Prob,Logistic>=0.95 OR GB_Accuracy_Prob>=0.54
0.5,0.7446808510638298,0.6,0.42857142857142855,0.34345235180373707,0.6861471861471862,29,4,8,6,WeightedAverage,"weights={'GB_Accuracy_Prob': 0, 'Logistic_Prob': 0, 'RandomForest_Prob': 0, 'ExtraTrees_Prob': 2, 'SVC_RBF_Prob': 1}, threshold=0.34"
0.5,0.7446808510638298,0.6,0.42857142857142855,0.34345235180373707,0.7251082251082251,29,4,8,6,WeightedAverage,"weights={'GB_Accuracy_Prob': 0, 'Logistic_Prob': 0, 'RandomForest_Prob': 1, 'ExtraTrees_Prob': 1, 'SVC_RBF_Prob': 3}, threshold=0.32"
0.5,0.7446808510638298,0.6,0.42857142857142855,0.34345235180373707,0.7640692640692641,29,4,8,6,WeightedAverage,"weights={'GB_Accuracy_Prob': 0, 'Logistic_Prob': 1, 'RandomForest_Prob': 1, 'ExtraTrees_Prob': 0, 'SVC_RBF_Prob': 0}, threshold=0.56"
0.5,0.7446808510638298,0.6,0.42857142857142855,0.34345235180373707,0.777056277056277,29,4,8,6,WeightedAverage,"weights={'GB_Accuracy_Prob': 1, 'Logistic_Prob': 0, 'RandomForest_Prob': 3, 'ExtraTrees_Prob': 1, 'SVC_RBF_Prob': 0}, threshold=0.38"
0.5,0.7446808510638298,0.6,0.42857142857142855,0.34345235180373707,0.7727272727272727,29,4,8,6,WeightedAverage,"weights={'GB_Accuracy_Prob': 1, 'Logistic_Prob': 2, 'RandomForest_Prob': 0, 'ExtraTrees_Prob': 0, 'SVC_RBF_Prob': 0}, threshold=0.67"
0.5,0.7021276595744681,0.5,0.5,0.2878787878787879,0.777056277056277,26,7,7,7,Logistic_Prob,Logistic_Prob>=0.59
0.5,0.7021276595744681,0.5,0.5,0.2878787878787879,0.6753246753246753,26,7,7,7,ExtraTrees_Prob,ExtraTrees_Prob>=0.33
0.5,0.7021276595744681,0.5,0.5,0.2878787878787879,0.7640692640692641,26,7,7,7,AND_Logistic_RandomForest_Prob,Logistic>=0.01 AND RandomForest_Prob>=0.32
0.5,0.7021276595744681,0.5,0.5,0.2878787878787879,0.7640692640692641,26,7,7,7,AND_Logistic_RandomForest_Prob,Logistic>=0.03 AND RandomForest_Prob>=0.29
0.5,0.7021276595744681,0.5,0.5,0.2878787878787879,0.7640692640692641,26,7,7,7,AND_Logistic_RandomForest_Prob,Logistic>=0.07 AND RandomForest_Prob>=0.28
0.5,0.7021276595744681,0.5,0.5,0.2878787878787879,0.7640692640692641,26,7,7,7,AND_Logistic_ExtraTrees_Prob,Logistic>=0.01 AND ExtraTrees_Prob>=0.32
0.5,0.7021276595744681,0.5,0.5,0.2878787878787879,0.7640692640692641,26,7,7,7,AND_Logistic_ExtraTrees_Prob,Logistic>=0.09 AND ExtraTrees_Prob>=0.29
0.5,0.7021276595744681,0.5,0.5,0.2878787878787879,0.7640692640692641,26,7,7,7,AND_Logistic_ExtraTrees_Prob,Logistic>=0.28 AND ExtraTrees_Prob>=0.22
0.5,0.7021276595744681,0.5,0.5,0.2878787878787879,0.7662337662337662,26,7,7,7,OR_Logistic_SVC_RBF_Prob,Logistic>=0.63 OR SVC_RBF_Prob>=0.34
0.5,0.7021276595744681,0.5,0.5,0.2878787878787879,0.7705627705627706,26,7,7,7,OR_Logistic_GB_Accuracy_Prob,Logistic>=0.85 OR GB_Accuracy_Prob>=0.35
0.5,0.7021276595744681,0.5,0.5,0.2878787878787879,0.725108225108225,26,7,7,7,WeightedAverage,"weights={'GB_Accuracy_Prob': 0, 'Logistic_Prob': 0, 'RandomForest_Prob': 0, 'ExtraTrees_Prob': 1, 'SVC_RBF_Prob': 2}, threshold=0.30"
0.5,0.7021276595744681,0.5,0.5,0.2878787878787879,0.7272727272727272,26,7,7,7,WeightedAverage,"weights={'GB_Accuracy_Prob': 0, 'Logistic_Prob': 0, 'RandomForest_Prob': 1, 'ExtraTrees_Prob': 0, 'SVC_RBF_Prob': 1}, threshold=0.31"
0.5,0.7021276595744681,0.5,0.5,0.2878787878787879,0.6753246753246753,26,7,7,7,WeightedAverage,"weights={'GB_Accuracy_Prob': 0, 'Logistic_Prob': 0, 'RandomForest_Prob': 1, 'ExtraTrees_Prob': 2, 'SVC_RBF_Prob': 0}, threshold=0.33"
0.5,0.7021276595744681,0.5,0.5,0.2878787878787879,0.722943722943723,26,7,7,7,WeightedAverage,"weights={'GB_Accuracy_Prob': 0, 'Logistic_Prob': 0, 'RandomForest_Prob': 2, 'ExtraTrees_Prob': 1, 'SVC_RBF_Prob': 3}, threshold=0.31"
0.5,0.6595744680851063,0.4444444444444444,0.5714285714285714,0.2525023624994188,0.7640692640692641,23,10,6,8,OR_Logistic_RandomForest_Prob,Logistic>=0.85 OR RandomForest_Prob>=0.30
0.5,0.6595744680851063,0.4444444444444444,0.5714285714285714,0.2525023624994188,0.7640692640692641,23,10,6,8,AND_Logistic_ExtraTrees_Prob,Logistic>=0.01 AND ExtraTrees_Prob>=0.29
0.5,0.6595744680851063,0.4444444444444444,0.5714285714285714,0.2525023624994188,0.7640692640692641,23,10,6,8,AND_Logistic_ExtraTrees_Prob,Logistic>=0.03 AND ExtraTrees_Prob>=0.27
0.5,0.6595744680851063,0.4444444444444444,0.5714285714285714,0.2525023624994188,0.7640692640692641,23,10,6,8,AND_Logistic_ExtraTrees_Prob,Logistic>=0.04 AND ExtraTrees_Prob>=0.26
0.5,0.6595744680851063,0.4444444444444444,0.5714285714285714,0.2525023624994188,0.7640692640692641,23,10,6,8,AND_Logistic_ExtraTrees_Prob,Logistic>=0.07 AND ExtraTrees_Prob>=0.22
0.5,0.6595744680851063,0.4444444444444444,0.5714285714285714,0.2525023624994188,0.7662337662337662,23,10,6,8,OR_Logistic_SVC_RBF_Prob,Logistic>=0.28 OR SVC_RBF_Prob>=0.30
0.5,0.6595744680851063,0.4444444444444444,0.5714285714285714,0.2525023624994188,0.7705627705627706,23,10,6,8,OR_Logistic_GB_Accuracy_Prob,Logistic>=0.28 OR GB_Accuracy_Prob>=0.35
0.5,0.6595744680851063,0.4444444444444444,0.5714285714285714,0.2525023624994188,0.7272727272727272,23,10,6,8,WeightedAverage,"weights={'GB_Accuracy_Prob': 0, 'Logistic_Prob': 0, 'RandomForest_Prob': 1, 'ExtraTrees_Prob': 0, 'SVC_RBF_Prob': 1}, threshold=0.30"
0.5,0.6595744680851063,0.4444444444444444,0.5714285714285714,0.2525023624994188,0.70995670995671,23,10,6,8,WeightedAverage,"weights={'GB_Accuracy_Prob': 0, 'Logistic_Prob': 0, 'RandomForest_Prob': 1, 'ExtraTrees_Prob': 1, 'SVC_RBF_Prob': 1}, threshold=0.30"
0.5,0.574468085106383,0.38461538461538464,0.7142857142857143,0.21105155490655148,0.7023809523809524,17,16,4,10,RandomForest_Prob,RandomForest_Prob>=0.24
0.5,0.574468085106383,0.38461538461538464,0.7142857142857143,0.21105155490655148,0.7294372294372294,17,16,4,10,SVC_RBF_Prob,SVC_RBF_Prob>=0.27
0.5,0.574468085106383,0.38461538461538464,0.7142857142857143,0.21105155490655148,0.7640692640692641,17,16,4,10,OR_Logistic_ExtraTrees_Prob,Logistic>=0.22 OR ExtraTrees_Prob>=0.27
0.5,0.574468085106383,0.38461538461538464,0.7142857142857143,0.21105155490655148,0.7662337662337662,17,16,4,10,AND_Logistic_SVC_RBF_Prob,Logistic>=0.01 AND SVC_RBF_Prob>=0.26
0.5,0.574468085106383,0.38461538461538464,0.7142857142857143,0.21105155490655148,0.7380952380952381,17,16,4,10,WeightedAverage,"weights={'GB_Accuracy_Prob': 0, 'Logistic_Prob': 0, 'RandomForest_Prob': 0, 'ExtraTrees_Prob': 1, 'SVC_RBF_Prob': 3}, threshold=0.27"
0.5,0.574468085106383,0.38461538461538464,0.7142857142857143,0.21105155490655148,0.7186147186147187,17,16,4,10,WeightedAverage,"weights={'GB_Accuracy_Prob': 0, 'Logistic_Prob': 0, 'RandomForest_Prob': 0, 'ExtraTrees_Prob': 2, 'SVC_RBF_Prob': 3}, threshold=0.27"
0.5,0.574468085106383,0.38461538461538464,0.7142857142857143,0.21105155490655148,0.6796536796536796,17,16,4,10,WeightedAverage,"weights={'GB_Accuracy_Prob': 0, 'Logistic_Prob': 0, 'RandomForest_Prob': 1, 'ExtraTrees_Prob': 1, 'SVC_RBF_Prob': 0}, threshold=0.25"
0.5,0.574468085106383,0.38461538461538464,0.7142857142857143,0.21105155490655148,0.699134199134199,17,16,4,10,WeightedAverage,"weights={'GB_Accuracy_Prob': 0, 'Logistic_Prob': 0, 'RandomForest_Prob': 2, 'ExtraTrees_Prob': 2, 'SVC_RBF_Prob': 1}, threshold=0.25"
0.5,0.574468085106383,0.38461538461538464,0.7142857142857143,0.21105155490655148,0.7445887445887446,17,16,4,10,WeightedAverage,"weights={'GB_Accuracy_Prob': 0, 'Logistic_Prob': 1, 'RandomForest_Prob': 0, 'ExtraTrees_Prob': 2, 'SVC_RBF_Prob': 3}, threshold=0.23"
0.5,0.574468085106383,0.38461538461538464,0.7142857142857143,0.21105155490655148,0.7380952380952381,17,16,4,10,WeightedAverage,"weights={'GB_Accuracy_Prob': 0, 'Logistic_Prob': 1, 'RandomForest_Prob': 1, 'ExtraTrees_Prob': 2, 'SVC_RBF_Prob': 0}, threshold=0.21"
0.5,0.574468085106383,0.38461538461538464,0.7142857142857143,0.21105155490655148,0.7467532467532467,17,16,4,10,WeightedAverage,"weights={'GB_Accuracy_Prob': 0, 'Logistic_Prob': 1, 'RandomForest_Prob': 2, 'ExtraTrees_Prob': 1, 'SVC_RBF_Prob': 1}, threshold=0.22"
0.5,0.5319148936170213,0.36666666666666664,0.7857142857142857,0.19983228686606014,0.7640692640692641,14,19,3,11,OR_Logistic_ExtraTrees_Prob,Logistic>=0.22 OR ExtraTrees_Prob>=0.23
0.5,0.5319148936170213,0.36666666666666664,0.7857142857142857,0.19983228686606014,0.7705627705627706,14,19,3,11,OR_Logistic_GB_Accuracy_Prob,Logistic>=0.13 OR GB_Accuracy_Prob>=0.07
0.5,0.5319148936170213,0.36666666666666664,0.7857142857142857,0.19983228686606014,0.7705627705627706,14,19,3,11,OR_Logistic_GB_Accuracy_Prob,Logistic>=0.60 OR GB_Accuracy_Prob>=0.06
0.5,0.5319148936170213,0.36666666666666664,0.7857142857142857,0.19983228686606014,0.7186147186147187,14,19,3,11,WeightedAverage,"weights={'GB_Accuracy_Prob': 0, 'Logistic_Prob': 0, 'RandomForest_Prob': 0, 'ExtraTrees_Prob': 2, 'SVC_RBF_Prob': 3}, threshold=0.25"
0.5,0.5319148936170213,0.36666666666666664,0.7857142857142857,0.19983228686606014,0.6926406926406926,14,19,3,11,WeightedAverage,"weights={'GB_Accuracy_Prob': 0, 'Logistic_Prob': 0, 'RandomForest_Prob': 0, 'ExtraTrees_Prob': 3, 'SVC_RBF_Prob': 2}, threshold=0.24"
0.5,0.5319148936170213,0.36666666666666664,0.7857142857142857,0.19983228686606014,0.7251082251082251,14,19,3,11,WeightedAverage,"weights={'GB_Accuracy_Prob': 0, 'Logistic_Prob': 0, 'RandomForest_Prob': 1, 'ExtraTrees_Prob': 1, 'SVC_RBF_Prob': 3}, threshold=0.25"
0.5,0.5319148936170213,0.36666666666666664,0.7857142857142857,0.19983228686606014,0.7337662337662337,14,19,3,11,WeightedAverage,"weights={'GB_Accuracy_Prob': 0, 'Logistic_Prob': 0, 'RandomForest_Prob': 2, 'ExtraTrees_Prob': 0, 'SVC_RBF_Prob': 3}, threshold=0.25"
0.5,0.5319148936170213,0.36666666666666664,0.7857142857142857,0.19983228686606014,0.699134199134199,14,19,3,11,WeightedAverage,"weights={'GB_Accuracy_Prob': 0, 'Logistic_Prob': 0, 'RandomForest_Prob': 2, 'ExtraTrees_Prob': 2, 'SVC_RBF_Prob': 1}, threshold=0.24"
0.5,0.5319148936170213,0.36666666666666664,0.7857142857142857,0.19983228686606014,0.7164502164502163,14,19,3,11,WeightedAverage,"weights={'GB_Accuracy_Prob': 0, 'Logistic_Prob': 0, 'RandomForest_Prob': 3, 'ExtraTrees_Prob': 0, 'SVC_RBF_Prob': 1}, threshold=0.23"
0.5,0.5319148936170213,0.36666666666666664,0.7857142857142857,0.19983228686606014,0.70995670995671,14,19,3,11,WeightedAverage,"weights={'GB_Accuracy_Prob': 0, 'Logistic_Prob': 0, 'RandomForest_Prob': 3, 'ExtraTrees_Prob': 2, 'SVC_RBF_Prob': 2}, threshold=0.24"
0.5,0.5319148936170213,0.36666666666666664,0.7857142857142857,0.19983228686606014,0.7965367965367965,14,19,3,11,WeightedAverage,"weights={'GB_Accuracy_Prob': 1, 'Logistic_Prob': 0, 'RandomForest_Prob': 0, 'ExtraTrees_Prob': 1, 'SVC_RBF_Prob': 0}, threshold=0.15"
0.5,0.5319148936170213,0.36666666666666664,0.7857142857142857,0.19983228686606014,0.7965367965367965,14,19,3,11,WeightedAverage,"weights={'GB_Accuracy_Prob': 1, 'Logistic_Prob': 0, 'RandomForest_Prob': 0, 'ExtraTrees_Prob': 1, 'SVC_RBF_Prob': 2}, threshold=0.21"
0.5,0.5319148936170213,0.36666666666666664,0.7857142857142857,0.19983228686606014,0.777056277056277,14,19,3,11,WeightedAverage,"weights={'GB_Accuracy_Prob': 1, 'Logistic_Prob': 0, 'RandomForest_Prob': 0, 'ExtraTrees_Prob': 2, 'SVC_RBF_Prob': 3}, threshold=0.22"
0.5,0.5319148936170213,0.36666666666666664,0.7857142857142857,0.19983228686606014,0.7554112554112553,14,19,3,11,WeightedAverage,"weights={'GB_Accuracy_Prob': 1, 'Logistic_Prob': 0, 'RandomForest_Prob': 3, 'ExtraTrees_Prob': 3, 'SVC_RBF_Prob': 0}, threshold=0.21"
0.5,0.5319148936170213,0.36666666666666664,0.7857142857142857,0.19983228686606014,0.7857142857142856,14,19,3,11,WeightedAverage,"weights={'GB_Accuracy_Prob': 2, 'Logistic_Prob': 0, 'RandomForest_Prob': 1, 'ExtraTrees_Prob': 3, 'SVC_RBF_Prob': 1}, threshold=0.19"
0.5,0.5319148936170213,0.36666666666666664,0.7857142857142857,0.19983228686606014,0.7792207792207793,14,19,3,11,WeightedAverage,"weights={'GB_Accuracy_Prob': 2, 'Logistic_Prob': 1, 'RandomForest_Prob': 3, 'ExtraTrees_Prob': 1, 'SVC_RBF_Prob': 3}, threshold=0.19"
0.5,0.5319148936170213,0.36666666666666664,0.7857142857142857,0.19983228686606014,0.7987012987012987,14,19,3,11,WeightedAverage,"weights={'GB_Accuracy_Prob': 3, 'Logistic_Prob': 0, 'RandomForest_Prob': 0, 'ExtraTrees_Prob': 2, 'SVC_RBF_Prob': 3}, threshold=0.18"
0.5,0.5319148936170213,0.36666666666666664,0.7857142857142857,0.19983228686606014,0.7922077922077921,14,19,3,11,WeightedAverage,"weights={'GB_Accuracy_Prob': 3, 'Logistic_Prob': 0, 'RandomForest_Prob': 2, 'ExtraTrees_Prob': 2, 'SVC_RBF_Prob': 0}, threshold=0.16"
0.5,0.5319148936170213,0.36666666666666664,0.7857142857142857,0.19983228686606014,0.7922077922077921,14,19,3,11,WeightedAverage,"weights={'GB_Accuracy_Prob': 3, 'Logistic_Prob': 0, 'RandomForest_Prob': 2, 'ExtraTrees_Prob': 3, 'SVC_RBF_Prob': 0}, threshold=0.17"
0.5,0.5319148936170213,0.36666666666666664,0.7857142857142857,0.19983228686606014,0.7813852813852814,14,19,3,11,WeightedAverage,"weights={'GB_Accuracy_Prob': 3, 'Logistic_Prob': 1, 'RandomForest_Prob': 3, 'ExtraTrees_Prob': 3, 'SVC_RBF_Prob': 2}, threshold=0.18"
0.5,0.48936170212765956,0.35294117647058826,0.8571428571428571,0.1947379301838068,0.7640692640692641,11,22,2,12,OR_Logistic_RandomForest_Prob,Logistic>=0.01 OR RandomForest_Prob>=0.28
0.5,0.48936170212765956,0.35294117647058826,0.8571428571428571,0.1947379301838068,0.7640692640692641,11,22,2,12,OR_Logistic_ExtraTrees_Prob,Logistic>=0.02 OR ExtraTrees_Prob>=0.29
0.5,0.48936170212765956,0.35294117647058826,0.8571428571428571,0.1947379301838068,0.7640692640692641,11,22,2,12,OR_Logistic_ExtraTrees_Prob,Logistic>=0.13 OR ExtraTrees_Prob>=0.20
0.5,0.48936170212765956,0.35294117647058826,0.8571428571428571,0.1947379301838068,0.7705627705627706,11,22,2,12,OR_Logistic_GB_Accuracy_Prob,Logistic>=0.01 OR GB_Accuracy_Prob>=0.08
0.5,0.48936170212765956,0.35294117647058826,0.8571428571428571,0.1947379301838068,0.7705627705627706,11,22,2,12,OR_Logistic_GB_Accuracy_Prob,Logistic>=0.04 OR GB_Accuracy_Prob>=0.07
0.5,0.48936170212765956,0.35294117647058826,0.8571428571428571,0.1947379301838068,0.7705627705627706,11,22,2,12,OR_Logistic_GB_Accuracy_Prob,Logistic>=0.13 OR GB_Accuracy_Prob>=0.05
0.5,0.48936170212765956,0.35294117647058826,0.8571428571428571,0.1947379301838068,0.7705627705627706,11,22,2,12,OR_Logistic_GB_Accuracy_Prob,Logistic>=0.16 OR GB_Accuracy_Prob>=0.04
0.5,0.48936170212765956,0.35294117647058826,0.8571428571428571,0.1947379301838068,0.7424242424242424,11,22,2,12,WeightedAverage,"weights={'GB_Accuracy_Prob': 0, 'Logistic_Prob': 0, 'RandomForest_Prob': 1, 'ExtraTrees_Prob': 0, 'SVC_RBF_Prob': 2}, threshold=0.24"
0.5,0.48936170212765956,0.35294117647058826,0.8571428571428571,0.1947379301838068,0.6926406926406927,11,22,2,12,WeightedAverage,"weights={'GB_Accuracy_Prob': 0, 'Logistic_Prob': 0, 'RandomForest_Prob': 2, 'ExtraTrees_Prob': 1, 'SVC_RBF_Prob': 0}, threshold=0.20"
0.5,0.48936170212765956,0.35294117647058826,0.8571428571428571,0.1947379301838068,0.722943722943723,11,22,2,12,WeightedAverage,"weights={'GB_Accuracy_Prob': 0, 'Logistic_Prob': 0, 'RandomForest_Prob': 2, 'ExtraTrees_Prob': 1, 'SVC_RBF_Prob': 3}, threshold=0.23"
0.5,0.48936170212765956,0.35294117647058826,0.8571428571428571,0.1947379301838068,0.7056277056277056,11,22,2,12,WeightedAverage,"weights={'GB_Accuracy_Prob': 0, 'Logistic_Prob': 0, 'RandomForest_Prob': 2, 'ExtraTrees_Prob': 3, 'SVC_RBF_Prob': 2}, threshold=0.21"
0.5,0.48936170212765956,0.35294117647058826,0.8571428571428571,0.1947379301838068,0.7943722943722944,11,22,2,12,WeightedAverage,"weights={'GB_Accuracy_Prob': 1, 'Logistic_Prob': 0, 'RandomForest_Prob': 0, 'ExtraTrees_Prob': 0, 'SVC_RBF_Prob': 2}, threshold=0.19"
0.5,0.48936170212765956,0.35294117647058826,0.8571428571428571,0.1947379301838068,0.7965367965367965,11,22,2,12,WeightedAverage,"weights={'GB_Accuracy_Prob': 1, 'Logistic_Prob': 0, 'RandomForest_Prob': 0, 'ExtraTrees_Prob': 1, 'SVC_RBF_Prob': 1}, threshold=0.18"
0.5,0.48936170212765956,0.35294117647058826,0.8571428571428571,0.1947379301838068,0.779220779220779,11,22,2,12,WeightedAverage,"weights={'GB_Accuracy_Prob': 1, 'Logistic_Prob': 0, 'RandomForest_Prob': 0, 'ExtraTrees_Prob': 2, 'SVC_RBF_Prob': 1}, threshold=0.19"
0.5,0.48936170212765956,0.35294117647058826,0.8571428571428571,0.1947379301838068,0.7857142857142857,11,22,2,12,WeightedAverage,"weights={'GB_Accuracy_Prob': 1, 'Logistic_Prob': 0, 'RandomForest_Prob': 3, 'ExtraTrees_Prob': 0, 'SVC_RBF_Prob': 3}, threshold=0.21"
0.5,0.48936170212765956,0.35294117647058826,0.8571428571428571,0.1947379301838068,0.7813852813852813,11,22,2,12,WeightedAverage,"weights={'GB_Accuracy_Prob': 1, 'Logistic_Prob': 1, 'RandomForest_Prob': 0, 'ExtraTrees_Prob': 1, 'SVC_RBF_Prob': 2}, threshold=0.16"
0.5,0.48936170212765956,0.35294117647058826,0.8571428571428571,0.1947379301838068,0.7792207792207793,11,22,2,12,WeightedAverage,"weights={'GB_Accuracy_Prob': 1, 'Logistic_Prob': 1, 'RandomForest_Prob': 0, 'ExtraTrees_Prob': 1, 'SVC_RBF_Prob': 3}, threshold=0.18"
0.5,0.48936170212765956,0.35294117647058826,0.8571428571428571,0.1947379301838068,0.777056277056277,11,22,2,12,WeightedAverage,"weights={'GB_Accuracy_Prob': 1, 'Logistic_Prob': 2, 'RandomForest_Prob': 0, 'ExtraTrees_Prob': 0, 'SVC_RBF_Prob': 2}, threshold=0.12"
0.5,0.48936170212765956,0.35294117647058826,0.8571428571428571,0.1947379301838068,0.7705627705627704,11,22,2,12,WeightedAverage,"weights={'GB_Accuracy_Prob': 1, 'Logistic_Prob': 3, 'RandomForest_Prob': 0, 'ExtraTrees_Prob': 0, 'SVC_RBF_Prob': 1}, threshold=0.07"
0.5,0.48936170212765956,0.35294117647058826,0.8571428571428571,0.1947379301838068,0.7878787878787878,11,22,2,12,WeightedAverage,"weights={'GB_Accuracy_Prob': 2, 'Logistic_Prob': 0, 'RandomForest_Prob': 1, 'ExtraTrees_Prob': 3, 'SVC_RBF_Prob': 0}, threshold=0.17"
0.5,0.48936170212765956,0.35294117647058826,0.8571428571428571,0.1947379301838068,0.7813852813852813,11,22,2,12,WeightedAverage,"weights={'GB_Accuracy_Prob': 2, 'Logistic_Prob': 0, 'RandomForest_Prob': 2, 'ExtraTrees_Prob': 2, 'SVC_RBF_Prob': 1}, threshold=0.18"
0.5,0.48936170212765956,0.35294117647058826,0.8571428571428571,0.1947379301838068,0.7748917748917749,11,22,2,12,WeightedAverage,"weights={'GB_Accuracy_Prob': 2, 'Logistic_Prob': 1, 'RandomForest_Prob': 0, 'ExtraTrees_Prob': 0, 'SVC_RBF_Prob': 1}, threshold=0.10"
0.5,0.48936170212765956,0.35294117647058826,0.8571428571428571,0.1947379301838068,0.7943722943722944,11,22,2,12,WeightedAverage,"weights={'GB_Accuracy_Prob': 2, 'Logistic_Prob': 1, 'RandomForest_Prob': 0, 'ExtraTrees_Prob': 1, 'SVC_RBF_Prob': 1}, threshold=0.12"
0.5,0.48936170212765956,0.35294117647058826,0.8571428571428571,0.1947379301838068,0.7922077922077922,11,22,2,12,WeightedAverage,"weights={'GB_Accuracy_Prob': 2, 'Logistic_Prob': 1, 'RandomForest_Prob': 1, 'ExtraTrees_Prob': 1, 'SVC_RBF_Prob': 0}, threshold=0.12"
0.5,0.48936170212765956,0.35294117647058826,0.8571428571428571,0.1947379301838068,0.7835497835497836,11,22,2,12,WeightedAverage,"weights={'GB_Accuracy_Prob': 2, 'Logistic_Prob': 1, 'RandomForest_Prob': 1, 'ExtraTrees_Prob': 1, 'SVC_RBF_Prob': 3}, threshold=0.17"
0.5,0.48936170212765956,0.35294117647058826,0.8571428571428571,0.1947379301838068,0.7943722943722944,11,22,2,12,WeightedAverage,"weights={'GB_Accuracy_Prob': 2, 'Logistic_Prob': 2, 'RandomForest_Prob': 1, 'ExtraTrees_Prob': 0, 'SVC_RBF_Prob': 2}, threshold=0.13"
0.5,0.48936170212765956,0.35294117647058826,0.8571428571428571,0.1947379301838068,0.7705627705627706,11,22,2,12,WeightedAverage,"weights={'GB_Accuracy_Prob': 2, 'Logistic_Prob': 3, 'RandomForest_Prob': 0, 'ExtraTrees_Prob': 0, 'SVC_RBF_Prob': 1}, threshold=0.07"
0.5,0.48936170212765956,0.35294117647058826,0.8571428571428571,0.1947379301838068,0.787878787878788,11,22,2,12,WeightedAverage,"weights={'GB_Accuracy_Prob': 3, 'Logistic_Prob': 0, 'RandomForest_Prob': 0, 'ExtraTrees_Prob': 0, 'SVC_RBF_Prob': 2}, threshold=0.13"
0.5,0.48936170212765956,0.35294117647058826,0.8571428571428571,0.1947379301838068,0.8051948051948051,11,22,2,12,WeightedAverage,"weights={'GB_Accuracy_Prob': 3, 'Logistic_Prob': 0, 'RandomForest_Prob': 0, 'ExtraTrees_Prob': 1, 'SVC_RBF_Prob': 0}, threshold=0.09"
0.5,0.48936170212765956,0.35294117647058826,0.8571428571428571,0.1947379301838068,0.7922077922077922,11,22,2,12,WeightedAverage,"weights={'GB_Accuracy_Prob': 3, 'Logistic_Prob': 0, 'RandomForest_Prob': 0, 'ExtraTrees_Prob': 2, 'SVC_RBF_Prob': 0}, threshold=0.12"
0.5,0.48936170212765956,0.35294117647058826,0.8571428571428571,0.1947379301838068,0.8008658008658008,11,22,2,12,WeightedAverage,"weights={'GB_Accuracy_Prob': 3, 'Logistic_Prob': 0, 'RandomForest_Prob': 1, 'ExtraTrees_Prob': 0, 'SVC_RBF_Prob': 1}, threshold=0.12"
0.5,0.48936170212765956,0.35294117647058826,0.8571428571428571,0.1947379301838068,0.7922077922077921,11,22,2,12,WeightedAverage,"weights={'GB_Accuracy_Prob': 3, 'Logistic_Prob': 0, 'RandomForest_Prob': 2, 'ExtraTrees_Prob': 3, 'SVC_RBF_Prob': 0}, threshold=0.16"
0.5,0.48936170212765956,0.35294117647058826,0.8571428571428571,0.1947379301838068,0.7857142857142857,11,22,2,12,WeightedAverage,"weights={'GB_Accuracy_Prob': 3, 'Logistic_Prob': 1, 'RandomForest_Prob': 0, 'ExtraTrees_Prob': 0, 'SVC_RBF_Prob': 1}, threshold=0.09"
0.5,0.48936170212765956,0.35294117647058826,0.8571428571428571,0.1947379301838068,0.7878787878787878,11,22,2,12,WeightedAverage,"weights={'GB_Accuracy_Prob': 3, 'Logistic_Prob': 1, 'RandomForest_Prob': 0, 'ExtraTrees_Prob': 0, 'SVC_RBF_Prob': 2}, threshold=0.12"
0.5,0.48936170212765956,0.35294117647058826,0.8571428571428571,0.1947379301838068,0.7987012987012987,11,22,2,12,WeightedAverage,"weights={'GB_Accuracy_Prob': 3, 'Logistic_Prob': 1, 'RandomForest_Prob': 0, 'ExtraTrees_Prob': 1, 'SVC_RBF_Prob': 0}, threshold=0.08"
0.5,0.48936170212765956,0.35294117647058826,0.8571428571428571,0.1947379301838068,0.7965367965367965,11,22,2,12,WeightedAverage,"weights={'GB_Accuracy_Prob': 3, 'Logistic_Prob': 1, 'RandomForest_Prob': 0, 'ExtraTrees_Prob': 1, 'SVC_RBF_Prob': 3}, threshold=0.15"
0.5,0.48936170212765956,0.35294117647058826,0.8571428571428571,0.1947379301838068,0.7943722943722943,11,22,2,12,WeightedAverage,"weights={'GB_Accuracy_Prob': 3, 'Logistic_Prob': 1, 'RandomForest_Prob': 1, 'ExtraTrees_Prob': 0, 'SVC_RBF_Prob': 0}, threshold=0.08"
0.5,0.48936170212765956,0.35294117647058826,0.8571428571428571,0.1947379301838068,0.7878787878787878,11,22,2,12,WeightedAverage,"weights={'GB_Accuracy_Prob': 3, 'Logistic_Prob': 2, 'RandomForest_Prob': 1, 'ExtraTrees_Prob': 0, 'SVC_RBF_Prob': 0}, threshold=0.07"
0.5,0.48936170212765956,0.35294117647058826,0.8571428571428571,0.1947379301838068,0.7878787878787878,11,22,2,12,WeightedAverage,"weights={'GB_Accuracy_Prob': 3, 'Logistic_Prob': 2, 'RandomForest_Prob': 1, 'ExtraTrees_Prob': 0, 'SVC_RBF_Prob': 1}, threshold=0.10"
0.5,0.48936170212765956,0.35294117647058826,0.8571428571428571,0.1947379301838068,0.7705627705627706,11,22,2,12,WeightedAverage,"weights={'GB_Accuracy_Prob': 3, 'Logistic_Prob': 3, 'RandomForest_Prob': 0, 'ExtraTrees_Prob': 0, 'SVC_RBF_Prob': 1}, threshold=0.07"
0.5,0.44680851063829785,0.34210526315789475,0.9285714285714286,0.1987435534182576,0.7023809523809524,8,25,1,13,RandomForest_Prob,RandomForest_Prob>=0.16
0.5,0.44680851063829785,0.34210526315789475,0.9285714285714286,0.1987435534182576,0.7640692640692641,8,25,1,13,OR_Logistic_RandomForest_Prob,Logistic>=0.01 OR RandomForest_Prob>=0.20
0.5,0.44680851063829785,0.34210526315789475,0.9285714285714286,0.1987435534182576,0.7640692640692641,8,25,1,13,OR_Logistic_RandomForest_Prob,Logistic>=0.03 OR RandomForest_Prob>=0.19
0.5,0.44680851063829785,0.34210526315789475,0.9285714285714286,0.1987435534182576,0.7640692640692641,8,25,1,13,OR_Logistic_RandomForest_Prob,Logistic>=0.04 OR RandomForest_Prob>=0.18
0.5,0.44680851063829785,0.34210526315789475,0.9285714285714286,0.1987435534182576,0.7640692640692641,8,25,1,13,OR_Logistic_ExtraTrees_Prob,Logistic>=0.01 OR ExtraTrees_Prob>=0.22
0.5,0.44680851063829785,0.34210526315789475,0.9285714285714286,0.1987435534182576,0.7640692640692641,8,25,1,13,OR_Logistic_ExtraTrees_Prob,Logistic>=0.03 OR ExtraTrees_Prob>=0.20
0.5,0.44680851063829785,0.34210526315789475,0.9285714285714286,0.1987435534182576,0.7705627705627706,8,25,1,13,OR_Logistic_GB_Accuracy_Prob,Logistic>=0.06 OR GB_Accuracy_Prob>=0.03
0.5,0.44680851063829785,0.34210526315789475,0.9285714285714286,0.1987435534182576,0.722943722943723,8,25,1,13,WeightedAverage,"weights={'GB_Accuracy_Prob': 0, 'Logistic_Prob': 0, 'RandomForest_Prob': 1, 'ExtraTrees_Prob': 1, 'SVC_RBF_Prob': 2}, threshold=0.21"
0.5,0.44680851063829785,0.34210526315789475,0.9285714285714286,0.1987435534182576,0.7251082251082251,8,25,1,13,WeightedAverage,"weights={'GB_Accuracy_Prob': 0, 'Logistic_Prob': 0, 'RandomForest_Prob': 1, 'ExtraTrees_Prob': 1, 'SVC_RBF_Prob': 3}, threshold=0.22"
0.5,0.44680851063829785,0.34210526315789475,0.9285714285714286,0.1987435534182576,0.7640692640692641,8,25,1,13,WeightedAverage,"weights={'GB_Accuracy_Prob': 0, 'Logistic_Prob': 1, 'RandomForest_Prob': 0, 'ExtraTrees_Prob': 1, 'SVC_RBF_Prob': 0}, threshold=0.09"
0.5,0.44680851063829785,0.34210526315789475,0.9285714285714286,0.1987435534182576,0.7705627705627706,8,25,1,13,WeightedAverage,"weights={'GB_Accuracy_Prob': 0, 'Logistic_Prob': 2, 'RandomForest_Prob': 0, 'ExtraTrees_Prob': 1, 'SVC_RBF_Prob': 0}, threshold=0.07"
0.5,0.44680851063829785,0.34210526315789475,0.9285714285714286,0.1987435534182576,0.7727272727272727,8,25,1,13,WeightedAverage,"weights={'GB_Accuracy_Prob': 0, 'Logistic_Prob': 2, 'RandomForest_Prob': 0, 'ExtraTrees_Prob': 1, 'SVC_RBF_Prob': 1}, threshold=0.11"
0.5,0.44680851063829785,0.34210526315789475,0.9285714285714286,0.1987435534182576,0.7943722943722944,8,25,1,13,WeightedAverage,"weights={'GB_Accuracy_Prob': 1, 'Logistic_Prob': 0, 'RandomForest_Prob': 0, 'ExtraTrees_Prob': 0, 'SVC_RBF_Prob': 1}, threshold=0.14"
0.5,0.44680851063829785,0.34210526315789475,0.9285714285714286,0.1987435534182576,0.777056277056277,8,25,1,13,WeightedAverage,"weights={'GB_Accuracy_Prob': 1, 'Logistic_Prob': 2, 'RandomForest_Prob': 0, 'ExtraTrees_Prob': 0, 'SVC_RBF_Prob': 2}, threshold=0.11"
0.5,0.44680851063829785,0.34210526315789475,0.9285714285714286,0.1987435534182576,0.8051948051948051,8,25,1,13,WeightedAverage,"weights={'GB_Accuracy_Prob': 2, 'Logistic_Prob': 0, 'RandomForest_Prob': 0, 'ExtraTrees_Prob': 1, 'SVC_RBF_Prob': 0}, threshold=0.08"
0.5,0.44680851063829785,0.34210526315789475,0.9285714285714286,0.1987435534182576,0.8095238095238095,8,25,1,13,WeightedAverage,"weights={'GB_Accuracy_Prob': 2, 'Logistic_Prob': 0, 'RandomForest_Prob': 1, 'ExtraTrees_Prob': 0, 'SVC_RBF_Prob': 1}, threshold=0.13"
0.5,0.44680851063829785,0.34210526315789475,0.9285714285714286,0.1987435534182576,0.7987012987012988,8,25,1,13,WeightedAverage,"weights={'GB_Accuracy_Prob': 3, 'Logistic_Prob': 0, 'RandomForest_Prob': 1, 'ExtraTrees_Prob': 0, 'SVC_RBF_Prob': 2}, threshold=0.14"
0.5,0.40425531914893614,0.3333333333333333,1.0,0.22473328748774735,0.7023809523809524,5,28,0,14,RandomForest_Prob,RandomForest_Prob>=0.13
0.5,0.40425531914893614,0.3333333333333333,1.0,0.22473328748774735,0.6753246753246753,5,28,0,14,ExtraTrees_Prob,ExtraTrees_Prob>=0.08
0.5,0.40425531914893614,0.3333333333333333,1.0,0.22473328748774735,0.7294372294372294,5,28,0,14,SVC_RBF_Prob,SVC_RBF_Prob>=0.22
0.5,0.40425531914893614,0.3333333333333333,1.0,0.22473328748774735,0.7640692640692641,5,28,0,14,OR_Logistic_RandomForest_Prob,Logistic>=0.01 OR RandomForest_Prob>=0.14
0.5,0.40425531914893614,0.3333333333333333,1.0,0.22473328748774735,0.7640692640692641,5,28,0,14,OR_Logistic_ExtraTrees_Prob,Logistic>=0.04 OR ExtraTrees_Prob>=0.11
0.5,0.40425531914893614,0.3333333333333333,1.0,0.22473328748774735,0.7965367965367965,5,28,0,14,WeightedAverage,"weights={'GB_Accuracy_Prob': 1, 'Logistic_Prob': 0, 'RandomForest_Prob': 0, 'ExtraTrees_Prob': 1, 'SVC_RBF_Prob': 2}, threshold=0.16"
0.5,0.40425531914893614,0.3333333333333333,1.0,0.22473328748774735,0.8008658008658008,5,28,0,14,WeightedAverage,"weights={'GB_Accuracy_Prob': 1, 'Logistic_Prob': 0, 'RandomForest_Prob': 1, 'ExtraTrees_Prob': 0, 'SVC_RBF_Prob': 2}, threshold=0.17"
0.5,0.40425531914893614,0.3333333333333333,1.0,0.22473328748774735,0.7705627705627706,5,28,0,14,WeightedAverage,"weights={'GB_Accuracy_Prob': 1, 'Logistic_Prob': 1, 'RandomForest_Prob': 0, 'ExtraTrees_Prob': 0, 'SVC_RBF_Prob': 0}, threshold=0.01"
0.5,0.40425531914893614,0.3333333333333333,1.0,0.22473328748774735,0.7878787878787878,5,28,0,14,WeightedAverage,"weights={'GB_Accuracy_Prob': 1, 'Logistic_Prob': 1, 'RandomForest_Prob': 0, 'ExtraTrees_Prob': 1, 'SVC_RBF_Prob': 0}, threshold=0.05"
0.5,0.40425531914893614,0.3333333333333333,1.0,0.22473328748774735,0.8138528138528138,5,28,0,14,WeightedAverage,"weights={'GB_Accuracy_Prob': 2, 'Logistic_Prob': 0, 'RandomForest_Prob': 1, 'ExtraTrees_Prob': 0, 'SVC_RBF_Prob': 0}, threshold=0.07"
0.5,0.40425531914893614,0.3333333333333333,1.0,0.22473328748774735,0.777056277056277,5,28,0,14,WeightedAverage,"weights={'GB_Accuracy_Prob': 2, 'Logistic_Prob': 3, 'RandomForest_Prob': 0, 'ExtraTrees_Prob': 1, 'SVC_RBF_Prob': 0}, threshold=0.03"
0.49122807017543857,0.3829787234042553,0.32558139534883723,1.0,0.19865651652396107,0.6753246753246753,4,29,0,14,ExtraTrees_Prob,ExtraTrees_Prob>=0.07
0.49122807017543857,0.3829787234042553,0.32558139534883723,1.0,0.19865651652396107,0.7640692640692641,4,29,0,14,OR_Logistic_RandomForest_Prob,Logistic>=0.01 OR RandomForest_Prob>=0.13
0.49122807017543857,0.3829787234042553,0.32558139534883723,1.0,0.19865651652396107,0.7640692640692641,4,29,0,14,OR_Logistic_ExtraTrees_Prob,Logistic>=0.01 OR ExtraTrees_Prob>=0.11
0.49122807017543857,0.3829787234042553,0.32558139534883723,1.0,0.19865651652396107,0.7640692640692641,4,29,0,14,OR_Logistic_ExtraTrees_Prob,Logistic>=0.04 OR ExtraTrees_Prob>=0.08
0.49122807017543857,0.3829787234042553,0.32558139534883723,1.0,0.19865651652396107,0.7943722943722944,4,29,0,14,WeightedAverage,"weights={'GB_Accuracy_Prob': 1, 'Logistic_Prob': 0, 'RandomForest_Prob': 0, 'ExtraTrees_Prob': 0, 'SVC_RBF_Prob': 1}, threshold=0.13"
0.49122807017543857,0.3829787234042553,0.32558139534883723,1.0,0.19865651652396107,0.7965367965367965,4,29,0,14,WeightedAverage,"weights={'GB_Accuracy_Prob': 1, 'Logistic_Prob': 0, 'RandomForest_Prob': 0, 'ExtraTrees_Prob': 1, 'SVC_RBF_Prob': 0}, threshold=0.05"
0.49122807017543857,0.3829787234042553,0.32558139534883723,1.0,0.19865651652396107,0.8138528138528138,4,29,0,14,WeightedAverage,"weights={'GB_Accuracy_Prob': 2, 'Logistic_Prob': 0, 'RandomForest_Prob': 1, 'ExtraTrees_Prob': 0, 'SVC_RBF_Prob': 0}, threshold=0.06"
0.49122807017543857,0.3829787234042553,0.32558139534883723,1.0,0.19865651652396107,0.7878787878787878,4,29,0,14,WeightedAverage,"weights={'GB_Accuracy_Prob': 3, 'Logistic_Prob': 2, 'RandomForest_Prob': 1, 'ExtraTrees_Prob': 0, 'SVC_RBF_Prob': 0}, threshold=0.04"
0.4905660377358491,0.425531914893617,0.3333333333333333,0.9285714285714286,0.17120445908610796,0.7640692640692641,7,26,1,13,OR_Logistic_RandomForest_Prob,Logistic>=0.01 OR RandomForest_Prob>=0.19
0.4905660377358491,0.425531914893617,0.3333333333333333,0.9285714285714286,0.17120445908610796,0.7640692640692641,7,26,1,13,OR_Logistic_RandomForest_Prob,Logistic>=0.04 OR RandomForest_Prob>=0.16
0.4905660377358491,0.425531914893617,0.3333333333333333,0.9285714285714286,0.17120445908610796,0.7640692640692641,7,26,1,13,OR_Logistic_ExtraTrees_Prob,Logistic>=0.03 OR ExtraTrees_Prob>=0.17
0.4905660377358491,0.425531914893617,0.3333333333333333,0.9285714285714286,0.17120445908610796,0.7705627705627706,7,26,1,13,OR_Logistic_GB_Accuracy_Prob,Logistic>=0.04 OR GB_Accuracy_Prob>=0.03
0.4905660377358491,0.425531914893617,0.3333333333333333,0.9285714285714286,0.17120445908610796,0.7272727272727272,7,26,1,13,WeightedAverage,"weights={'GB_Accuracy_Prob': 0, 'Logistic_Prob': 0, 'RandomForest_Prob': 1, 'ExtraTrees_Prob': 0, 'SVC_RBF_Prob': 1}, threshold=0.21"
0.4905660377358491,0.425531914893617,0.3333333333333333,0.9285714285714286,0.17120445908610796,0.722943722943723,7,26,1,13,WeightedAverage,"weights={'GB_Accuracy_Prob': 0, 'Logistic_Prob': 0, 'RandomForest_Prob': 2, 'ExtraTrees_Prob': 1, 'SVC_RBF_Prob': 3}, threshold=0.21"
0.4905660377358491,0.425531914893617,0.3333333333333333,0.9285714285714286,0.17120445908610796,0.761904761904762,7,26,1,13,WeightedAverage,"weights={'GB_Accuracy_Prob': 0, 'Logistic_Prob': 1, 'RandomForest_Prob': 0, 'ExtraTrees_Prob': 1, 'SVC_RBF_Prob': 1}, threshold=0.14"
0.4905660377358491,0.425531914893617,0.3333333333333333,0.9285714285714286,0.17120445908610796,0.8051948051948051,7,26,1,13,WeightedAverage,"weights={'GB_Accuracy_Prob': 1, 'Logistic_Prob': 0, 'RandomForest_Prob': 1, 'ExtraTrees_Prob': 0, 'SVC_RBF_Prob': 0}, threshold=0.10"
0.4905660377358491,0.425531914893617,0.3333333333333333,0.9285714285714286,0.17120445908610796,0.7922077922077922,7,26,1,13,WeightedAverage,"weights={'GB_Accuracy_Prob': 1, 'Logistic_Prob': 0, 'RandomForest_Prob': 2, 'ExtraTrees_Prob': 0, 'SVC_RBF_Prob': 0}, threshold=0.12"
0.4905660377358491,0.425531914893617,0.3333333333333333,0.9285714285714286,0.17120445908610796,0.79004329004329,7,26,1,13,WeightedAverage,"weights={'GB_Accuracy_Prob': 1, 'Logistic_Prob': 1, 'RandomForest_Prob': 1, 'ExtraTrees_Prob': 0, 'SVC_RBF_Prob': 0}, threshold=0.07"
0.4905660377358491,0.425531914893617,0.3333333333333333,0.9285714285714286,0.17120445908610796,0.8095238095238095,7,26,1,13,WeightedAverage,"weights={'GB_Accuracy_Prob': 2, 'Logistic_Prob': 0, 'RandomForest_Prob': 1, 'ExtraTrees_Prob': 0, 'SVC_RBF_Prob': 1}, threshold=0.12"
0.4905660377358491,0.425531914893617,0.3333333333333333,0.9285714285714286,0.17120445908610796,0.7987012987012986,7,26,1,13,WeightedAverage,"weights={'GB_Accuracy_Prob': 3, 'Logistic_Prob': 0, 'RandomForest_Prob': 0, 'ExtraTrees_Prob': 1, 'SVC_RBF_Prob': 3}, threshold=0.15"
0.4897959183673469,0.46808510638297873,0.34285714285714286,0.8571428571428571,0.16799102762898532,0.6753246753246753,10,23,2,12,ExtraTrees_Prob,ExtraTrees_Prob>=0.18
0.4897959183673469,0.46808510638297873,0.34285714285714286,0.8571428571428571,0.16799102762898532,0.7640692640692641,10,23,2,12,OR_Logistic_ExtraTrees_Prob,Logistic>=0.01 OR ExtraTrees_Prob>=0.29
0.4897959183673469,0.46808510638297873,0.34285714285714286,0.8571428571428571,0.16799102762898532,0.7640692640692641,10,23,2,12,OR_Logistic_ExtraTrees_Prob,Logistic>=0.02 OR ExtraTrees_Prob>=0.25
0.4897959183673469,0.46808510638297873,0.34285714285714286,0.8571428571428571,0.16799102762898532,0.7705627705627706,10,23,2,12,OR_Logistic_GB_Accuracy_Prob,Logistic>=0.06 OR GB_Accuracy_Prob>=0.06
0.4897959183673469,0.46808510638297873,0.34285714285714286,0.8571428571428571,0.16799102762898532,0.7705627705627706,10,23,2,12,OR_Logistic_GB_Accuracy_Prob,Logistic>=0.09 OR GB_Accuracy_Prob>=0.04
0.4897959183673469,0.46808510638297873,0.34285714285714286,0.8571428571428571,0.16799102762898532,0.7272727272727272,10,23,2,12,WeightedAverage,"weights={'GB_Accuracy_Prob': 0, 'Logistic_Prob': 0, 'RandomForest_Prob': 1, 'ExtraTrees_Prob': 0, 'SVC_RBF_Prob': 1}, threshold=0.23"
0.4897959183673469,0.46808510638297873,0.34285714285714286,0.8571428571428571,0.16799102762898532,0.7770562770562771,10,23,2,12,WeightedAverage,"weights={'GB_Accuracy_Prob': 1, 'Logistic_Prob': 2, 'RandomForest_Prob': 1, 'ExtraTrees_Prob': 0, 'SVC_RBF_Prob': 0}, threshold=0.08"
0.4897959183673469,0.46808510638297873,0.34285714285714286,0.8571428571428571,0.16799102762898532,0.7770562770562771,10,23,2,12,WeightedAverage,"weights={'GB_Accuracy_Prob': 1, 'Logistic_Prob': 2, 'RandomForest_Prob': 1, 'ExtraTrees_Prob': 0, 'SVC_RBF_Prob': 2}, threshold=0.14"
0.4897959183673469,0.46808510638297873,0.34285714285714286,0.8571428571428571,0.16799102762898532,0.7640692640692641,10,23,2,12,WeightedAverage,"weights={'GB_Accuracy_Prob': 1, 'Logistic_Prob': 3, 'RandomForest_Prob': 0, 'ExtraTrees_Prob': 0, 'SVC_RBF_Prob': 0}, threshold=0.02"
0.4897959183673469,0.46808510638297873,0.34285714285714286,0.8571428571428571,0.16799102762898532,0.8051948051948051,10,23,2,12,WeightedAverage,"weights={'GB_Accuracy_Prob': 2, 'Logistic_Prob': 0, 'RandomForest_Prob': 0, 'ExtraTrees_Prob': 1, 'SVC_RBF_Prob': 0}, threshold=0.10"
0.4897959183673469,0.46808510638297873,0.34285714285714286,0.8571428571428571,0.16799102762898532,0.8008658008658007,10,23,2,12,WeightedAverage,"weights={'GB_Accuracy_Prob': 2, 'Logistic_Prob': 0, 'RandomForest_Prob': 0, 'ExtraTrees_Prob': 1, 'SVC_RBF_Prob': 1}, threshold=0.14"
0.4897959183673469,0.46808510638297873,0.34285714285714286,0.8571428571428571,0.16799102762898532,0.7878787878787878,10,23,2,12,WeightedAverage,"weights={'GB_Accuracy_Prob': 2, 'Logistic_Prob': 1, 'RandomForest_Prob': 0, 'ExtraTrees_Prob': 1, 'SVC_RBF_Prob': 2}, threshold=0.14"
0.4897959183673469,0.46808510638297873,0.34285714285714286,0.8571428571428571,0.16799102762898532,0.7835497835497836,10,23,2,12,WeightedAverage,"weights={'GB_Accuracy_Prob': 2, 'Logistic_Prob': 1, 'RandomForest_Prob': 0, 'ExtraTrees_Prob': 1, 'SVC_RBF_Prob': 3}, threshold=0.16"
0.4897959183673469,0.46808510638297873,0.34285714285714286,0.8571428571428571,0.16799102762898532,0.79004329004329,10,23,2,12,WeightedAverage,"weights={'GB_Accuracy_Prob': 2, 'Logistic_Prob': 1, 'RandomForest_Prob': 0, 'ExtraTrees_Prob': 2, 'SVC_RBF_Prob': 0}, threshold=0.11"
0.4897959183673469,0.46808510638297873,0.34285714285714286,0.8571428571428571,0.16799102762898532,0.7900432900432901,10,23,2,12,WeightedAverage,"weights={'GB_Accuracy_Prob': 2, 'Logistic_Prob': 1, 'RandomForest_Prob': 1, 'ExtraTrees_Prob': 0, 'SVC_RBF_Prob': 0}, threshold=0.08"
0.4897959183673469,0.46808510638297873,0.34285714285714286,0.8571428571428571,0.16799102762898532,0.79004329004329,10,23,2,12,WeightedAverage,"weights={'GB_Accuracy_Prob': 2, 'Logistic_Prob': 1, 'RandomForest_Prob': 1, 'ExtraTrees_Prob': 0, 'SVC_RBF_Prob': 1}, threshold=0.12"
0.4897959183673469,0.46808510638297873,0.34285714285714286,0.8571428571428571,0.16799102762898532,0.7900432900432901,10,23,2,12,WeightedAverage,"weights={'GB_Accuracy_Prob': 2, 'Logistic_Prob': 1, 'RandomForest_Prob': 1, 'ExtraTrees_Prob': 0, 'SVC_RBF_Prob': 3}, threshold=0.16"
0.4897959183673469,0.46808510638297873,0.34285714285714286,0.8571428571428571,0.16799102762898532,0.7727272727272727,10,23,2,12,WeightedAverage,"weights={'GB_Accuracy_Prob': 2, 'Logistic_Prob': 2, 'RandomForest_Prob': 0, 'ExtraTrees_Prob': 0, 'SVC_RBF_Prob': 1}, threshold=0.08"
0.4897959183673469,0.46808510638297873,0.34285714285714286,0.8571428571428571,0.16799102762898532,0.7835497835497836,10,23,2,12,WeightedAverage,"weights={'GB_Accuracy_Prob': 2, 'Logistic_Prob': 2, 'RandomForest_Prob': 0, 'ExtraTrees_Prob': 2, 'SVC_RBF_Prob': 3}, threshold=0.15"
0.4897959183673469,0.46808510638297873,0.34285714285714286,0.8571428571428571,0.16799102762898532,0.7705627705627706,10,23,2,12,WeightedAverage,"weights={'GB_Accuracy_Prob': 2, 'Logistic_Prob': 3, 'RandomForest_Prob': 0, 'ExtraTrees_Prob': 0, 'SVC_RBF_Prob': 0}, threshold=0.03"
0.48888888888888893,0.5106382978723404,0.3548387096774194,0.7857142857142857,0.17338689380125363,0.7294372294372294,13,20,3,11,SVC_RBF_Prob,SVC_RBF_Prob>=0.26
0.48888888888888893,0.5106382978723404,0.3548387096774194,0.7857142857142857,0.17338689380125363,0.7640692640692641,13,20,3,11,OR_Logistic_ExtraTrees_Prob,Logistic>=0.22 OR ExtraTrees_Prob>=0.22
0.48888888888888893,0.5106382978723404,0.3548387096774194,0.7857142857142857,0.17338689380125363,0.7705627705627706,13,20,3,11,OR_Logistic_GB_Accuracy_Prob,Logistic>=0.09 OR GB_Accuracy_Prob>=0.07
0.48888888888888893,0.5106382978723404,0.3548387096774194,0.7857142857142857,0.17338689380125363,0.7705627705627706,13,20,3,11,OR_Logistic_GB_Accuracy_Prob,Logistic>=0.16 OR GB_Accuracy_Prob>=0.06
0.48888888888888893,0.5106382978723404,0.3548387096774194,0.7857142857142857,0.17338689380125363,0.7077922077922078,13,20,3,11,WeightedAverage,"weights={'GB_Accuracy_Prob': 0, 'Logistic_Prob': 0, 'RandomForest_Prob': 0, 'ExtraTrees_Prob': 1, 'SVC_RBF_Prob': 1}, threshold=0.24"
0.48888888888888893,0.5106382978723404,0.3548387096774194,0.7857142857142857,0.17338689380125363,0.7424242424242424,13,20,3,11,WeightedAverage,"weights={'GB_Accuracy_Prob': 0, 'Logistic_Prob': 0, 'RandomForest_Prob': 1, 'ExtraTrees_Prob': 0, 'SVC_RBF_Prob': 2}, threshold=0.25"
0.48888888888888893,0.5106382978723404,0.3548387096774194,0.7857142857142857,0.17338689380125363,0.7164502164502164,13,20,3,11,WeightedAverage,"weights={'GB_Accuracy_Prob': 0, 'Logistic_Prob': 0, 'RandomForest_Prob': 2, 'ExtraTrees_Prob': 1, 'SVC_RBF_Prob': 2}, threshold=0.24"
0.48888888888888893,0.5106382978723404,0.3548387096774194,0.7857142857142857,0.17338689380125363,0.6926406926406926,13,20,3,11,WeightedAverage,"weights={'GB_Accuracy_Prob': 0, 'Logistic_Prob': 0, 'RandomForest_Prob': 3, 'ExtraTrees_Prob': 1, 'SVC_RBF_Prob': 0}, threshold=0.22"
0.48888888888888893,0.5106382978723404,0.3548387096774194,0.7857142857142857,0.17338689380125363,0.7857142857142857,13,20,3,11,WeightedAverage,"weights={'GB_Accuracy_Prob': 1, 'Logistic_Prob': 0, 'RandomForest_Prob': 0, 'ExtraTrees_Prob': 1, 'SVC_RBF_Prob': 3}, threshold=0.22"
0.48888888888888893,0.5106382978723404,0.3548387096774194,0.7857142857142857,0.17338689380125363,0.7813852813852814,13,20,3,11,WeightedAverage,"weights={'GB_Accuracy_Prob': 1, 'Logistic_Prob': 0, 'RandomForest_Prob': 0, 'ExtraTrees_Prob': 2, 'SVC_RBF_Prob': 2}, threshold=0.21"
0.48888888888888893,0.5106382978723404,0.3548387096774194,0.7857142857142857,0.17338689380125363,0.7943722943722944,13,20,3,11,WeightedAverage,"weights={'GB_Accuracy_Prob': 2, 'Logistic_Prob': 0, 'RandomForest_Prob': 0, 'ExtraTrees_Prob': 2, 'SVC_RBF_Prob': 1}, threshold=0.17"
0.48888888888888893,0.5106382978723404,0.3548387096774194,0.7857142857142857,0.17338689380125363,0.803030303030303,13,20,3,11,WeightedAverage,"weights={'GB_Accuracy_Prob': 2, 'Logistic_Prob': 0, 'RandomForest_Prob': 1, 'ExtraTrees_Prob': 1, 'SVC_RBF_Prob': 1}, threshold=0.17"
0.48888888888888893,0.5106382978723404,0.3548387096774194,0.7857142857142857,0.17338689380125363,0.7878787878787878,13,20,3,11,WeightedAverage,"weights={'GB_Accuracy_Prob': 2, 'Logistic_Prob': 0, 'RandomForest_Prob': 1, 'ExtraTrees_Prob': 2, 'SVC_RBF_Prob': 3}, threshold=0.20"
0.48888888888888893,0.5106382978723404,0.3548387096774194,0.7857142857142857,0.17338689380125363,0.7748917748917749,13,20,3,11,WeightedAverage,"weights={'GB_Accuracy_Prob': 2, 'Logistic_Prob': 1, 'RandomForest_Prob': 2, 'ExtraTrees_Prob': 2, 'SVC_RBF_Prob': 2}, threshold=0.18"
0.4878048780487805,0.5531914893617021,0.37037037037037035,0.7142857142857143,0.18419165903998094,0.7640692640692641,16,17,4,10,OR_Logistic_ExtraTrees_Prob,Logistic>=0.22 OR ExtraTrees_Prob>=0.25
0.4878048780487805,0.5531914893617021,0.37037037037037035,0.7142857142857143,0.18419165903998094,0.725108225108225,16,17,4,10,WeightedAverage,"weights={'GB_Accuracy_Prob': 0, 'Logistic_Prob': 0, 'RandomForest_Prob': 0, 'ExtraTrees_Prob': 1, 'SVC_RBF_Prob': 2}, threshold=0.26"
0.4878048780487805,0.5531914893617021,0.37037037037037035,0.7142857142857143,0.18419165903998094,0.6753246753246753,16,17,4,10,WeightedAverage,"weights={'GB_Accuracy_Prob': 0, 'Logistic_Prob': 0, 'RandomForest_Prob': 1, 'ExtraTrees_Prob': 2, 'SVC_RBF_Prob': 0}, threshold=0.25"
0.4878048780487805,0.5531914893617021,0.37037037037037035,0.7142857142857143,0.18419165903998094,0.6926406926406927,16,17,4,10,WeightedAverage,"weights={'GB_Accuracy_Prob': 0, 'Logistic_Prob': 0, 'RandomForest_Prob': 2, 'ExtraTrees_Prob': 1, 'SVC_RBF_Prob': 0}, threshold=0.24"
0.4878048780487805,0.5531914893617021,0.37037037037037035,0.7142857142857143,0.18419165903998094,0.7424242424242424,16,17,4,10,WeightedAverage,"weights={'GB_Accuracy_Prob': 0, 'Logistic_Prob': 1, 'RandomForest_Prob': 0, 'ExtraTrees_Prob': 2, 'SVC_RBF_Prob': 0}, threshold=0.19"
0.4878048780487805,0.5531914893617021,0.37037037037037035,0.7142857142857143,0.18419165903998094,0.7380952380952381,16,17,4,10,WeightedAverage,"weights={'GB_Accuracy_Prob': 0, 'Logistic_Prob': 1, 'RandomForest_Prob': 0, 'ExtraTrees_Prob': 3, 'SVC_RBF_Prob': 0}, threshold=0.21"
0.4864864864864865,0.5957446808510638,0.391304347826087,0.6428571428571429,0.20000039211957293,0.7640692640692641,19,14,5,9,AND_Logistic_ExtraTrees_Prob,Logistic>=0.01 AND ExtraTrees_Prob>=0.22
0.4864864864864865,0.5957446808510638,0.391304347826087,0.6428571428571429,0.20000039211957293,0.7640692640692641,19,14,5,9,OR_Logistic_ExtraTrees_Prob,Logistic>=0.95 OR ExtraTrees_Prob>=0.29
0.4864864864864865,0.5957446808510638,0.391304347826087,0.6428571428571429,0.20000039211957293,0.6753246753246753,19,14,5,9,WeightedAverage,"weights={'GB_Accuracy_Prob': 0, 'Logistic_Prob': 0, 'RandomForest_Prob': 1, 'ExtraTrees_Prob': 2, 'SVC_RBF_Prob': 0}, threshold=0.27"
0.4864864864864865,0.5957446808510638,0.391304347826087,0.6428571428571429,0.20000039211957293,0.722943722943723,19,14,5,9,WeightedAverage,"weights={'GB_Accuracy_Prob': 0, 'Logistic_Prob': 0, 'RandomForest_Prob': 1, 'ExtraTrees_Prob': 2, 'SVC_RBF_Prob': 3}, threshold=0.27"
0.48484848484848486,0.6382978723404256,0.42105263157894735,0.5714285714285714,0.22187883721335555,0.7023809523809524,22,11,6,8,RandomForest_Prob,RandomForest_Prob>=0.28
0.48484848484848486,0.6382978723404256,0.42105263157894735,0.5714285714285714,0.22187883721335555,0.6753246753246753,22,11,6,8,ExtraTrees_Prob,ExtraTrees_Prob>=0.31
0.48484848484848486,0.6382978723404256,0.42105263157894735,0.5714285714285714,0.22187883721335555,0.7640692640692641,22,11,6,8,OR_Logistic_RandomForest_Prob,Logistic>=0.85 OR RandomForest_Prob>=0.29
0.48484848484848486,0.6382978723404256,0.42105263157894735,0.5714285714285714,0.22187883721335555,0.7640692640692641,22,11,6,8,AND_Logistic_ExtraTrees_Prob,Logistic>=0.01 AND ExtraTrees_Prob>=0.27
0.48484848484848486,0.6382978723404256,0.42105263157894735,0.5714285714285714,0.22187883721335555,0.7640692640692641,22,11,6,8,AND_Logistic_ExtraTrees_Prob,Logistic>=0.03 AND ExtraTrees_Prob>=0.26
0.48484848484848486,0.6382978723404256,0.42105263157894735,0.5714285714285714,0.22187883721335555,0.6796536796536796,22,11,6,8,WeightedAverage,"weights={'GB_Accuracy_Prob': 0, 'Logistic_Prob': 0, 'RandomForest_Prob': 1, 'ExtraTrees_Prob': 1, 'SVC_RBF_Prob': 0}, threshold=0.30"
0.48484848484848486,0.6382978723404256,0.42105263157894735,0.5714285714285714,0.22187883721335555,0.6926406926406927,22,11,6,8,WeightedAverage,"weights={'GB_Accuracy_Prob': 0, 'Logistic_Prob': 0, 'RandomForest_Prob': 2, 'ExtraTrees_Prob': 1, 'SVC_RBF_Prob': 0}, threshold=0.30"
0.4827586206896552,0.6808510638297872,0.4666666666666667,0.5,0.25270006575448933,0.6753246753246753,25,8,7,7,ExtraTrees_Prob,ExtraTrees_Prob>=0.32
0.4827586206896552,0.6808510638297872,0.4666666666666667,0.5,0.25270006575448933,0.7640692640692641,25,8,7,7,AND_Logistic_RandomForest_Prob,Logistic>=0.01 AND RandomForest_Prob>=0.29
0.4827586206896552,0.6808510638297872,0.4666666666666667,0.5,0.25270006575448933,0.7640692640692641,25,8,7,7,OR_Logistic_RandomForest_Prob,Logistic>=0.95 OR RandomForest_Prob>=0.33
0.4827586206896552,0.6808510638297872,0.4666666666666667,0.5,0.25270006575448933,0.7640692640692641,25,8,7,7,AND_Logistic_ExtraTrees_Prob,Logistic>=0.07 AND ExtraTrees_Prob>=0.29
0.4827586206896552,0.6808510638297872,0.4666666666666667,0.5,0.25270006575448933,0.7640692640692641,25,8,7,7,AND_Logistic_ExtraTrees_Prob,Logistic>=0.09 AND ExtraTrees_Prob>=0.26
0.4827586206896552,0.6808510638297872,0.4666666666666667,0.5,0.25270006575448933,0.7662337662337662,25,8,7,7,OR_Logistic_SVC_RBF_Prob,Logistic>=0.60 OR SVC_RBF_Prob>=0.34
0.4827586206896552,0.6808510638297872,0.4666666666666667,0.5,0.25270006575448933,0.7164502164502164,25,8,7,7,WeightedAverage,"weights={'GB_Accuracy_Prob': 0, 'Logistic_Prob': 0, 'RandomForest_Prob': 2, 'ExtraTrees_Prob': 1, 'SVC_RBF_Prob': 2}, threshold=0.31"
0.4827586206896552,0.6808510638297872,0.4666666666666667,0.5,0.25270006575448933,0.6904761904761905,25,8,7,7,WeightedAverage,"weights={'GB_Accuracy_Prob': 0, 'Logistic_Prob': 0, 'RandomForest_Prob': 2, 'ExtraTrees_Prob': 3, 'SVC_RBF_Prob': 1}, threshold=0.32"
0.4827586206896552,0.3617021276595745,0.3181818181818182,1.0,0.1700753357624519,0.7023809523809524,3,30,0,14,RandomForest_Prob,RandomForest_Prob>=0.09
0.4827586206896552,0.3617021276595745,0.3181818181818182,1.0,0.1700753357624519,0.7294372294372294,3,30,0,14,SVC_RBF_Prob,SVC_RBF_Prob>=0.21
0.4827586206896552,0.3617021276595745,0.3181818181818182,1.0,0.1700753357624519,0.7640692640692641,3,30,0,14,OR_Logistic_ExtraTrees_Prob,Logistic>=0.04 OR ExtraTrees_Prob>=0.07
0.4827586206896552,0.3617021276595745,0.3181818181818182,1.0,0.1700753357624519,0.7943722943722944,3,30,0,14,WeightedAverage,"weights={'GB_Accuracy_Prob': 1, 'Logistic_Prob': 0, 'RandomForest_Prob': 0, 'ExtraTrees_Prob': 0, 'SVC_RBF_Prob': 1}, threshold=0.12"
0.4827586206896552,0.3617021276595745,0.3181818181818182,1.0,0.1700753357624519,0.777056277056277,3,30,0,14,WeightedAverage,"weights={'GB_Accuracy_Prob': 1, 'Logistic_Prob': 0, 'RandomForest_Prob': 0, 'ExtraTrees_Prob': 2, 'SVC_RBF_Prob': 0}, threshold=0.05"
0.4827586206896552,0.3617021276595745,0.3181818181818182,1.0,0.1700753357624519,0.7813852813852814,3,30,0,14,WeightedAverage,"weights={'GB_Accuracy_Prob': 1, 'Logistic_Prob': 0, 'RandomForest_Prob': 0, 'ExtraTrees_Prob': 3, 'SVC_RBF_Prob': 1}, threshold=0.09"
0.48148148148148157,0.40425531914893614,0.325,0.9285714285714286,0.1417980219722774,0.79004329004329,6,27,1,13,GB_Accuracy_Prob,GB_Accuracy_Prob>=0.02
0.48148148148148157,0.40425531914893614,0.325,0.9285714285714286,0.1417980219722774,0.7640692640692641,6,27,1,13,OR_Logistic_RandomForest_Prob,Logistic>=0.03 OR RandomForest_Prob>=0.18
0.48148148148148157,0.40425531914893614,0.325,0.9285714285714286,0.1417980219722774,0.7640692640692641,6,27,1,13,OR_Logistic_ExtraTrees_Prob,Logistic>=0.01 OR ExtraTrees_Prob>=0.17
0.48148148148148157,0.40425531914893614,0.325,0.9285714285714286,0.1417980219722774,0.7705627705627706,6,27,1,13,OR_Logistic_GB_Accuracy_Prob,Logistic>=0.01 OR GB_Accuracy_Prob>=0.03
0.48148148148148157,0.40425531914893614,0.325,0.9285714285714286,0.1417980219722774,0.7186147186147186,6,27,1,13,WeightedAverage,"weights={'GB_Accuracy_Prob': 0, 'Logistic_Prob': 0, 'RandomForest_Prob': 2, 'ExtraTrees_Prob': 0, 'SVC_RBF_Prob': 1}, threshold=0.19"
0.48148148148148157,0.40425531914893614,0.325,0.9285714285714286,0.1417980219722774,0.7640692640692641,6,27,1,13,WeightedAverage,"weights={'GB_Accuracy_Prob': 0, 'Logistic_Prob': 1, 'RandomForest_Prob': 1, 'ExtraTrees_Prob': 0, 'SVC_RBF_Prob': 0}, threshold=0.09"
0.48148148148148157,0.40425531914893614,0.325,0.9285714285714286,0.1417980219722774,0.7532467532467533,6,27,1,13,WeightedAverage,"weights={'GB_Accuracy_Prob': 0, 'Logistic_Prob': 1, 'RandomForest_Prob': 2, 'ExtraTrees_Prob': 0, 'SVC_RBF_Prob': 3}, threshold=0.18"
0.48148148148148157,0.40425531914893614,0.325,0.9285714285714286,0.1417980219722774,0.8051948051948052,6,27,1,13,WeightedAverage,"weights={'GB_Accuracy_Prob': 1, 'Logistic_Prob': 0, 'RandomForest_Prob': 1, 'ExtraTrees_Prob': 0, 'SVC_RBF_Prob': 1}, threshold=0.15"
0.48148148148148157,0.40425531914893614,0.325,0.9285714285714286,0.1417980219722774,0.8030303030303031,6,27,1,13,WeightedAverage,"weights={'GB_Accuracy_Prob': 2, 'Logistic_Prob': 0, 'RandomForest_Prob': 3, 'ExtraTrees_Prob': 0, 'SVC_RBF_Prob': 0}, threshold=0.11"
0.48148148148148157,0.40425531914893614,0.325,0.9285714285714286,0.1417980219722774,0.7922077922077922,6,27,1,13,WeightedAverage,"weights={'GB_Accuracy_Prob': 2, 'Logistic_Prob': 1, 'RandomForest_Prob': 2, 'ExtraTrees_Prob': 0, 'SVC_RBF_Prob': 0}, threshold=0.08"
0.48,0.44680851063829785,0.3333333333333333,0.8571428571428571,0.14027577269281083,0.7640692640692641,9,24,2,12,OR_Logistic_ExtraTrees_Prob,Logistic>=0.01 OR ExtraTrees_Prob>=0.25
0.48,0.44680851063829785,0.3333333333333333,0.8571428571428571,0.14027577269281083,0.7705627705627706,9,24,2,12,OR_Logistic_GB_Accuracy_Prob,Logistic>=0.01 OR GB_Accuracy_Prob>=0.07
0.48,0.44680851063829785,0.3333333333333333,0.8571428571428571,0.14027577269281083,0.7705627705627706,9,24,2,12,OR_Logistic_GB_Accuracy_Prob,Logistic>=0.04 OR GB_Accuracy_Prob>=0.06
0.48,0.44680851063829785,0.3333333333333333,0.8571428571428571,0.14027577269281083,0.7705627705627706,9,24,2,12,OR_Logistic_GB_Accuracy_Prob,Logistic>=0.06 OR GB_Accuracy_Prob>=0.04
0.48,0.44680851063829785,0.3333333333333333,0.8571428571428571,0.14027577269281083,0.725108225108225,9,24,2,12,WeightedAverage,"weights={'GB_Accuracy_Prob': 0, 'Logistic_Prob': 0, 'RandomForest_Prob': 0, 'ExtraTrees_Prob': 1, 'SVC_RBF_Prob': 2}, threshold=0.23"
0.48,0.44680851063829785,0.3333333333333333,0.8571428571428571,0.14027577269281083,0.6861471861471862,9,24,2,12,WeightedAverage,"weights={'GB_Accuracy_Prob': 0, 'Logistic_Prob': 0, 'RandomForest_Prob': 0, 'ExtraTrees_Prob': 2, 'SVC_RBF_Prob': 1}, threshold=0.20"
0.48,0.44680851063829785,0.3333333333333333,0.8571428571428571,0.14027577269281083,0.7943722943722944,9,24,2,12,WeightedAverage,"weights={'GB_Accuracy_Prob': 1, 'Logistic_Prob': 0, 'RandomForest_Prob': 0, 'ExtraTrees_Prob': 0, 'SVC_RBF_Prob': 1}, threshold=0.15"
0.48,0.44680851063829785,0.3333333333333333,0.8571428571428571,0.14027577269281083,0.777056277056277,9,24,2,12,WeightedAverage,"weights={'GB_Accuracy_Prob': 1, 'Logistic_Prob': 1, 'RandomForest_Prob': 0, 'ExtraTrees_Prob': 0, 'SVC_RBF_Prob': 2}, threshold=0.14"
0.48,0.44680851063829785,0.3333333333333333,0.8571428571428571,0.14027577269281083,0.7792207792207793,9,24,2,12,WeightedAverage,"weights={'GB_Accuracy_Prob': 1, 'Logistic_Prob': 2, 'RandomForest_Prob': 0, 'ExtraTrees_Prob': 1, 'SVC_RBF_Prob': 1}, threshold=0.11"
0.48,0.44680851063829785,0.3333333333333333,0.8571428571428571,0.14027577269281083,0.7943722943722943,9,24,2,12,WeightedAverage,"weights={'GB_Accuracy_Prob': 2, 'Logistic_Prob': 1, 'RandomForest_Prob': 0, 'ExtraTrees_Prob': 1, 'SVC_RBF_Prob': 0}, threshold=0.08"
0.48,0.44680851063829785,0.3333333333333333,0.8571428571428571,0.14027577269281083,0.79004329004329,9,24,2,12,WeightedAverage,"weights={'GB_Accuracy_Prob': 2, 'Logistic_Prob': 2, 'RandomForest_Prob': 1, 'ExtraTrees_Prob': 0, 'SVC_RBF_Prob': 0}, threshold=0.07"
0.48,0.44680851063829785,0.3333333333333333,0.8571428571428571,0.14027577269281083,0.8051948051948051,9,24,2,12,WeightedAverage,"weights={'GB_Accuracy_Prob': 3, 'Logistic_Prob': 0, 'RandomForest_Prob': 0, 'ExtraTrees_Prob': 1, 'SVC_RBF_Prob': 0}, threshold=0.08"
0.48,0.44680851063829785,0.3333333333333333,0.8571428571428571,0.14027577269281083,0.7857142857142857,9,24,2,12,WeightedAverage,"weights={'GB_Accuracy_Prob': 3, 'Logistic_Prob': 1, 'RandomForest_Prob': 0, 'ExtraTrees_Prob': 0, 'SVC_RBF_Prob': 1}, threshold=0.08"
0.48,0.44680851063829785,0.3333333333333333,0.8571428571428571,0.14027577269281083,0.7943722943722943,9,24,2,12,WeightedAverage,"weights={'GB_Accuracy_Prob': 3, 'Logistic_Prob': 1, 'RandomForest_Prob': 1, 'ExtraTrees_Prob': 0, 'SVC_RBF_Prob': 0}, threshold=0.07"
0.4799999999999999,0.723404255319149,0.5454545454545454,0.42857142857142855,0.2992549817446631,0.777056277056277,28,5,8,6,Logistic_Prob,Logistic_Prob>=0.79
0.4799999999999999,0.723404255319149,0.5454545454545454,0.42857142857142855,0.2992549817446631,0.7640692640692641,28,5,8,6,AND_Logistic_RandomForest_Prob,Logistic>=0.03 AND RandomForest_Prob>=0.33
0.4799999999999999,0.723404255319149,0.5454545454545454,0.42857142857142855,0.2992549817446631,0.7640692640692641,28,5,8,6,AND_Logistic_RandomForest_Prob,Logistic>=0.09 AND RandomForest_Prob>=0.32
0.4799999999999999,0.723404255319149,0.5454545454545454,0.42857142857142855,0.2992549817446631,0.7640692640692641,28,5,8,6,AND_Logistic_RandomForest_Prob,Logistic>=0.60 AND RandomForest_Prob>=0.24
0.4799999999999999,0.723404255319149,0.5454545454545454,0.42857142857142855,0.2992549817446631,0.7640692640692641,28,5,8,6,OR_Logistic_RandomForest_Prob,Logistic>=0.95 OR RandomForest_Prob>=0.38
0.4799999999999999,0.723404255319149,0.5454545454545454,0.42857142857142855,0.2992549817446631,0.7640692640692641,28,5,8,6,AND_Logistic_ExtraTrees_Prob,Logistic>=0.01 AND ExtraTrees_Prob>=0.34
0.4799999999999999,0.723404255319149,0.5454545454545454,0.42857142857142855,0.2992549817446631,0.7640692640692641,28,5,8,6,AND_Logistic_ExtraTrees_Prob,Logistic>=0.09 AND ExtraTrees_Prob>=0.32
0.4799999999999999,0.723404255319149,0.5454545454545454,0.42857142857142855,0.2992549817446631,0.7640692640692641,28,5,8,6,AND_Logistic_ExtraTrees_Prob,Logistic>=0.63 AND ExtraTrees_Prob>=0.22
0.4799999999999999,0.723404255319149,0.5454545454545454,0.42857142857142855,0.2992549817446631,0.7640692640692641,28,5,8,6,OR_Logistic_ExtraTrees_Prob,Logistic>=0.85 OR ExtraTrees_Prob>=0.39
0.4799999999999999,0.723404255319149,0.5454545454545454,0.42857142857142855,0.2992549817446631,0.7640692640692641,28,5,8,6,OR_Logistic_ExtraTrees_Prob,Logistic>=0.95 OR ExtraTrees_Prob>=0.37
0.4799999999999999,0.723404255319149,0.5454545454545454,0.42857142857142855,0.2992549817446631,0.6818181818181819,28,5,8,6,WeightedAverage,"weights={'GB_Accuracy_Prob': 0, 'Logistic_Prob': 0, 'RandomForest_Prob': 0, 'ExtraTrees_Prob': 3, 'SVC_RBF_Prob': 1}, threshold=0.34"
0.4799999999999999,0.723404255319149,0.5454545454545454,0.42857142857142855,0.2992549817446631,0.722943722943723,28,5,8,6,WeightedAverage,"weights={'GB_Accuracy_Prob': 0, 'Logistic_Prob': 0, 'RandomForest_Prob': 1, 'ExtraTrees_Prob': 1, 'SVC_RBF_Prob': 2}, threshold=0.32"
0.4799999999999999,0.723404255319149,0.5454545454545454,0.42857142857142855,0.2992549817446631,0.7077922077922079,28,5,8,6,WeightedAverage,"weights={'GB_Accuracy_Prob': 0, 'Logistic_Prob': 0, 'RandomForest_Prob': 3, 'ExtraTrees_Prob': 1, 'SVC_RBF_Prob': 2}, threshold=0.33"
0.4799999999999999,0.723404255319149,0.5454545454545454,0.42857142857142855,0.2992549817446631,0.7813852813852814,28,5,8,6,WeightedAverage,"weights={'GB_Accuracy_Prob': 1, 'Logistic_Prob': 0, 'RandomForest_Prob': 3, 'ExtraTrees_Prob': 0, 'SVC_RBF_Prob': 0}, threshold=0.38"
0.4782608695652174,0.48936170212765956,0.34375,0.7857142857142857,0.14652356753831736,0.6753246753246753,12,21,3,11,ExtraTrees_Prob,ExtraTrees_Prob>=0.21
0.4782608695652174,0.48936170212765956,0.34375,0.7857142857142857,0.14652356753831736,0.7705627705627706,12,21,3,11,OR_Logistic_GB_Accuracy_Prob,Logistic>=0.07 OR GB_Accuracy_Prob>=0.07
0.4782608695652174,0.48936170212765956,0.34375,0.7857142857142857,0.14652356753831736,0.7705627705627706,12,21,3,11,OR_Logistic_GB_Accuracy_Prob,Logistic>=0.13 OR GB_Accuracy_Prob>=0.06
0.4782608695652174,0.48936170212765956,0.34375,0.7857142857142857,0.14652356753831736,0.7077922077922078,12,21,3,11,WeightedAverage,"weights={'GB_Accuracy_Prob': 0, 'Logistic_Prob': 0, 'RandomForest_Prob': 0, 'ExtraTrees_Prob': 1, 'SVC_RBF_Prob': 1}, threshold=0.23"
0.4782608695652174,0.48936170212765956,0.34375,0.7857142857142857,0.14652356753831736,0.725108225108225,12,21,3,11,WeightedAverage,"weights={'GB_Accuracy_Prob': 0, 'Logistic_Prob': 0, 'RandomForest_Prob': 0, 'ExtraTrees_Prob': 1, 'SVC_RBF_Prob': 2}, threshold=0.24"
0.4782608695652174,0.48936170212765956,0.34375,0.7857142857142857,0.14652356753831736,0.7272727272727272,12,21,3,11,WeightedAverage,"weights={'GB_Accuracy_Prob': 0, 'Logistic_Prob': 0, 'RandomForest_Prob': 1, 'ExtraTrees_Prob': 0, 'SVC_RBF_Prob': 1}, threshold=0.24"
0.4782608695652174,0.48936170212765956,0.34375,0.7857142857142857,0.14652356753831736,0.7012987012987013,12,21,3,11,WeightedAverage,"weights={'GB_Accuracy_Prob': 0, 'Logistic_Prob': 0, 'RandomForest_Prob': 2, 'ExtraTrees_Prob': 1, 'SVC_RBF_Prob': 1}, threshold=0.23"
0.4782608695652174,0.48936170212765956,0.34375,0.7857142857142857,0.14652356753831736,0.7965367965367965,12,21,3,11,WeightedAverage,"weights={'GB_Accuracy_Prob': 1, 'Logistic_Prob': 0, 'RandomForest_Prob': 0, 'ExtraTrees_Prob': 1, 'SVC_RBF_Prob': 2}, threshold=0.20"
0.4782608695652174,0.48936170212765956,0.34375,0.7857142857142857,0.14652356753831736,0.7943722943722944,12,21,3,11,WeightedAverage,"weights={'GB_Accuracy_Prob': 2, 'Logistic_Prob': 0, 'RandomForest_Prob': 0, 'ExtraTrees_Prob': 3, 'SVC_RBF_Prob': 0}, threshold=0.16"
0.4782608695652174,0.48936170212765956,0.34375,0.7857142857142857,0.14652356753831736,0.7922077922077922,12,21,3,11,WeightedAverage,"weights={'GB_Accuracy_Prob': 2, 'Logistic_Prob': 0, 'RandomForest_Prob': 1, 'ExtraTrees_Prob': 2, 'SVC_RBF_Prob': 2}, threshold=0.19"
0.4782608695652174,0.48936170212765956,0.34375,0.7857142857142857,0.14652356753831736,0.7965367965367967,12,21,3,11,WeightedAverage,"weights={'GB_Accuracy_Prob': 3, 'Logistic_Prob': 0, 'RandomForest_Prob': 1, 'ExtraTrees_Prob': 3, 'SVC_RBF_Prob': 1}, threshold=0.17"
0.4761904761904762,0.7659574468085106,0.7142857142857143,0.35714285714285715,0.3809084119647452,0.7640692640692641,31,2,9,5,AND_Logistic_ExtraTrees_Prob,Logistic>=0.01 AND ExtraTrees_Prob>=0.37
0.4761904761904762,0.7659574468085106,0.7142857142857143,0.35714285714285715,0.3809084119647452,0.7640692640692641,31,2,9,5,AND_Logistic_ExtraTrees_Prob,Logistic>=0.63 AND ExtraTrees_Prob>=0.36
0.4761904761904762,0.7659574468085106,0.7142857142857143,0.35714285714285715,0.3809084119647452,0.7662337662337662,31,2,9,5,AND_Logistic_SVC_RBF_Prob,Logistic>=0.09 AND SVC_RBF_Prob>=0.31
0.4761904761904762,0.7659574468085106,0.7142857142857143,0.35714285714285715,0.3809084119647452,0.7272727272727272,31,2,9,5,WeightedAverage,"weights={'GB_Accuracy_Prob': 0, 'Logistic_Prob': 0, 'RandomForest_Prob': 1, 'ExtraTrees_Prob': 0, 'SVC_RBF_Prob': 1}, threshold=0.35"
0.4761904761904762,0.7659574468085106,0.7142857142857143,0.35714285714285715,0.3809084119647452,0.7857142857142857,31,2,9,5,WeightedAverage,"weights={'GB_Accuracy_Prob': 1, 'Logistic_Prob': 0, 'RandomForest_Prob': 1, 'ExtraTrees_Prob': 1, 'SVC_RBF_Prob': 0}, threshold=0.44"
0.4761904761904762,0.7659574468085106,0.7142857142857143,0.35714285714285715,0.3809084119647452,0.7705627705627706,31,2,9,5,WeightedAverage,"weights={'GB_Accuracy_Prob': 1, 'Logistic_Prob': 0, 'RandomForest_Prob': 1, 'ExtraTrees_Prob': 3, 'SVC_RBF_Prob': 0}, threshold=0.41"
0.4761904761904762,0.7659574468085106,0.7142857142857143,0.35714285714285715,0.3809084119647452,0.7965367965367965,31,2,9,5,WeightedAverage,"weights={'GB_Accuracy_Prob': 1, 'Logistic_Prob': 0, 'RandomForest_Prob': 2, 'ExtraTrees_Prob': 1, 'SVC_RBF_Prob': 1}, threshold=0.41"
0.4761904761904762,0.7659574468085106,0.7142857142857143,0.35714285714285715,0.3809084119647452,0.79004329004329,31,2,9,5,WeightedAverage,"weights={'GB_Accuracy_Prob': 1, 'Logistic_Prob': 1, 'RandomForest_Prob': 0, 'ExtraTrees_Prob': 1, 'SVC_RBF_Prob': 1}, threshold=0.55"
0.4761904761904762,0.7659574468085106,0.7142857142857143,0.35714285714285715,0.3809084119647452,0.7792207792207793,31,2,9,5,WeightedAverage,"weights={'GB_Accuracy_Prob': 1, 'Logistic_Prob': 2, 'RandomForest_Prob': 0, 'ExtraTrees_Prob': 1, 'SVC_RBF_Prob': 0}, threshold=0.68"
0.4761904761904762,0.7659574468085106,0.7142857142857143,0.35714285714285715,0.3809084119647452,0.7835497835497836,31,2,9,5,WeightedAverage,"weights={'GB_Accuracy_Prob': 1, 'Logistic_Prob': 2, 'RandomForest_Prob': 0, 'ExtraTrees_Prob': 1, 'SVC_RBF_Prob': 3}, threshold=0.53"
0.4761904761904762,0.5319148936170213,0.35714285714285715,0.7142857142857143,0.1573322663876521,0.6753246753246753,15,18,4,10,ExtraTrees_Prob,ExtraTrees_Prob>=0.24
0.4761904761904762,0.5319148936170213,0.35714285714285715,0.7142857142857143,0.1573322663876521,0.7077922077922078,15,18,4,10,WeightedAverage,"weights={'GB_Accuracy_Prob': 0, 'Logistic_Prob': 0, 'RandomForest_Prob': 0, 'ExtraTrees_Prob': 1, 'SVC_RBF_Prob': 1}, threshold=0.26"
0.4761904761904762,0.5319148936170213,0.35714285714285715,0.7142857142857143,0.1573322663876521,0.6796536796536796,15,18,4,10,WeightedAverage,"weights={'GB_Accuracy_Prob': 0, 'Logistic_Prob': 0, 'RandomForest_Prob': 1, 'ExtraTrees_Prob': 1, 'SVC_RBF_Prob': 0}, threshold=0.24"
0.4761904761904762,0.5319148936170213,0.35714285714285715,0.7142857142857143,0.1573322663876521,0.6926406926406926,15,18,4,10,WeightedAverage,"weights={'GB_Accuracy_Prob': 0, 'Logistic_Prob': 0, 'RandomForest_Prob': 3, 'ExtraTrees_Prob': 1, 'SVC_RBF_Prob': 0}, threshold=0.24"
0.4745762711864407,0.3404255319148936,0.3111111111111111,1.0,0.13731430681184992,0.7294372294372294,2,31,0,14,SVC_RBF_Prob,SVC_RBF_Prob>=0.20
0.4745762711864407,0.3404255319148936,0.3111111111111111,1.0,0.13731430681184992,0.7640692640692641,2,31,0,14,OR_Logistic_ExtraTrees_Prob,Logistic>=0.01 OR ExtraTrees_Prob>=0.07
0.4745762711864407,0.3404255319148936,0.3111111111111111,1.0,0.13731430681184992,0.6796536796536796,2,31,0,14,WeightedAverage,"weights={'GB_Accuracy_Prob': 0, 'Logistic_Prob': 0, 'RandomForest_Prob': 1, 'ExtraTrees_Prob': 1, 'SVC_RBF_Prob': 0}, threshold=0.07"
0.4745762711864407,0.3404255319148936,0.3111111111111111,1.0,0.13731430681184992,0.7965367965367965,2,31,0,14,WeightedAverage,"weights={'GB_Accuracy_Prob': 1, 'Logistic_Prob': 0, 'RandomForest_Prob': 0, 'ExtraTrees_Prob': 1, 'SVC_RBF_Prob': 1}, threshold=0.10"
0.4736842105263159,0.574468085106383,0.375,0.6428571428571429,0.17227756548913709,0.6753246753246753,18,15,5,9,WeightedAverage,"weights={'GB_Accuracy_Prob': 0, 'Logistic_Prob': 0, 'RandomForest_Prob': 1, 'ExtraTrees_Prob': 2, 'SVC_RBF_Prob': 0}, threshold=0.26"
0.4727272727272727,0.3829787234042553,0.3170731707317073,0.9285714285714286,0.10975218691829065,0.7640692640692641,5,28,1,13,OR_Logistic_RandomForest_Prob,Logistic>=0.01 OR RandomForest_Prob>=0.16
0.4727272727272727,0.3829787234042553,0.3170731707317073,0.9285714285714286,0.10975218691829065,0.7705627705627706,5,28,1,13,OR_Logistic_GB_Accuracy_Prob,Logistic>=0.01 OR GB_Accuracy_Prob>=0.02
0.4727272727272727,0.3829787234042553,0.3170731707317073,0.9285714285714286,0.10975218691829065,0.7770562770562771,5,28,1,13,WeightedAverage,"weights={'GB_Accuracy_Prob': 1, 'Logistic_Prob': 2, 'RandomForest_Prob': 1, 'ExtraTrees_Prob': 0, 'SVC_RBF_Prob': 0}, threshold=0.05"
0.4727272727272727,0.3829787234042553,0.3170731707317073,0.9285714285714286,0.10975218691829065,0.787878787878788,5,28,1,13,WeightedAverage,"weights={'GB_Accuracy_Prob': 2, 'Logistic_Prob': 1, 'RandomForest_Prob': 3, 'ExtraTrees_Prob': 0, 'SVC_RBF_Prob': 0}, threshold=0.09"
0.4727272727272727,0.3829787234042553,0.3170731707317073,0.9285714285714286,0.10975218691829065,0.787878787878788,5,28,1,13,WeightedAverage,"weights={'GB_Accuracy_Prob': 3, 'Logistic_Prob': 1, 'RandomForest_Prob': 3, 'ExtraTrees_Prob': 0, 'SVC_RBF_Prob': 2}, threshold=0.12"
0.4705882352941177,0.425531914893617,0.32432432432432434,0.8571428571428571,0.11125921255614017,0.7705627705627706,8,25,2,12,OR_Logistic_GB_Accuracy_Prob,Logistic>=0.04 OR GB_Accuracy_Prob>=0.04
0.4705882352941177,0.425531914893617,0.32432432432432434,0.8571428571428571,0.11125921255614017,0.7943722943722944,8,25,2,12,WeightedAverage,"weights={'GB_Accuracy_Prob': 1, 'Logistic_Prob': 0, 'RandomForest_Prob': 0, 'ExtraTrees_Prob': 0, 'SVC_RBF_Prob': 2}, threshold=0.18"
0.4705882352941177,0.425531914893617,0.32432432432432434,0.8571428571428571,0.11125921255614017,0.7705627705627706,8,25,2,12,WeightedAverage,"weights={'GB_Accuracy_Prob': 1, 'Logistic_Prob': 1, 'RandomForest_Prob': 0, 'ExtraTrees_Prob': 0, 'SVC_RBF_Prob': 0}, threshold=0.03"
0.4705882352941177,0.425531914893617,0.32432432432432434,0.8571428571428571,0.11125921255614017,0.79004329004329,8,25,2,12,WeightedAverage,"weights={'GB_Accuracy_Prob': 2, 'Logistic_Prob': 0, 'RandomForest_Prob': 0, 'ExtraTrees_Prob': 0, 'SVC_RBF_Prob': 1}, threshold=0.11"
0.4705882352941177,0.425531914893617,0.32432432432432434,0.8571428571428571,0.11125921255614017,0.7727272727272727,8,25,2,12,WeightedAverage,"weights={'GB_Accuracy_Prob': 2, 'Logistic_Prob': 1, 'RandomForest_Prob': 0, 'ExtraTrees_Prob': 0, 'SVC_RBF_Prob': 0}, threshold=0.03"
0.4705882352941177,0.425531914893617,0.32432432432432434,0.8571428571428571,0.11125921255614017,0.7987012987012987,8,25,2,12,WeightedAverage,"weights={'GB_Accuracy_Prob': 3, 'Logistic_Prob': 1, 'RandomForest_Prob': 0, 'ExtraTrees_Prob': 1, 'SVC_RBF_Prob': 0}, threshold=0.07"
0.4705882352941177,0.425531914893617,0.32432432432432434,0.8571428571428571,0.11125921255614017,0.7943722943722944,8,25,2,12,WeightedAverage,"weights={'GB_Accuracy_Prob': 3, 'Logistic_Prob': 1, 'RandomForest_Prob': 1, 'ExtraTrees_Prob': 0, 'SVC_RBF_Prob': 1}, threshold=0.10"
0.47058823529411764,0.6170212765957447,0.4,0.5714285714285714,0.19219999204171925,0.7640692640692641,21,12,6,8,AND_Logistic_ExtraTrees_Prob,Logistic>=0.01 AND ExtraTrees_Prob>=0.26
0.47058823529411764,0.6170212765957447,0.4,0.5714285714285714,0.19219999204171925,0.6861471861471862,21,12,6,8,WeightedAverage,"weights={'GB_Accuracy_Prob': 0, 'Logistic_Prob': 0, 'RandomForest_Prob': 0, 'ExtraTrees_Prob': 2, 'SVC_RBF_Prob': 1}, threshold=0.29"
0.4680851063829786,0.46808510638297873,0.3333333333333333,0.7857142857142857,0.11904761904761904,0.6753246753246753,11,22,3,11,ExtraTrees_Prob,ExtraTrees_Prob>=0.20
0.4680851063829786,0.46808510638297873,0.3333333333333333,0.7857142857142857,0.11904761904761904,0.7705627705627706,11,22,3,11,OR_Logistic_GB_Accuracy_Prob,Logistic>=0.09 OR GB_Accuracy_Prob>=0.06
0.4680851063829786,0.46808510638297873,0.3333333333333333,0.7857142857142857,0.11904761904761904,0.7380952380952381,11,22,3,11,WeightedAverage,"weights={'GB_Accuracy_Prob': 0, 'Logistic_Prob': 0, 'RandomForest_Prob': 0, 'ExtraTrees_Prob': 1, 'SVC_RBF_Prob': 3}, threshold=0.25"
0.4680851063829786,0.46808510638297873,0.3333333333333333,0.7857142857142857,0.11904761904761904,0.6796536796536796,11,22,3,11,WeightedAverage,"weights={'GB_Accuracy_Prob': 0, 'Logistic_Prob': 0, 'RandomForest_Prob': 1, 'ExtraTrees_Prob': 1, 'SVC_RBF_Prob': 0}, threshold=0.20"
0.4680851063829786,0.46808510638297873,0.3333333333333333,0.7857142857142857,0.11904761904761904,0.7251082251082251,11,22,3,11,WeightedAverage,"weights={'GB_Accuracy_Prob': 0, 'Logistic_Prob': 0, 'RandomForest_Prob': 1, 'ExtraTrees_Prob': 1, 'SVC_RBF_Prob': 3}, threshold=0.24"
0.4680851063829786,0.46808510638297873,0.3333333333333333,0.7857142857142857,0.11904761904761904,0.7857142857142857,11,22,3,11,WeightedAverage,"weights={'GB_Accuracy_Prob': 1, 'Logistic_Prob': 0, 'RandomForest_Prob': 0, 'ExtraTrees_Prob': 1, 'SVC_RBF_Prob': 3}, threshold=0.21"
0.4666666666666667,0.6595744680851063,0.4375,0.5,0.21934486565218833,0.7023809523809524,24,9,7,7,RandomForest_Prob,RandomForest_Prob>=0.32
0.4666666666666667,0.6595744680851063,0.4375,0.5,0.21934486565218833,0.7640692640692641,24,9,7,7,AND_Logistic_ExtraTrees_Prob,Logistic>=0.07 AND ExtraTrees_Prob>=0.26
0.4666666666666667,0.6595744680851063,0.4375,0.5,0.21934486565218833,0.7662337662337662,24,9,7,7,OR_Logistic_SVC_RBF_Prob,Logistic>=0.59 OR SVC_RBF_Prob>=0.34
0.4666666666666667,0.6595744680851063,0.4375,0.5,0.21934486565218833,0.7077922077922078,24,9,7,7,WeightedAverage,"weights={'GB_Accuracy_Prob': 0, 'Logistic_Prob': 0, 'RandomForest_Prob': 0, 'ExtraTrees_Prob': 1, 'SVC_RBF_Prob': 1}, threshold=0.30"
0.4666666666666667,0.6595744680851063,0.4375,0.5,0.21934486565218833,0.70995670995671,24,9,7,7,WeightedAverage,"weights={'GB_Accuracy_Prob': 0, 'Logistic_Prob': 0, 'RandomForest_Prob': 3, 'ExtraTrees_Prob': 2, 'SVC_RBF_Prob': 2}, threshold=0.31"
0.4666666666666667,0.3191489361702128,0.30434782608695654,1.0,0.0960346885066768,0.7023809523809524,1,32,0,14,RandomForest_Prob,RandomForest_Prob>=0.07
0.4666666666666667,0.3191489361702128,0.30434782608695654,1.0,0.0960346885066768,0.6753246753246753,1,32,0,14,ExtraTrees_Prob,ExtraTrees_Prob>=0.02
0.4666666666666667,0.3191489361702128,0.30434782608695654,1.0,0.0960346885066768,0.777056277056277,1,32,0,14,WeightedAverage,"weights={'GB_Accuracy_Prob': 0, 'Logistic_Prob': 1, 'RandomForest_Prob': 0, 'ExtraTrees_Prob': 0, 'SVC_RBF_Prob': 2}, threshold=0.13"
0.46511627906976755,0.5106382978723404,0.3448275862068966,0.7142857142857143,0.13032379999970004,0.6753246753246753,14,19,4,10,ExtraTrees_Prob,ExtraTrees_Prob>=0.23
0.46511627906976755,0.5106382978723404,0.3448275862068966,0.7142857142857143,0.13032379999970004,0.6926406926406927,14,19,4,10,WeightedAverage,"weights={'GB_Accuracy_Prob': 0, 'Logistic_Prob': 0, 'RandomForest_Prob': 2, 'ExtraTrees_Prob': 1, 'SVC_RBF_Prob': 0}, threshold=0.23"
0.46428571428571436,0.3617021276595745,0.30952380952380953,0.9285714285714286,0.0738409373174027,0.7813852813852814,4,29,1,13,WeightedAverage,"weights={'GB_Accuracy_Prob': 2, 'Logistic_Prob': 1, 'RandomForest_Prob': 3, 'ExtraTrees_Prob': 0, 'SVC_RBF_Prob': 2}, threshold=0.13"
0.46153846153846156,0.40425531914893614,0.3157894736842105,0.8571428571428571,0.08050371784030688,0.7705627705627706,7,26,2,12,OR_Logistic_GB_Accuracy_Prob,Logistic>=0.01 OR GB_Accuracy_Prob>=0.06
0.46153846153846156,0.40425531914893614,0.3157894736842105,0.8571428571428571,0.08050371784030688,0.7748917748917749,7,26,2,12,WeightedAverage,"weights={'GB_Accuracy_Prob': 3, 'Logistic_Prob': 2, 'RandomForest_Prob': 0, 'ExtraTrees_Prob': 0, 'SVC_RBF_Prob': 0}, threshold=0.03"
0.46153846153846156,0.40425531914893614,0.3157894736842105,0.8571428571428571,0.08050371784030688,0.7813852813852814,7,26,2,12,WeightedAverage,"weights={'GB_Accuracy_Prob': 3, 'Logistic_Prob': 3, 'RandomForest_Prob': 0, 'ExtraTrees_Prob': 1, 'SVC_RBF_Prob': 0}, threshold=0.05"
0.4615384615384615,0.7021276595744681,0.5,0.42857142857142855,0.25879698850951793,0.6753246753246753,27,6,8,6,ExtraTrees_Prob,ExtraTrees_Prob>=0.34
0.4615384615384615,0.7021276595744681,0.5,0.42857142857142855,0.25879698850951793,0.7640692640692641,27,6,8,6,AND_Logistic_RandomForest_Prob,Logistic>=0.01 AND RandomForest_Prob>=0.33
0.4615384615384615,0.7021276595744681,0.5,0.42857142857142855,0.25879698850951793,0.7640692640692641,27,6,8,6,AND_Logistic_RandomForest_Prob,Logistic>=0.07 AND RandomForest_Prob>=0.32
0.4615384615384615,0.7021276595744681,0.5,0.42857142857142855,0.25879698850951793,0.7640692640692641,27,6,8,6,AND_Logistic_RandomForest_Prob,Logistic>=0.09 AND RandomForest_Prob>=0.29
0.4615384615384615,0.7021276595744681,0.5,0.42857142857142855,0.25879698850951793,0.7640692640692641,27,6,8,6,AND_Logistic_RandomForest_Prob,Logistic>=0.28 AND RandomForest_Prob>=0.28
0.4615384615384615,0.7021276595744681,0.5,0.42857142857142855,0.25879698850951793,0.7640692640692641,27,6,8,6,AND_Logistic_RandomForest_Prob,Logistic>=0.59 AND RandomForest_Prob>=0.24
0.4615384615384615,0.7021276595744681,0.5,0.42857142857142855,0.25879698850951793,0.7640692640692641,27,6,8,6,AND_Logistic_ExtraTrees_Prob,Logistic>=0.07 AND ExtraTrees_Prob>=0.32
0.4615384615384615,0.7021276595744681,0.5,0.42857142857142855,0.25879698850951793,0.7640692640692641,27,6,8,6,AND_Logistic_ExtraTrees_Prob,Logistic>=0.60 AND ExtraTrees_Prob>=0.22
0.4615384615384615,0.7021276595744681,0.5,0.42857142857142855,0.25879698850951793,0.7662337662337662,27,6,8,6,OR_Logistic_SVC_RBF_Prob,Logistic>=0.80 OR SVC_RBF_Prob>=0.34
0.4615384615384615,0.7021276595744681,0.5,0.42857142857142855,0.25879698850951793,0.7662337662337662,27,6,8,6,OR_Logistic_SVC_RBF_Prob,Logistic>=0.95 OR SVC_RBF_Prob>=0.32
0.4615384615384615,0.7021276595744681,0.5,0.42857142857142855,0.25879698850951793,0.6796536796536796,27,6,8,6,WeightedAverage,"weights={'GB_Accuracy_Prob': 0, 'Logistic_Prob': 0, 'RandomForest_Prob': 1, 'ExtraTrees_Prob': 1, 'SVC_RBF_Prob': 0}, threshold=0.34"
0.4615384615384615,0.5531914893617021,0.36,0.6428571428571429,0.14481732715661313,0.7640692640692641,17,16,5,9,OR_Logistic_ExtraTrees_Prob,Logistic>=0.95 OR ExtraTrees_Prob>=0.27
0.4615384615384615,0.5531914893617021,0.36,0.6428571428571429,0.14481732715661313,0.7077922077922078,17,16,5,9,WeightedAverage,"weights={'GB_Accuracy_Prob': 0, 'Logistic_Prob': 0, 'RandomForest_Prob': 0, 'ExtraTrees_Prob': 1, 'SVC_RBF_Prob': 1}, threshold=0.27"
0.45901639344262296,0.2978723404255319,0.2978723404255319,1.0,0.0,0.79004329004329,0,33,0,14,GB_Accuracy_Prob,GB_Accuracy_Prob>=0.01
0.45833333333333326,0.44680851063829785,0.3235294117647059,0.7857142857142857,0.09073017201745544,0.7705627705627706,10,23,3,11,OR_Logistic_GB_Accuracy_Prob,Logistic>=0.07 OR GB_Accuracy_Prob>=0.06
0.45833333333333326,0.44680851063829785,0.3235294117647059,0.7857142857142857,0.09073017201745544,0.7380952380952381,10,23,3,11,WeightedAverage,"weights={'GB_Accuracy_Prob': 0, 'Logistic_Prob': 0, 'RandomForest_Prob': 0, 'ExtraTrees_Prob': 1, 'SVC_RBF_Prob': 3}, threshold=0.24"
0.45833333333333326,0.44680851063829785,0.3235294117647059,0.7857142857142857,0.09073017201745544,0.6818181818181819,10,23,3,11,WeightedAverage,"weights={'GB_Accuracy_Prob': 0, 'Logistic_Prob': 0, 'RandomForest_Prob': 0, 'ExtraTrees_Prob': 3, 'SVC_RBF_Prob': 1}, threshold=0.21"
0.4571428571428571,0.5957446808510638,0.38095238095238093,0.5714285714285714,0.1632662971918606,0.6753246753246753,20,13,6,8,ExtraTrees_Prob,ExtraTrees_Prob>=0.30
0.45454545454545453,0.7446808510638298,0.625,0.35714285714285715,0.32397151488601966,0.6753246753246753,30,3,9,5,ExtraTrees_Prob,ExtraTrees_Prob>=0.37
0.45454545454545453,0.7446808510638298,0.625,0.35714285714285715,0.32397151488601966,0.7640692640692641,30,3,9,5,AND_Logistic_RandomForest_Prob,Logistic>=0.09 AND RandomForest_Prob>=0.34
0.45454545454545453,0.7446808510638298,0.625,0.35714285714285715,0.32397151488601966,0.7640692640692641,30,3,9,5,AND_Logistic_RandomForest_Prob,Logistic>=0.63 AND RandomForest_Prob>=0.32
0.45454545454545453,0.7446808510638298,0.625,0.35714285714285715,0.32397151488601966,0.7640692640692641,30,3,9,5,AND_Logistic_ExtraTrees_Prob,Logistic>=0.07 AND ExtraTrees_Prob>=0.36
0.45454545454545453,0.7446808510638298,0.625,0.35714285714285715,0.32397151488601966,0.7662337662337662,30,3,9,5,AND_Logistic_SVC_RBF_Prob,Logistic>=0.04 AND SVC_RBF_Prob>=0.31
0.45454545454545453,0.7446808510638298,0.625,0.35714285714285715,0.32397151488601966,0.7272727272727272,30,3,9,5,WeightedAverage,"weights={'GB_Accuracy_Prob': 0, 'Logistic_Prob': 0, 'RandomForest_Prob': 1, 'ExtraTrees_Prob': 0, 'SVC_RBF_Prob': 1}, threshold=0.33"
0.45454545454545453,0.7446808510638298,0.625,0.35714285714285715,0.32397151488601966,0.777056277056277,30,3,9,5,WeightedAverage,"weights={'GB_Accuracy_Prob': 0, 'Logistic_Prob': 1, 'RandomForest_Prob': 0, 'ExtraTrees_Prob': 0, 'SVC_RBF_Prob': 2}, threshold=0.52"
0.45454545454545453,0.7446808510638298,0.625,0.35714285714285715,0.32397151488601966,0.7619047619047619,30,3,9,5,WeightedAverage,"weights={'GB_Accuracy_Prob': 1, 'Logistic_Prob': 0, 'RandomForest_Prob': 2, 'ExtraTrees_Prob': 3, 'SVC_RBF_Prob': 0}, threshold=0.39"
0.45454545454545453,0.7446808510638298,0.625,0.35714285714285715,0.32397151488601966,0.7813852813852814,30,3,9,5,WeightedAverage,"weights={'GB_Accuracy_Prob': 1, 'Logistic_Prob': 0, 'RandomForest_Prob': 3, 'ExtraTrees_Prob': 0, 'SVC_RBF_Prob': 0}, threshold=0.39"
0.45454545454545453,0.7446808510638298,0.625,0.35714285714285715,0.32397151488601966,0.7835497835497836,30,3,9,5,WeightedAverage,"weights={'GB_Accuracy_Prob': 1, 'Logistic_Prob': 1, 'RandomForest_Prob': 2, 'ExtraTrees_Prob': 0, 'SVC_RBF_Prob': 0}, threshold=0.52"
0.45454545454545453,0.7446808510638298,0.625,0.35714285714285715,0.32397151488601966,0.7792207792207791,30,3,9,5,WeightedAverage,"weights={'GB_Accuracy_Prob': 1, 'Logistic_Prob': 2, 'RandomForest_Prob': 0, 'ExtraTrees_Prob': 2, 'SVC_RBF_Prob': 0}, threshold=0.62"
0.4545454545454545,0.48936170212765956,0.3333333333333333,0.7142857142857143,0.10300633343611347,0.6753246753246753,13,20,4,10,ExtraTrees_Prob,ExtraTrees_Prob>=0.22
0.4545454545454545,0.48936170212765956,0.3333333333333333,0.7142857142857143,0.10300633343611347,0.7380952380952381,13,20,4,10,WeightedAverage,"weights={'GB_Accuracy_Prob': 0, 'Logistic_Prob': 0, 'RandomForest_Prob': 0, 'ExtraTrees_Prob': 1, 'SVC_RBF_Prob': 3}, threshold=0.26"
0.4545454545454545,0.48936170212765956,0.3333333333333333,0.7142857142857143,0.10300633343611347,0.6796536796536796,13,20,4,10,WeightedAverage,"weights={'GB_Accuracy_Prob': 0, 'Logistic_Prob': 0, 'RandomForest_Prob': 1, 'ExtraTrees_Prob': 1, 'SVC_RBF_Prob': 0}, threshold=0.23"
0.45283018867924535,0.3829787234042553,0.3076923076923077,0.8571428571428571,0.04741046559307605,0.7705627705627706,6,27,2,12,OR_Logistic_GB_Accuracy_Prob,Logistic>=0.01 OR GB_Accuracy_Prob>=0.04
0.45161290322580644,0.6382978723404256,0.4117647058823529,0.5,0.1874715268537265,0.7023809523809524,23,10,7,7,RandomForest_Prob,RandomForest_Prob>=0.30
0.45161290322580644,0.6382978723404256,0.4117647058823529,0.5,0.1874715268537265,0.6796536796536796,23,10,7,7,WeightedAverage,"weights={'GB_Accuracy_Prob': 0, 'Logistic_Prob': 0, 'RandomForest_Prob': 1, 'ExtraTrees_Prob': 1, 'SVC_RBF_Prob': 0}, threshold=0.31"
0.45,0.5319148936170213,0.34615384615384615,0.6428571428571429,0.11747209188194846,0.6753246753246753,16,17,5,9,ExtraTrees_Prob,ExtraTrees_Prob>=0.25
0.4444444444444445,0.7872340425531915,1.0,0.2857142857142857,0.4682617889493368,0.79004329004329,33,0,10,4,GB_Accuracy_Prob,GB_Accuracy_Prob>=0.75
0.4444444444444445,0.7872340425531915,1.0,0.2857142857142857,0.4682617889493368,0.7705627705627706,33,0,10,4,AND_Logistic_GB_Accuracy_Prob,Logistic>=0.59 AND GB_Accuracy_Prob>=0.67
0.4444444444444445,0.7872340425531915,1.0,0.2857142857142857,0.4682617889493368,0.7705627705627706,33,0,10,4,AND_Logistic_GB_Accuracy_Prob,Logistic>=0.79 AND GB_Accuracy_Prob>=0.60
0.4444444444444445,0.7872340425531915,1.0,0.2857142857142857,0.4682617889493368,0.7965367965367965,33,0,10,4,WeightedAverage,"weights={'GB_Accuracy_Prob': 1, 'Logistic_Prob': 0, 'RandomForest_Prob': 0, 'ExtraTrees_Prob': 1, 'SVC_RBF_Prob': 0}, threshold=0.53"
0.4444444444444445,0.6808510638297872,0.46153846153846156,0.42857142857142855,0.22129310248159864,0.7023809523809524,26,7,8,6,RandomForest_Prob,RandomForest_Prob>=0.33
0.4444444444444445,0.6808510638297872,0.46153846153846156,0.42857142857142855,0.22129310248159864,0.7640692640692641,26,7,8,6,AND_Logistic_RandomForest_Prob,Logistic>=0.07 AND RandomForest_Prob>=0.29
0.4444444444444445,0.6808510638297872,0.46153846153846156,0.42857142857142855,0.22129310248159864,0.7640692640692641,26,7,8,6,AND_Logistic_ExtraTrees_Prob,Logistic>=0.28 AND ExtraTrees_Prob>=0.26
0.4444444444444445,0.6808510638297872,0.46153846153846156,0.42857142857142855,0.22129310248159864,0.7640692640692641,26,7,8,6,AND_Logistic_ExtraTrees_Prob,Logistic>=0.59 AND ExtraTrees_Prob>=0.22
0.4444444444444445,0.6808510638297872,0.46153846153846156,0.42857142857142855,0.22129310248159864,0.7662337662337662,26,7,8,6,OR_Logistic_SVC_RBF_Prob,Logistic>=0.79 OR SVC_RBF_Prob>=0.34
0.4444444444444445,0.6808510638297872,0.46153846153846156,0.42857142857142855,0.22129310248159864,0.6796536796536796,26,7,8,6,WeightedAverage,"weights={'GB_Accuracy_Prob': 0, 'Logistic_Prob': 0, 'RandomForest_Prob': 1, 'ExtraTrees_Prob': 1, 'SVC_RBF_Prob': 0}, threshold=0.33"
0.4444444444444445,0.6808510638297872,0.46153846153846156,0.42857142857142855,0.22129310248159864,0.6753246753246753,26,7,8,6,WeightedAverage,"weights={'GB_Accuracy_Prob': 0, 'Logistic_Prob': 0, 'RandomForest_Prob': 1, 'ExtraTrees_Prob': 3, 'SVC_RBF_Prob': 0}, threshold=0.33"
0.4444444444444444,0.574468085106383,0.36363636363636365,0.5714285714285714,0.1348983321458862,0.6753246753246753,19,14,6,8,ExtraTrees_Prob,ExtraTrees_Prob>=0.29
0.4444444444444444,0.46808510638297873,0.3225806451612903,0.7142857142857143,0.07520395393789314,0.6753246753246753,12,21,4,10,WeightedAverage,"weights={'GB_Accuracy_Prob': 0, 'Logistic_Prob': 0, 'RandomForest_Prob': 1, 'ExtraTrees_Prob': 3, 'SVC_RBF_Prob': 0}, threshold=0.22"
0.43750000000000006,0.6170212765957447,0.3888888888888889,0.5,0.15679582187463909,0.7023809523809524,22,11,7,7,RandomForest_Prob,RandomForest_Prob>=0.29
0.43478260869565216,0.723404255319149,0.5555555555555556,0.35714285714285715,0.2742157888935453,0.7023809523809524,29,4,9,5,RandomForest_Prob,RandomForest_Prob>=0.38
0.43478260869565216,0.723404255319149,0.5555555555555556,0.35714285714285715,0.2742157888935453,0.7294372294372294,29,4,9,5,SVC_RBF_Prob,SVC_RBF_Prob>=0.31
0.43478260869565216,0.723404255319149,0.5555555555555556,0.35714285714285715,0.2742157888935453,0.7640692640692641,29,4,9,5,AND_Logistic_RandomForest_Prob,Logistic>=0.07 AND RandomForest_Prob>=0.34
0.43478260869565216,0.723404255319149,0.5555555555555556,0.35714285714285715,0.2742157888935453,0.7640692640692641,29,4,9,5,AND_Logistic_RandomForest_Prob,Logistic>=0.09 AND RandomForest_Prob>=0.33
0.43478260869565216,0.723404255319149,0.5555555555555556,0.35714285714285715,0.2742157888935453,0.7640692640692641,29,4,9,5,AND_Logistic_RandomForest_Prob,Logistic>=0.60 AND RandomForest_Prob>=0.32
0.43478260869565216,0.723404255319149,0.5555555555555556,0.35714285714285715,0.2742157888935453,0.7640692640692641,29,4,9,5,AND_Logistic_RandomForest_Prob,Logistic>=0.63 AND RandomForest_Prob>=0.28
0.43478260869565216,0.723404255319149,0.5555555555555556,0.35714285714285715,0.2742157888935453,0.7640692640692641,29,4,9,5,AND_Logistic_RandomForest_Prob,Logistic>=0.79 AND RandomForest_Prob>=0.24
0.43478260869565216,0.723404255319149,0.5555555555555556,0.35714285714285715,0.2742157888935453,0.7640692640692641,29,4,9,5,OR_Logistic_RandomForest_Prob,Logistic>=0.95 OR RandomForest_Prob>=0.39
0.43478260869565216,0.723404255319149,0.5555555555555556,0.35714285714285715,0.2742157888935453,0.7640692640692641,29,4,9,5,AND_Logistic_ExtraTrees_Prob,Logistic>=0.63 AND ExtraTrees_Prob>=0.32
0.43478260869565216,0.723404255319149,0.5555555555555556,0.35714285714285715,0.2742157888935453,0.7640692640692641,29,4,9,5,OR_Logistic_ExtraTrees_Prob,Logistic>=0.85 OR ExtraTrees_Prob>=0.47
0.43478260869565216,0.723404255319149,0.5555555555555556,0.35714285714285715,0.2742157888935453,0.7640692640692641,29,4,9,5,OR_Logistic_ExtraTrees_Prob,Logistic>=0.95 OR ExtraTrees_Prob>=0.40
0.43478260869565216,0.723404255319149,0.5555555555555556,0.35714285714285715,0.2742157888935453,0.7705627705627706,29,4,9,5,OR_Logistic_GB_Accuracy_Prob,Logistic>=0.85 OR GB_Accuracy_Prob>=0.75
0.43478260869565216,0.723404255319149,0.5555555555555556,0.35714285714285715,0.2742157888935453,0.7705627705627706,29,4,9,5,OR_Logistic_GB_Accuracy_Prob,Logistic>=0.95 OR GB_Accuracy_Prob>=0.67
0.43478260869565216,0.723404255319149,0.5555555555555556,0.35714285714285715,0.2742157888935453,0.70995670995671,29,4,9,5,WeightedAverage,"weights={'GB_Accuracy_Prob': 0, 'Logistic_Prob': 0, 'RandomForest_Prob': 1, 'ExtraTrees_Prob': 1, 'SVC_RBF_Prob': 1}, threshold=0.33"
0.43478260869565216,0.723404255319149,0.5555555555555556,0.35714285714285715,0.2742157888935453,0.7727272727272728,29,4,9,5,WeightedAverage,"weights={'GB_Accuracy_Prob': 1, 'Logistic_Prob': 2, 'RandomForest_Prob': 3, 'ExtraTrees_Prob': 0, 'SVC_RBF_Prob': 0}, threshold=0.53"
0.43478260869565216,0.723404255319149,0.5555555555555556,0.35714285714285715,0.2742157888935453,0.7640692640692641,29,4,9,5,WeightedAverage,"weights={'GB_Accuracy_Prob': 1, 'Logistic_Prob': 3, 'RandomForest_Prob': 0, 'ExtraTrees_Prob': 0, 'SVC_RBF_Prob': 0}, threshold=0.78"
0.4324324324324324,0.5531914893617021,0.34782608695652173,0.5714285714285714,0.10693090271739543,0.6861471861471862,18,15,6,8,WeightedAverage,"weights={'GB_Accuracy_Prob': 0, 'Logistic_Prob': 0, 'RandomForest_Prob': 0, 'ExtraTrees_Prob': 2, 'SVC_RBF_Prob': 1}, threshold=0.28"
0.42857142857142855,0.6595744680851063,0.42857142857142855,0.42857142857142855,0.18614718614718614,0.6948051948051949,25,8,8,6,WeightedAverage,"weights={'GB_Accuracy_Prob': 0, 'Logistic_Prob': 0, 'RandomForest_Prob': 3, 'ExtraTrees_Prob': 2, 'SVC_RBF_Prob': 1}, threshold=0.32"
0.4210526315789474,0.5319148936170213,0.3333333333333333,0.5714285714285714,0.07920807608695958,0.6753246753246753,17,16,6,8,ExtraTrees_Prob,ExtraTrees_Prob>=0.27
0.4210526315789473,0.7659574468085106,0.8,0.2857142857142857,0.37883611319363125,0.6753246753246753,32,1,10,4,ExtraTrees_Prob,ExtraTrees_Prob>=0.41
0.4210526315789473,0.7659574468085106,0.8,0.2857142857142857,0.37883611319363125,0.7662337662337662,32,1,10,4,AND_Logistic_SVC_RBF_Prob,Logistic>=0.09 AND SVC_RBF_Prob>=0.32
0.4210526315789473,0.7659574468085106,0.8,0.2857142857142857,0.37883611319363125,0.7705627705627706,32,1,10,4,AND_Logistic_GB_Accuracy_Prob,Logistic>=0.79 AND GB_Accuracy_Prob>=0.54
0.4210526315789473,0.7659574468085106,0.8,0.2857142857142857,0.37883611319363125,0.7705627705627706,32,1,10,4,AND_Logistic_GB_Accuracy_Prob,Logistic>=0.85 AND GB_Accuracy_Prob>=0.31
0.4210526315789473,0.7659574468085106,0.8,0.2857142857142857,0.37883611319363125,0.7272727272727272,32,1,10,4,WeightedAverage,"weights={'GB_Accuracy_Prob': 0, 'Logistic_Prob': 0, 'RandomForest_Prob': 1, 'ExtraTrees_Prob': 0, 'SVC_RBF_Prob': 1}, threshold=0.36"
0.4210526315789473,0.7659574468085106,0.8,0.2857142857142857,0.37883611319363125,0.777056277056277,32,1,10,4,WeightedAverage,"weights={'GB_Accuracy_Prob': 1, 'Logistic_Prob': 0, 'RandomForest_Prob': 0, 'ExtraTrees_Prob': 2, 'SVC_RBF_Prob': 0}, threshold=0.48"
0.4210526315789473,0.7659574468085106,0.8,0.2857142857142857,0.37883611319363125,0.7835497835497836,32,1,10,4,WeightedAverage,"weights={'GB_Accuracy_Prob': 1, 'Logistic_Prob': 0, 'RandomForest_Prob': 1, 'ExtraTrees_Prob': 1, 'SVC_RBF_Prob': 1}, threshold=0.44"
0.4210526315789473,0.7659574468085106,0.8,0.2857142857142857,0.37883611319363125,0.7705627705627706,32,1,10,4,WeightedAverage,"weights={'GB_Accuracy_Prob': 1, 'Logistic_Prob': 1, 'RandomForest_Prob': 0, 'ExtraTrees_Prob': 0, 'SVC_RBF_Prob': 0}, threshold=0.76"
0.4210526315789473,0.7659574468085106,0.8,0.2857142857142857,0.37883611319363125,0.7792207792207791,32,1,10,4,WeightedAverage,"weights={'GB_Accuracy_Prob': 1, 'Logistic_Prob': 1, 'RandomForest_Prob': 0, 'ExtraTrees_Prob': 2, 'SVC_RBF_Prob': 0}, threshold=0.58"
0.4210526315789473,0.7659574468085106,0.8,0.2857142857142857,0.37883611319363125,0.7835497835497836,32,1,10,4,WeightedAverage,"weights={'GB_Accuracy_Prob': 1, 'Logistic_Prob': 2, 'RandomForest_Prob': 0, 'ExtraTrees_Prob': 1, 'SVC_RBF_Prob': 2}, threshold=0.59"
0.4210526315789473,0.7659574468085106,0.8,0.2857142857142857,0.37883611319363125,0.7943722943722944,32,1,10,4,WeightedAverage,"weights={'GB_Accuracy_Prob': 2, 'Logistic_Prob': 0, 'RandomForest_Prob': 1, 'ExtraTrees_Prob': 2, 'SVC_RBF_Prob': 1}, threshold=0.46"
0.4210526315789473,0.7659574468085106,0.8,0.2857142857142857,0.37883611319363125,0.787878787878788,32,1,10,4,WeightedAverage,"weights={'GB_Accuracy_Prob': 2, 'Logistic_Prob': 1, 'RandomForest_Prob': 3, 'ExtraTrees_Prob': 0, 'SVC_RBF_Prob': 0}, threshold=0.56"
0.41666666666666663,0.7021276595744681,0.5,0.35714285714285715,0.22977446071376773,0.7640692640692641,28,5,9,5,AND_Logistic_RandomForest_Prob,Logistic>=0.07 AND RandomForest_Prob>=0.33
0.41666666666666663,0.7021276595744681,0.5,0.35714285714285715,0.22977446071376773,0.7640692640692641,28,5,9,5,AND_Logistic_RandomForest_Prob,Logistic>=0.28 AND RandomForest_Prob>=0.32
0.41666666666666663,0.7021276595744681,0.5,0.35714285714285715,0.22977446071376773,0.7640692640692641,28,5,9,5,AND_Logistic_RandomForest_Prob,Logistic>=0.60 AND RandomForest_Prob>=0.28
0.41666666666666663,0.7021276595744681,0.5,0.35714285714285715,0.22977446071376773,0.7640692640692641,28,5,9,5,AND_Logistic_ExtraTrees_Prob,Logistic>=0.07 AND ExtraTrees_Prob>=0.34
0.41666666666666663,0.7021276595744681,0.5,0.35714285714285715,0.22977446071376773,0.7640692640692641,28,5,9,5,AND_Logistic_ExtraTrees_Prob,Logistic>=0.63 AND ExtraTrees_Prob>=0.26
0.41666666666666663,0.7021276595744681,0.5,0.35714285714285715,0.22977446071376773,0.7640692640692641,28,5,9,5,AND_Logistic_ExtraTrees_Prob,Logistic>=0.79 AND ExtraTrees_Prob>=0.22
0.41666666666666663,0.7021276595744681,0.5,0.35714285714285715,0.22977446071376773,0.7640692640692641,28,5,9,5,OR_Logistic_ExtraTrees_Prob,Logistic>=0.95 OR ExtraTrees_Prob>=0.39
0.41666666666666663,0.7021276595744681,0.5,0.35714285714285715,0.22977446071376773,0.6796536796536796,28,5,9,5,WeightedAverage,"weights={'GB_Accuracy_Prob': 0, 'Logistic_Prob': 0, 'RandomForest_Prob': 1, 'ExtraTrees_Prob': 1, 'SVC_RBF_Prob': 0}, threshold=0.35"
0.41666666666666663,0.7021276595744681,0.5,0.35714285714285715,0.22977446071376773,0.6948051948051948,28,5,9,5,WeightedAverage,"weights={'GB_Accuracy_Prob': 0, 'Logistic_Prob': 0, 'RandomForest_Prob': 1, 'ExtraTrees_Prob': 2, 'SVC_RBF_Prob': 1}, threshold=0.33"
0.4137931034482759,0.6382978723404256,0.4,0.42857142857142855,0.15289415743128767,0.7077922077922079,24,9,8,6,WeightedAverage,"weights={'GB_Accuracy_Prob': 0, 'Logistic_Prob': 0, 'RandomForest_Prob': 3, 'ExtraTrees_Prob': 1, 'SVC_RBF_Prob': 2}, threshold=0.31"
0.41025641025641024,0.5106382978723404,0.32,0.5714285714285714,0.05157877405578002,0.6753246753246753,16,17,6,8,ExtraTrees_Prob,ExtraTrees_Prob>=0.26
0.4,0.7446808510638298,0.6666666666666666,0.2857142857142857,0.30849263350006023,0.6753246753246753,31,2,10,4,ExtraTrees_Prob,ExtraTrees_Prob>=0.40
0.4,0.7446808510638298,0.6666666666666666,0.2857142857142857,0.30849263350006023,0.7640692640692641,31,2,10,4,AND_Logistic_ExtraTrees_Prob,Logistic>=0.07 AND ExtraTrees_Prob>=0.37
0.4,0.7446808510638298,0.6666666666666666,0.2857142857142857,0.30849263350006023,0.7640692640692641,31,2,10,4,AND_Logistic_ExtraTrees_Prob,Logistic>=0.79 AND ExtraTrees_Prob>=0.36
0.4,0.7446808510638298,0.6666666666666666,0.2857142857142857,0.30849263350006023,0.7662337662337662,31,2,10,4,AND_Logistic_SVC_RBF_Prob,Logistic>=0.04 AND SVC_RBF_Prob>=0.32
0.4,0.7446808510638298,0.6666666666666666,0.2857142857142857,0.30849263350006023,0.7662337662337662,31,2,10,4,AND_Logistic_SVC_RBF_Prob,Logistic>=0.59 AND SVC_RBF_Prob>=0.31
0.4,0.7446808510638298,0.6666666666666666,0.2857142857142857,0.30849263350006023,0.7662337662337662,31,2,10,4,AND_Logistic_SVC_RBF_Prob,Logistic>=0.85 AND SVC_RBF_Prob>=0.30
0.4,0.7446808510638298,0.6666666666666666,0.2857142857142857,0.30849263350006023,0.7705627705627706,31,2,10,4,AND_Logistic_GB_Accuracy_Prob,Logistic>=0.85 AND GB_Accuracy_Prob>=0.28
0.4,0.7446808510638298,0.6666666666666666,0.2857142857142857,0.30849263350006023,0.7424242424242424,31,2,10,4,WeightedAverage,"weights={'GB_Accuracy_Prob': 0, 'Logistic_Prob': 0, 'RandomForest_Prob': 1, 'ExtraTrees_Prob': 0, 'SVC_RBF_Prob': 2}, threshold=0.34"
0.4,0.7446808510638298,0.6666666666666666,0.2857142857142857,0.30849263350006023,0.777056277056277,31,2,10,4,WeightedAverage,"weights={'GB_Accuracy_Prob': 0, 'Logistic_Prob': 1, 'RandomForest_Prob': 0, 'ExtraTrees_Prob': 0, 'SVC_RBF_Prob': 2}, threshold=0.53"
0.4,0.7446808510638298,0.6666666666666666,0.2857142857142857,0.30849263350006023,0.7922077922077922,31,2,10,4,WeightedAverage,"weights={'GB_Accuracy_Prob': 1, 'Logistic_Prob': 0, 'RandomForest_Prob': 2, 'ExtraTrees_Prob': 0, 'SVC_RBF_Prob': 0}, threshold=0.46"
0.4,0.6808510638297872,0.45454545454545453,0.35714285714285715,0.1893722931352946,0.7640692640692641,27,6,9,5,AND_Logistic_RandomForest_Prob,Logistic>=0.28 AND RandomForest_Prob>=0.29
0.4,0.6808510638297872,0.45454545454545453,0.35714285714285715,0.1893722931352946,0.7640692640692641,27,6,9,5,AND_Logistic_ExtraTrees_Prob,Logistic>=0.60 AND ExtraTrees_Prob>=0.26
0.4,0.6808510638297872,0.45454545454545453,0.35714285714285715,0.1893722931352946,0.7662337662337662,27,6,9,5,OR_Logistic_SVC_RBF_Prob,Logistic>=0.85 OR SVC_RBF_Prob>=0.34
0.4,0.6808510638297872,0.45454545454545453,0.35714285714285715,0.1893722931352946,0.6753246753246753,27,6,9,5,WeightedAverage,"weights={'GB_Accuracy_Prob': 0, 'Logistic_Prob': 0, 'RandomForest_Prob': 1, 'ExtraTrees_Prob': 2, 'SVC_RBF_Prob': 0}, threshold=0.35"
0.39999999999999997,0.6170212765957447,0.375,0.42857142857142855,0.12116192578882784,0.6796536796536796,23,10,8,6,WeightedAverage,"weights={'GB_Accuracy_Prob': 0, 'Logistic_Prob': 0, 'RandomForest_Prob': 1, 'ExtraTrees_Prob': 1, 'SVC_RBF_Prob': 0}, threshold=0.32"
0.3846153846153846,0.6595744680851063,0.4166666666666667,0.35714285714285715,0.15209998447489212,0.7640692640692641,26,7,9,5,AND_Logistic_ExtraTrees_Prob,Logistic>=0.59 AND ExtraTrees_Prob>=0.26
0.3846153846153846,0.6595744680851063,0.4166666666666667,0.35714285714285715,0.15209998447489212,0.6753246753246753,26,7,9,5,WeightedAverage,"weights={'GB_Accuracy_Prob': 0, 'Logistic_Prob': 0, 'RandomForest_Prob': 1, 'ExtraTrees_Prob': 2, 'SVC_RBF_Prob': 0}, threshold=0.34"
0.38095238095238093,0.723404255319149,0.5714285714285714,0.2857142857142857,0.2502318034804895,0.7023809523809524,30,3,10,4,RandomForest_Prob,RandomForest_Prob>=0.39
0.38095238095238093,0.723404255319149,0.5714285714285714,0.2857142857142857,0.2502318034804895,0.6753246753246753,30,3,10,4,ExtraTrees_Prob,ExtraTrees_Prob>=0.39
0.38095238095238093,0.723404255319149,0.5714285714285714,0.2857142857142857,0.2502318034804895,0.7294372294372294,30,3,10,4,SVC_RBF_Prob,SVC_RBF_Prob>=0.32
0.38095238095238093,0.723404255319149,0.5714285714285714,0.2857142857142857,0.2502318034804895,0.7640692640692641,30,3,10,4,AND_Logistic_RandomForest_Prob,Logistic>=0.09 AND RandomForest_Prob>=0.38
0.38095238095238093,0.723404255319149,0.5714285714285714,0.2857142857142857,0.2502318034804895,0.7640692640692641,30,3,10,4,AND_Logistic_RandomForest_Prob,Logistic>=0.79 AND RandomForest_Prob>=0.32
0.38095238095238093,0.723404255319149,0.5714285714285714,0.2857142857142857,0.2502318034804895,0.7662337662337662,30,3,10,4,AND_Logistic_SVC_RBF_Prob,Logistic>=0.85 AND SVC_RBF_Prob>=0.28
0.38095238095238093,0.723404255319149,0.5714285714285714,0.2857142857142857,0.2502318034804895,0.7705627705627706,30,3,10,4,AND_Logistic_GB_Accuracy_Prob,Logistic>=0.85 AND GB_Accuracy_Prob>=0.25
0.38095238095238093,0.723404255319149,0.5714285714285714,0.2857142857142857,0.2502318034804895,0.7857142857142857,30,3,10,4,WeightedAverage,"weights={'GB_Accuracy_Prob': 1, 'Logistic_Prob': 1, 'RandomForest_Prob': 3, 'ExtraTrees_Prob': 0, 'SVC_RBF_Prob': 0}, threshold=0.51"
0.38095238095238093,0.723404255319149,0.5714285714285714,0.2857142857142857,0.2502318034804895,0.7705627705627707,30,3,10,4,WeightedAverage,"weights={'GB_Accuracy_Prob': 1, 'Logistic_Prob': 3, 'RandomForest_Prob': 0, 'ExtraTrees_Prob': 1, 'SVC_RBF_Prob': 0}, threshold=0.73"
0.36363636363636365,0.7021276595744681,0.5,0.2857142857142857,0.20017752139298778,0.777056277056277,29,4,10,4,Logistic_Prob,Logistic_Prob>=0.85
0.36363636363636365,0.7021276595744681,0.5,0.2857142857142857,0.20017752139298778,0.7640692640692641,29,4,10,4,AND_Logistic_RandomForest_Prob,Logistic>=0.07 AND RandomForest_Prob>=0.38
0.36363636363636365,0.7021276595744681,0.5,0.2857142857142857,0.20017752139298778,0.7640692640692641,29,4,10,4,AND_Logistic_RandomForest_Prob,Logistic>=0.28 AND RandomForest_Prob>=0.33
0.36363636363636365,0.7021276595744681,0.5,0.2857142857142857,0.20017752139298778,0.7640692640692641,29,4,10,4,AND_Logistic_RandomForest_Prob,Logistic>=0.79 AND RandomForest_Prob>=0.28
0.36363636363636365,0.7021276595744681,0.5,0.2857142857142857,0.20017752139298778,0.7640692640692641,29,4,10,4,AND_Logistic_ExtraTrees_Prob,Logistic>=0.79 AND ExtraTrees_Prob>=0.32
0.36363636363636365,0.7021276595744681,0.5,0.2857142857142857,0.20017752139298778,0.7640692640692641,29,4,10,4,OR_Logistic_ExtraTrees_Prob,Logistic>=0.95 OR ExtraTrees_Prob>=0.45
0.36363636363636365,0.7021276595744681,0.5,0.2857142857142857,0.20017752139298778,0.7705627705627706,29,4,10,4,OR_Logistic_GB_Accuracy_Prob,Logistic>=0.95 OR GB_Accuracy_Prob>=0.75
0.36363636363636365,0.7021276595744681,0.5,0.2857142857142857,0.20017752139298778,0.7424242424242424,29,4,10,4,WeightedAverage,"weights={'GB_Accuracy_Prob': 0, 'Logistic_Prob': 1, 'RandomForest_Prob': 0, 'ExtraTrees_Prob': 2, 'SVC_RBF_Prob': 2}, threshold=0.44"
0.35294117647058826,0.7659574468085106,1.0,0.21428571428571427,0.4008918628686366,0.79004329004329,33,0,11,3,GB_Accuracy_Prob,GB_Accuracy_Prob>=0.80
0.35294117647058826,0.7659574468085106,1.0,0.21428571428571427,0.4008918628686366,0.7943722943722944,33,0,11,3,WeightedAverage,"weights={'GB_Accuracy_Prob': 1, 'Logistic_Prob': 0, 'RandomForest_Prob': 0, 'ExtraTrees_Prob': 0, 'SVC_RBF_Prob': 2}, threshold=0.48"
0.35294117647058826,0.7659574468085106,1.0,0.21428571428571427,0.4008918628686366,0.7857142857142857,33,0,11,3,WeightedAverage,"weights={'GB_Accuracy_Prob': 1, 'Logistic_Prob': 0, 'RandomForest_Prob': 0, 'ExtraTrees_Prob': 1, 'SVC_RBF_Prob': 3}, threshold=0.42"
0.35294117647058826,0.7659574468085106,1.0,0.21428571428571427,0.4008918628686366,0.8051948051948051,33,0,11,3,WeightedAverage,"weights={'GB_Accuracy_Prob': 1, 'Logistic_Prob': 0, 'RandomForest_Prob': 1, 'ExtraTrees_Prob': 0, 'SVC_RBF_Prob': 0}, threshold=0.55"
0.35294117647058826,0.7659574468085106,1.0,0.21428571428571427,0.4008918628686366,0.8051948051948051,33,0,11,3,WeightedAverage,"weights={'GB_Accuracy_Prob': 2, 'Logistic_Prob': 0, 'RandomForest_Prob': 0, 'ExtraTrees_Prob': 1, 'SVC_RBF_Prob': 0}, threshold=0.64"
0.34782608695652173,0.6808510638297872,0.4444444444444444,0.2857142857142857,0.15597595331559458,0.7640692640692641,28,5,10,4,AND_Logistic_ExtraTrees_Prob,Logistic>=0.79 AND ExtraTrees_Prob>=0.26
0.3333333333333333,0.7446808510638298,0.75,0.21428571428571427,0.3015322125810123,0.6753246753246753,32,1,11,3,ExtraTrees_Prob,ExtraTrees_Prob>=0.45
0.3333333333333333,0.7446808510638298,0.75,0.21428571428571427,0.3015322125810123,0.7640692640692641,32,1,11,3,AND_Logistic_ExtraTrees_Prob,Logistic>=0.07 AND ExtraTrees_Prob>=0.41
0.3333333333333333,0.7446808510638298,0.75,0.21428571428571427,0.3015322125810123,0.7662337662337662,32,1,11,3,AND_Logistic_SVC_RBF_Prob,Logistic>=0.59 AND SVC_RBF_Prob>=0.32
0.3333333333333333,0.7446808510638298,0.75,0.21428571428571427,0.3015322125810123,0.7705627705627706,32,1,11,3,AND_Logistic_GB_Accuracy_Prob,Logistic>=0.85 AND GB_Accuracy_Prob>=0.54
0.3333333333333333,0.7446808510638298,0.75,0.21428571428571427,0.3015322125810123,0.777056277056277,32,1,11,3,WeightedAverage,"weights={'GB_Accuracy_Prob': 1, 'Logistic_Prob': 0, 'RandomForest_Prob': 0, 'ExtraTrees_Prob': 2, 'SVC_RBF_Prob': 0}, threshold=0.49"
0.3333333333333333,0.7446808510638298,0.75,0.21428571428571427,0.3015322125810123,0.7857142857142857,32,1,11,3,WeightedAverage,"weights={'GB_Accuracy_Prob': 1, 'Logistic_Prob': 0, 'RandomForest_Prob': 1, 'ExtraTrees_Prob': 1, 'SVC_RBF_Prob': 0}, threshold=0.48"
0.3333333333333333,0.7446808510638298,0.75,0.21428571428571427,0.3015322125810123,0.7857142857142857,32,1,11,3,WeightedAverage,"weights={'GB_Accuracy_Prob': 1, 'Logistic_Prob': 0, 'RandomForest_Prob': 1, 'ExtraTrees_Prob': 1, 'SVC_RBF_Prob': 2}, threshold=0.42"
0.3333333333333333,0.7446808510638298,0.75,0.21428571428571427,0.3015322125810123,0.7813852813852813,32,1,11,3,WeightedAverage,"weights={'GB_Accuracy_Prob': 1, 'Logistic_Prob': 1, 'RandomForest_Prob': 0, 'ExtraTrees_Prob': 1, 'SVC_RBF_Prob': 2}, threshold=0.52"
0.3333333333333333,0.7446808510638298,0.75,0.21428571428571427,0.3015322125810123,0.7792207792207791,32,1,11,3,WeightedAverage,"weights={'GB_Accuracy_Prob': 1, 'Logistic_Prob': 1, 'RandomForest_Prob': 0, 'ExtraTrees_Prob': 2, 'SVC_RBF_Prob': 0}, threshold=0.59"
0.3157894736842105,0.723404255319149,0.6,0.21428571428571427,0.2279437630232866,0.7640692640692641,31,2,11,3,AND_Logistic_ExtraTrees_Prob,Logistic>=0.07 AND ExtraTrees_Prob>=0.39
0.3157894736842105,0.723404255319149,0.6,0.21428571428571427,0.2279437630232866,0.7662337662337662,31,2,11,3,AND_Logistic_SVC_RBF_Prob,Logistic>=0.79 AND SVC_RBF_Prob>=0.31
0.3157894736842105,0.723404255319149,0.6,0.21428571428571427,0.2279437630232866,0.751082251082251,31,2,11,3,WeightedAverage,"weights={'GB_Accuracy_Prob': 0, 'Logistic_Prob': 1, 'RandomForest_Prob': 0, 'ExtraTrees_Prob': 1, 'SVC_RBF_Prob': 3}, threshold=0.45"
0.3157894736842105,0.723404255319149,0.6,0.21428571428571427,0.2279437630232866,0.777056277056277,31,2,11,3,WeightedAverage,"weights={'GB_Accuracy_Prob': 1, 'Logistic_Prob': 0, 'RandomForest_Prob': 3, 'ExtraTrees_Prob': 1, 'SVC_RBF_Prob': 0}, threshold=0.43"
0.3157894736842105,0.723404255319149,0.6,0.21428571428571427,0.2279437630232866,0.7835497835497836,31,2,11,3,WeightedAverage,"weights={'GB_Accuracy_Prob': 1, 'Logistic_Prob': 1, 'RandomForest_Prob': 2, 'ExtraTrees_Prob': 0, 'SVC_RBF_Prob': 0}, threshold=0.59"
0.3157894736842105,0.723404255319149,0.6,0.21428571428571427,0.2279437630232866,0.7727272727272727,31,2,11,3,WeightedAverage,"weights={'GB_Accuracy_Prob': 1, 'Logistic_Prob': 3, 'RandomForest_Prob': 1, 'ExtraTrees_Prob': 0, 'SVC_RBF_Prob': 2}, threshold=0.65"
0.3,0.7021276595744681,0.5,0.21428571428571427,0.16907769336060993,0.7640692640692641,30,3,11,3,AND_Logistic_RandomForest_Prob,Logistic>=0.07 AND RandomForest_Prob>=0.39
0.3,0.7021276595744681,0.5,0.21428571428571427,0.16907769336060993,0.7640692640692641,30,3,11,3,AND_Logistic_RandomForest_Prob,Logistic>=0.79 AND RandomForest_Prob>=0.33
0.3,0.7021276595744681,0.5,0.21428571428571427,0.16907769336060993,0.7640692640692641,30,3,11,3,AND_Logistic_RandomForest_Prob,Logistic>=0.85 AND RandomForest_Prob>=0.32
0.3,0.7021276595744681,0.5,0.21428571428571427,0.16907769336060993,0.7662337662337662,30,3,11,3,WeightedAverage,"weights={'GB_Accuracy_Prob': 0, 'Logistic_Prob': 1, 'RandomForest_Prob': 0, 'ExtraTrees_Prob': 0, 'SVC_RBF_Prob': 1}, threshold=0.64"
0.3,0.7021276595744681,0.5,0.21428571428571427,0.16907769336060993,0.7640692640692641,30,3,11,3,WeightedAverage,"weights={'GB_Accuracy_Prob': 0, 'Logistic_Prob': 1, 'RandomForest_Prob': 0, 'ExtraTrees_Prob': 1, 'SVC_RBF_Prob': 0}, threshold=0.67"
0.2857142857142857,0.6808510638297872,0.42857142857142855,0.21428571428571427,0.11955519499623389,0.7640692640692641,29,4,11,3,AND_Logistic_RandomForest_Prob,Logistic>=0.85 AND RandomForest_Prob>=0.24
0.2857142857142857,0.6808510638297872,0.42857142857142855,0.21428571428571427,0.11955519499623389,0.7640692640692641,29,4,11,3,OR_Logistic_ExtraTrees_Prob,Logistic>=0.95 OR ExtraTrees_Prob>=0.47
0.2857142857142857,0.6808510638297872,0.42857142857142855,0.21428571428571427,0.11955519499623389,0.7705627705627706,29,4,11,3,OR_Logistic_GB_Accuracy_Prob,Logistic>=0.95 OR GB_Accuracy_Prob>=0.80
0.2857142857142857,0.6808510638297872,0.42857142857142855,0.21428571428571427,0.11955519499623389,0.7640692640692641,29,4,11,3,WeightedAverage,"weights={'GB_Accuracy_Prob': 0, 'Logistic_Prob': 1, 'RandomForest_Prob': 0, 'ExtraTrees_Prob': 1, 'SVC_RBF_Prob': 0}, threshold=0.63"
0.2608695652173913,0.6382978723404256,0.3333333333333333,0.21428571428571427,0.03773611773764385,0.7662337662337662,27,6,11,3,OR_Logistic_SVC_RBF_Prob,Logistic>=0.95 OR SVC_RBF_Prob>=0.34
0.25,0.7446808510638298,1.0,0.14285714285714285,0.3236694374850748,0.79004329004329,33,0,12,2,GB_Accuracy_Prob,GB_Accuracy_Prob>=0.83
0.25,0.7446808510638298,1.0,0.14285714285714285,0.3236694374850748,0.7705627705627706,33,0,12,2,AND_Logistic_GB_Accuracy_Prob,Logistic>=0.95 AND GB_Accuracy_Prob>=0.60
0.25,0.7446808510638298,1.0,0.14285714285714285,0.3236694374850748,0.7857142857142857,33,0,12,2,WeightedAverage,"weights={'GB_Accuracy_Prob': 1, 'Logistic_Prob': 0, 'RandomForest_Prob': 1, 'ExtraTrees_Prob': 1, 'SVC_RBF_Prob': 0}, threshold=0.51"
0.23529411764705882,0.723404255319149,0.6666666666666666,0.14285714285714285,0.21056946332494045,0.7023809523809524,32,1,12,2,RandomForest_Prob,RandomForest_Prob>=0.42
0.23529411764705882,0.723404255319149,0.6666666666666666,0.14285714285714285,0.21056946332494045,0.6753246753246753,32,1,12,2,ExtraTrees_Prob,ExtraTrees_Prob>=0.47
0.23529411764705882,0.723404255319149,0.6666666666666666,0.14285714285714285,0.21056946332494045,0.7662337662337662,32,1,12,2,AND_Logistic_SVC_RBF_Prob,Logistic>=0.79 AND SVC_RBF_Prob>=0.32
0.23529411764705882,0.723404255319149,0.6666666666666666,0.14285714285714285,0.21056946332494045,0.7705627705627706,32,1,12,2,AND_Logistic_GB_Accuracy_Prob,Logistic>=0.95 AND GB_Accuracy_Prob>=0.31
0.23529411764705882,0.723404255319149,0.6666666666666666,0.14285714285714285,0.21056946332494045,0.777056277056277,32,1,12,2,WeightedAverage,"weights={'GB_Accuracy_Prob': 1, 'Logistic_Prob': 0, 'RandomForest_Prob': 0, 'ExtraTrees_Prob': 2, 'SVC_RBF_Prob': 0}, threshold=0.50"
0.23529411764705882,0.723404255319149,0.6666666666666666,0.14285714285714285,0.21056946332494045,0.7792207792207793,32,1,12,2,WeightedAverage,"weights={'GB_Accuracy_Prob': 1, 'Logistic_Prob': 1, 'RandomForest_Prob': 0, 'ExtraTrees_Prob': 1, 'SVC_RBF_Prob': 3}, threshold=0.50"
0.22222222222222224,0.7021276595744681,0.5,0.14285714285714285,0.13480263621268787,0.7023809523809524,31,2,12,2,RandomForest_Prob,RandomForest_Prob>=0.41
0.22222222222222224,0.7021276595744681,0.5,0.14285714285714285,0.13480263621268787,0.7662337662337662,31,2,12,2,AND_Logistic_SVC_RBF_Prob,Logistic>=0.85 AND SVC_RBF_Prob>=0.31
0.22222222222222224,0.7021276595744681,0.5,0.14285714285714285,0.13480263621268787,0.7662337662337662,31,2,12,2,AND_Logistic_SVC_RBF_Prob,Logistic>=0.95 AND SVC_RBF_Prob>=0.30
0.22222222222222224,0.7021276595744681,0.5,0.14285714285714285,0.13480263621268787,0.7705627705627706,31,2,12,2,AND_Logistic_GB_Accuracy_Prob,Logistic>=0.95 AND GB_Accuracy_Prob>=0.28
0.22222222222222224,0.7021276595744681,0.5,0.14285714285714285,0.13480263621268787,0.7640692640692641,31,2,12,2,WeightedAverage,"weights={'GB_Accuracy_Prob': 0, 'Logistic_Prob': 1, 'RandomForest_Prob': 0, 'ExtraTrees_Prob': 1, 'SVC_RBF_Prob': 0}, threshold=0.70"
0.22222222222222224,0.7021276595744681,0.5,0.14285714285714285,0.13480263621268787,0.761904761904762,31,2,12,2,WeightedAverage,"weights={'GB_Accuracy_Prob': 0, 'Logistic_Prob': 1, 'RandomForest_Prob': 1, 'ExtraTrees_Prob': 0, 'SVC_RBF_Prob': 2}, threshold=0.50"
0.21052631578947364,0.6808510638297872,0.4,0.14285714285714285,0.07705141285294195,0.7640692640692641,30,3,12,2,AND_Logistic_RandomForest_Prob,Logistic>=0.79 AND RandomForest_Prob>=0.39
0.21052631578947364,0.6808510638297872,0.4,0.14285714285714285,0.07705141285294195,0.7640692640692641,30,3,12,2,AND_Logistic_RandomForest_Prob,Logistic>=0.95 AND RandomForest_Prob>=0.32
0.21052631578947364,0.6808510638297872,0.4,0.14285714285714285,0.07705141285294195,0.7662337662337662,30,3,12,2,AND_Logistic_SVC_RBF_Prob,Logistic>=0.95 AND SVC_RBF_Prob>=0.28
0.21052631578947364,0.6808510638297872,0.4,0.14285714285714285,0.07705141285294195,0.7705627705627706,30,3,12,2,AND_Logistic_GB_Accuracy_Prob,Logistic>=0.95 AND GB_Accuracy_Prob>=0.25
0.21052631578947364,0.6808510638297872,0.4,0.14285714285714285,0.07705141285294195,0.7705627705627706,30,3,12,2,WeightedAverage,"weights={'GB_Accuracy_Prob': 0, 'Logistic_Prob': 2, 'RandomForest_Prob': 0, 'ExtraTrees_Prob': 1, 'SVC_RBF_Prob': 0}, threshold=0.77"
0.2,0.6595744680851063,0.3333333333333333,0.14285714285714285,0.029662753221159636,0.777056277056277,29,4,12,2,Logistic_Prob,Logistic_Prob>=0.95
0.2,0.6595744680851063,0.3333333333333333,0.14285714285714285,0.029662753221159636,0.7640692640692641,29,4,12,2,AND_Logistic_ExtraTrees_Prob,Logistic>=0.85 AND ExtraTrees_Prob>=0.26
0.13333333333333333,0.723404255319149,1.0,0.07142857142857142,0.22636748005145246,0.79004329004329,33,0,13,1,GB_Accuracy_Prob,GB_Accuracy_Prob>=0.85
0.13333333333333333,0.723404255319149,1.0,0.07142857142857142,0.22636748005145246,0.7965367965367965,33,0,13,1,WeightedAverage,"weights={'GB_Accuracy_Prob': 1, 'Logistic_Prob': 0, 'RandomForest_Prob': 0, 'ExtraTrees_Prob': 1, 'SVC_RBF_Prob': 0}, threshold=0.59"
0.125,0.7021276595744681,0.5,0.07142857142857142,0.09317756533661245,0.7023809523809524,32,1,13,1,RandomForest_Prob,RandomForest_Prob>=0.46
0.125,0.7021276595744681,0.5,0.07142857142857142,0.09317756533661245,0.6753246753246753,32,1,13,1,ExtraTrees_Prob,ExtraTrees_Prob>=0.51
0.125,0.7021276595744681,0.5,0.07142857142857142,0.09317756533661245,0.7662337662337662,32,1,13,1,AND_Logistic_SVC_RBF_Prob,Logistic>=0.85 AND SVC_RBF_Prob>=0.32
0.11764705882352941,0.6808510638297872,0.3333333333333333,0.07142857142857142,0.020247063781244273,0.7640692640692641,31,2,13,1,AND_Logistic_RandomForest_Prob,Logistic>=0.95 AND RandomForest_Prob>=0.41
0.11764705882352941,0.6808510638297872,0.3333333333333333,0.07142857142857142,0.020247063781244273,0.7662337662337662,31,2,13,1,AND_Logistic_SVC_RBF_Prob,Logistic>=0.04 AND SVC_RBF_Prob>=0.34
0.11764705882352941,0.6808510638297872,0.3333333333333333,0.07142857142857142,0.020247063781244273,0.7662337662337663,31,2,13,1,WeightedAverage,"weights={'GB_Accuracy_Prob': 0, 'Logistic_Prob': 2, 'RandomForest_Prob': 0, 'ExtraTrees_Prob': 0, 'SVC_RBF_Prob': 1}, threshold=0.76"
0.11111111111111112,0.6595744680851063,0.25,0.07142857142857142,-0.0319269401556366,0.7294372294372294,30,3,13,1,SVC_RBF_Prob,SVC_RBF_Prob>=0.34
0.11111111111111112,0.6595744680851063,0.25,0.07142857142857142,-0.0319269401556366,0.7640692640692641,30,3,13,1,AND_Logistic_RandomForest_Prob,Logistic>=0.95 AND RandomForest_Prob>=0.33
0.11111111111111112,0.6595744680851063,0.25,0.07142857142857142,-0.0319269401556366,0.7575757575757576,30,3,13,1,WeightedAverage,"weights={'GB_Accuracy_Prob': 0, 'Logistic_Prob': 3, 'RandomForest_Prob': 0, 'ExtraTrees_Prob': 1, 'SVC_RBF_Prob': 0}, threshold=0.83"
0.10526315789473682,0.6382978723404256,0.2,0.07142857142857142,-0.0738409373174027,0.7640692640692641,29,4,13,1,AND_Logistic_ExtraTrees_Prob,Logistic>=0.95 AND ExtraTrees_Prob>=0.26
0.0,0.7021276595744681,0.0,0.0,0.0,0.79004329004329,33,0,14,0,GB_Accuracy_Prob,GB_Accuracy_Prob>=0.91
0.0,0.6808510638297872,0.0,0.0,-0.0960346885066768,0.7023809523809524,32,1,14,0,RandomForest_Prob,RandomForest_Prob>=0.53
0.0,0.6595744680851063,0.0,0.0,-0.13731430681184992,0.7662337662337662,31,2,14,0,AND_Logistic_SVC_RBF_Prob,Logistic>=0.95 AND SVC_RBF_Prob>=0.31
