model,threshold,Accuracy,Precision,Recall,F1,MCC,AUC,TN,FP,FN,TP
LogisticRegression,0.01,0.5531914893617021,0.3870967741935484,0.8571428571428571,0.5333333333333333,0.2715698336646141,0.777056277056277,14,19,2,12
LogisticRegression,0.02,0.574468085106383,0.4,0.8571428571428571,0.5454545454545454,0.2966582402960068,0.777056277056277,15,18,2,12
LogisticRegression,0.03,0.6382978723404256,0.4444444444444444,0.8571428571428571,0.5853658536585366,0.37238748458083104,0.777056277056277,18,15,2,12
LogisticRegression,0.04,0.7021276595744681,0.5,0.8571428571428571,0.631578947368421,0.4514860336956696,0.777056277056277,21,12,2,12
LogisticRegression,0.05,0.7021276595744681,0.5,0.8571428571428571,0.631578947368421,0.4514860336956696,0.777056277056277,21,12,2,12
LogisticRegression,0.06,0.723404255319149,0.5217391304347826,0.8571428571428571,0.6486486486486487,0.47920886032610543,0.777056277056277,22,11,2,12
LogisticRegression,0.07,0.7021276595744681,0.5,0.7857142857142857,0.6111111111111112,0.4146139914483855,0.777056277056277,22,11,3,11
LogisticRegression,0.08,0.7021276595744681,0.5,0.7857142857142857,0.6111111111111112,0.4146139914483855,0.777056277056277,22,11,3,11
LogisticRegression,0.09,0.7446808510638298,0.55,0.7857142857142857,0.6470588235294118,0.4744937303529944,0.777056277056277,24,9,3,11
LogisticRegression,0.1,0.7446808510638298,0.55,0.7857142857142857,0.6470588235294118,0.4744937303529944,0.777056277056277,24,9,3,11
LogisticRegression,0.11,0.7446808510638298,0.55,0.7857142857142857,0.6470588235294118,0.4744937303529944,0.777056277056277,24,9,3,11
LogisticRegression,0.12,0.7446808510638298,0.55,0.7857142857142857,0.6470588235294118,0.4744937303529944,0.777056277056277,24,9,3,11
LogisticRegression,0.13,0.7446808510638298,0.5555555555555556,0.7142857142857143,0.625,0.44391544374897823,0.777056277056277,25,8,4,10
LogisticRegression,0.14,0.7446808510638298,0.5555555555555556,0.7142857142857143,0.625,0.44391544374897823,0.777056277056277,25,8,4,10
LogisticRegression,0.15,0.7446808510638298,0.5555555555555556,0.7142857142857143,0.625,0.44391544374897823,0.777056277056277,25,8,4,10
LogisticRegression,0.16,0.7659574468085106,0.5882352941176471,0.7142857142857143,0.6451612903225806,0.4779493871435665,0.777056277056277,26,7,4,10
LogisticRegression,0.17,0.7659574468085106,0.5882352941176471,0.7142857142857143,0.6451612903225806,0.4779493871435665,0.777056277056277,26,7,4,10
LogisticRegression,0.18,0.7659574468085106,0.5882352941176471,0.7142857142857143,0.6451612903225806,0.4779493871435665,0.777056277056277,26,7,4,10
LogisticRegression,0.19,0.7659574468085106,0.5882352941176471,0.7142857142857143,0.6451612903225806,0.4779493871435665,0.777056277056277,26,7,4,10
LogisticRegression,0.2,0.7659574468085106,0.5882352941176471,0.7142857142857143,0.6451612903225806,0.4779493871435665,0.777056277056277,26,7,4,10
LogisticRegression,0.21,0.7659574468085106,0.5882352941176471,0.7142857142857143,0.6451612903225806,0.4779493871435665,0.777056277056277,26,7,4,10
LogisticRegression,0.22,0.7446808510638298,0.5625,0.6428571428571429,0.6,0.4157107453789093,0.777056277056277,26,7,5,9
LogisticRegression,0.23,0.7446808510638298,0.5625,0.6428571428571429,0.6,0.4157107453789093,0.777056277056277,26,7,5,9
LogisticRegression,0.24,0.7446808510638298,0.5625,0.6428571428571429,0.6,0.4157107453789093,0.777056277056277,26,7,5,9
LogisticRegression,0.25,0.7446808510638298,0.5625,0.6428571428571429,0.6,0.4157107453789093,0.777056277056277,26,7,5,9
LogisticRegression,0.26,0.7446808510638298,0.5625,0.6428571428571429,0.6,0.4157107453789093,0.777056277056277,26,7,5,9
LogisticRegression,0.27,0.7446808510638298,0.5625,0.6428571428571429,0.6,0.4157107453789093,0.777056277056277,26,7,5,9
LogisticRegression,0.28,0.723404255319149,0.5333333333333333,0.5714285714285714,0.5517241379310345,0.352505974077691,0.777056277056277,26,7,6,8
LogisticRegression,0.29,0.723404255319149,0.5333333333333333,0.5714285714285714,0.5517241379310345,0.352505974077691,0.777056277056277,26,7,6,8
LogisticRegression,0.3,0.723404255319149,0.5333333333333333,0.5714285714285714,0.5517241379310345,0.352505974077691,0.777056277056277,26,7,6,8
LogisticRegression,0.31,0.723404255319149,0.5333333333333333,0.5714285714285714,0.5517241379310345,0.352505974077691,0.777056277056277,26,7,6,8
LogisticRegression,0.32,0.723404255319149,0.5333333333333333,0.5714285714285714,0.5517241379310345,0.352505974077691,0.777056277056277,26,7,6,8
LogisticRegression,0.33,0.723404255319149,0.5333333333333333,0.5714285714285714,0.5517241379310345,0.352505974077691,0.777056277056277,26,7,6,8
LogisticRegression,0.34,0.723404255319149,0.5333333333333333,0.5714285714285714,0.5517241379310345,0.352505974077691,0.777056277056277,26,7,6,8
LogisticRegression,0.35000000000000003,0.723404255319149,0.5333333333333333,0.5714285714285714,0.5517241379310345,0.352505974077691,0.777056277056277,26,7,6,8
LogisticRegression,0.36,0.723404255319149,0.5333333333333333,0.5714285714285714,0.5517241379310345,0.352505974077691,0.777056277056277,26,7,6,8
LogisticRegression,0.37,0.723404255319149,0.5333333333333333,0.5714285714285714,0.5517241379310345,0.352505974077691,0.777056277056277,26,7,6,8
LogisticRegression,0.38,0.723404255319149,0.5333333333333333,0.5714285714285714,0.5517241379310345,0.352505974077691,0.777056277056277,26,7,6,8
LogisticRegression,0.39,0.723404255319149,0.5333333333333333,0.5714285714285714,0.5517241379310345,0.352505974077691,0.777056277056277,26,7,6,8
LogisticRegression,0.4,0.723404255319149,0.5333333333333333,0.5714285714285714,0.5517241379310345,0.352505974077691,0.777056277056277,26,7,6,8
LogisticRegression,0.41000000000000003,0.723404255319149,0.5333333333333333,0.5714285714285714,0.5517241379310345,0.352505974077691,0.777056277056277,26,7,6,8
LogisticRegression,0.42,0.723404255319149,0.5333333333333333,0.5714285714285714,0.5517241379310345,0.352505974077691,0.777056277056277,26,7,6,8
LogisticRegression,0.43,0.723404255319149,0.5333333333333333,0.5714285714285714,0.5517241379310345,0.352505974077691,0.777056277056277,26,7,6,8
LogisticRegression,0.44,0.723404255319149,0.5333333333333333,0.5714285714285714,0.5517241379310345,0.352505974077691,0.777056277056277,26,7,6,8
LogisticRegression,0.45,0.723404255319149,0.5333333333333333,0.5714285714285714,0.5517241379310345,0.352505974077691,0.777056277056277,26,7,6,8
LogisticRegression,0.46,0.723404255319149,0.5333333333333333,0.5714285714285714,0.5517241379310345,0.352505974077691,0.777056277056277,26,7,6,8
LogisticRegression,0.47000000000000003,0.723404255319149,0.5333333333333333,0.5714285714285714,0.5517241379310345,0.352505974077691,0.777056277056277,26,7,6,8
LogisticRegression,0.48,0.723404255319149,0.5333333333333333,0.5714285714285714,0.5517241379310345,0.352505974077691,0.777056277056277,26,7,6,8
LogisticRegression,0.49,0.723404255319149,0.5333333333333333,0.5714285714285714,0.5517241379310345,0.352505974077691,0.777056277056277,26,7,6,8
LogisticRegression,0.5,0.723404255319149,0.5333333333333333,0.5714285714285714,0.5517241379310345,0.352505974077691,0.777056277056277,26,7,6,8
LogisticRegression,0.51,0.723404255319149,0.5333333333333333,0.5714285714285714,0.5517241379310345,0.352505974077691,0.777056277056277,26,7,6,8
LogisticRegression,0.52,0.723404255319149,0.5333333333333333,0.5714285714285714,0.5517241379310345,0.352505974077691,0.777056277056277,26,7,6,8
LogisticRegression,0.53,0.723404255319149,0.5333333333333333,0.5714285714285714,0.5517241379310345,0.352505974077691,0.777056277056277,26,7,6,8
LogisticRegression,0.54,0.723404255319149,0.5333333333333333,0.5714285714285714,0.5517241379310345,0.352505974077691,0.777056277056277,26,7,6,8
LogisticRegression,0.55,0.723404255319149,0.5333333333333333,0.5714285714285714,0.5517241379310345,0.352505974077691,0.777056277056277,26,7,6,8
LogisticRegression,0.56,0.723404255319149,0.5333333333333333,0.5714285714285714,0.5517241379310345,0.352505974077691,0.777056277056277,26,7,6,8
LogisticRegression,0.5700000000000001,0.723404255319149,0.5333333333333333,0.5714285714285714,0.5517241379310345,0.352505974077691,0.777056277056277,26,7,6,8
LogisticRegression,0.58,0.723404255319149,0.5333333333333333,0.5714285714285714,0.5517241379310345,0.352505974077691,0.777056277056277,26,7,6,8
LogisticRegression,0.59,0.7021276595744681,0.5,0.5,0.5,0.2878787878787879,0.777056277056277,26,7,7,7
LogisticRegression,0.6,0.723404255319149,0.5384615384615384,0.5,0.5185185185185185,0.32530086064795,0.777056277056277,27,6,7,7
LogisticRegression,0.61,0.723404255319149,0.5384615384615384,0.5,0.5185185185185185,0.32530086064795,0.777056277056277,27,6,7,7
LogisticRegression,0.62,0.723404255319149,0.5384615384615384,0.5,0.5185185185185185,0.32530086064795,0.777056277056277,27,6,7,7
LogisticRegression,0.63,0.7446808510638298,0.5833333333333334,0.5,0.5384615384615384,0.3654939925441437,0.777056277056277,28,5,7,7
LogisticRegression,0.64,0.7446808510638298,0.5833333333333334,0.5,0.5384615384615384,0.3654939925441437,0.777056277056277,28,5,7,7
LogisticRegression,0.65,0.7446808510638298,0.5833333333333334,0.5,0.5384615384615384,0.3654939925441437,0.777056277056277,28,5,7,7
LogisticRegression,0.66,0.7446808510638298,0.5833333333333334,0.5,0.5384615384615384,0.3654939925441437,0.777056277056277,28,5,7,7
LogisticRegression,0.67,0.7446808510638298,0.5833333333333334,0.5,0.5384615384615384,0.3654939925441437,0.777056277056277,28,5,7,7
LogisticRegression,0.68,0.7446808510638298,0.5833333333333334,0.5,0.5384615384615384,0.3654939925441437,0.777056277056277,28,5,7,7
LogisticRegression,0.6900000000000001,0.7446808510638298,0.5833333333333334,0.5,0.5384615384615384,0.3654939925441437,0.777056277056277,28,5,7,7
LogisticRegression,0.7000000000000001,0.7446808510638298,0.5833333333333334,0.5,0.5384615384615384,0.3654939925441437,0.777056277056277,28,5,7,7
LogisticRegression,0.71,0.7446808510638298,0.5833333333333334,0.5,0.5384615384615384,0.3654939925441437,0.777056277056277,28,5,7,7
LogisticRegression,0.72,0.7446808510638298,0.5833333333333334,0.5,0.5384615384615384,0.3654939925441437,0.777056277056277,28,5,7,7
LogisticRegression,0.73,0.7446808510638298,0.5833333333333334,0.5,0.5384615384615384,0.3654939925441437,0.777056277056277,28,5,7,7
LogisticRegression,0.74,0.7446808510638298,0.5833333333333334,0.5,0.5384615384615384,0.3654939925441437,0.777056277056277,28,5,7,7
LogisticRegression,0.75,0.7446808510638298,0.5833333333333334,0.5,0.5384615384615384,0.3654939925441437,0.777056277056277,28,5,7,7
LogisticRegression,0.76,0.7446808510638298,0.5833333333333334,0.5,0.5384615384615384,0.3654939925441437,0.777056277056277,28,5,7,7
LogisticRegression,0.77,0.7446808510638298,0.5833333333333334,0.5,0.5384615384615384,0.3654939925441437,0.777056277056277,28,5,7,7
LogisticRegression,0.78,0.7446808510638298,0.5833333333333334,0.5,0.5384615384615384,0.3654939925441437,0.777056277056277,28,5,7,7
LogisticRegression,0.79,0.723404255319149,0.5454545454545454,0.42857142857142855,0.48,0.2992549817446631,0.777056277056277,28,5,8,6
LogisticRegression,0.8,0.7446808510638298,0.6,0.42857142857142855,0.5,0.34345235180373707,0.777056277056277,29,4,8,6
LogisticRegression,0.81,0.7446808510638298,0.6,0.42857142857142855,0.5,0.34345235180373707,0.777056277056277,29,4,8,6
LogisticRegression,0.8200000000000001,0.7446808510638298,0.6,0.42857142857142855,0.5,0.34345235180373707,0.777056277056277,29,4,8,6
LogisticRegression,0.8300000000000001,0.7446808510638298,0.6,0.42857142857142855,0.5,0.34345235180373707,0.777056277056277,29,4,8,6
LogisticRegression,0.84,0.7446808510638298,0.6,0.42857142857142855,0.5,0.34345235180373707,0.777056277056277,29,4,8,6
LogisticRegression,0.85,0.7021276595744681,0.5,0.2857142857142857,0.36363636363636365,0.20017752139298778,0.777056277056277,29,4,10,4
LogisticRegression,0.86,0.7021276595744681,0.5,0.2857142857142857,0.36363636363636365,0.20017752139298778,0.777056277056277,29,4,10,4
LogisticRegression,0.87,0.7021276595744681,0.5,0.2857142857142857,0.36363636363636365,0.20017752139298778,0.777056277056277,29,4,10,4
LogisticRegression,0.88,0.7021276595744681,0.5,0.2857142857142857,0.36363636363636365,0.20017752139298778,0.777056277056277,29,4,10,4
LogisticRegression,0.89,0.7021276595744681,0.5,0.2857142857142857,0.36363636363636365,0.20017752139298778,0.777056277056277,29,4,10,4
LogisticRegression,0.9,0.7021276595744681,0.5,0.2857142857142857,0.36363636363636365,0.20017752139298778,0.777056277056277,29,4,10,4
LogisticRegression,0.91,0.7021276595744681,0.5,0.2857142857142857,0.36363636363636365,0.20017752139298778,0.777056277056277,29,4,10,4
LogisticRegression,0.92,0.7021276595744681,0.5,0.2857142857142857,0.36363636363636365,0.20017752139298778,0.777056277056277,29,4,10,4
LogisticRegression,0.93,0.7021276595744681,0.5,0.2857142857142857,0.36363636363636365,0.20017752139298778,0.777056277056277,29,4,10,4
LogisticRegression,0.9400000000000001,0.7021276595744681,0.5,0.2857142857142857,0.36363636363636365,0.20017752139298778,0.777056277056277,29,4,10,4
LogisticRegression,0.9500000000000001,0.6595744680851063,0.3333333333333333,0.14285714285714285,0.2,0.029662753221159636,0.777056277056277,29,4,12,2
GradientBoostingClf_Accuracy,0.01,0.2978723404255319,0.2978723404255319,1.0,0.45901639344262296,0.0,0.79004329004329,0,33,0,14
GradientBoostingClf_Accuracy,0.02,0.40425531914893614,0.325,0.9285714285714286,0.48148148148148145,0.1417980219722774,0.79004329004329,6,27,1,13
GradientBoostingClf_Accuracy,0.03,0.46808510638297873,0.35135135135135137,0.9285714285714286,0.5098039215686274,0.22493710364610947,0.79004329004329,9,24,1,13
GradientBoostingClf_Accuracy,0.04,0.5319148936170213,0.375,0.8571428571428571,0.5217391304347826,0.24632947586151901,0.79004329004329,13,20,2,12
GradientBoostingClf_Accuracy,0.05,0.5531914893617021,0.3870967741935484,0.8571428571428571,0.5333333333333333,0.2715698336646141,0.79004329004329,14,19,2,12
GradientBoostingClf_Accuracy,0.06,0.5531914893617021,0.3793103448275862,0.7857142857142857,0.5116279069767442,0.22603034062447974,0.79004329004329,15,18,3,11
GradientBoostingClf_Accuracy,0.07,0.5957446808510638,0.4074074074074074,0.7857142857142857,0.5365853658536586,0.278289571810406,0.79004329004329,17,16,3,11
GradientBoostingClf_Accuracy,0.08,0.6808510638297872,0.4782608695652174,0.7857142857142857,0.5945945945945946,0.3861393709239279,0.79004329004329,21,12,3,11
GradientBoostingClf_Accuracy,0.09,0.723404255319149,0.5238095238095238,0.7857142857142857,0.6285714285714286,0.44400468626566963,0.79004329004329,23,10,3,11
GradientBoostingClf_Accuracy,0.1,0.723404255319149,0.5238095238095238,0.7857142857142857,0.6285714285714286,0.44400468626566963,0.79004329004329,23,10,3,11
GradientBoostingClf_Accuracy,0.11,0.7021276595744681,0.5,0.7142857142857143,0.5882352941176471,0.38039581758256935,0.79004329004329,23,10,4,10
GradientBoostingClf_Accuracy,0.12,0.7021276595744681,0.5,0.7142857142857143,0.5882352941176471,0.38039581758256935,0.79004329004329,23,10,4,10
GradientBoostingClf_Accuracy,0.13,0.7021276595744681,0.5,0.7142857142857143,0.5882352941176471,0.38039581758256935,0.79004329004329,23,10,4,10
GradientBoostingClf_Accuracy,0.14,0.7021276595744681,0.5,0.7142857142857143,0.5882352941176471,0.38039581758256935,0.79004329004329,23,10,4,10
GradientBoostingClf_Accuracy,0.15,0.7021276595744681,0.5,0.7142857142857143,0.5882352941176471,0.38039581758256935,0.79004329004329,23,10,4,10
GradientBoostingClf_Accuracy,0.16,0.7021276595744681,0.5,0.7142857142857143,0.5882352941176471,0.38039581758256935,0.79004329004329,23,10,4,10
GradientBoostingClf_Accuracy,0.17,0.7021276595744681,0.5,0.7142857142857143,0.5882352941176471,0.38039581758256935,0.79004329004329,23,10,4,10
GradientBoostingClf_Accuracy,0.18,0.723404255319149,0.5263157894736842,0.7142857142857143,0.6060606060606061,0.41148438901385936,0.79004329004329,24,9,4,10
GradientBoostingClf_Accuracy,0.19,0.723404255319149,0.5263157894736842,0.7142857142857143,0.6060606060606061,0.41148438901385936,0.79004329004329,24,9,4,10
GradientBoostingClf_Accuracy,0.2,0.723404255319149,0.5263157894736842,0.7142857142857143,0.6060606060606061,0.41148438901385936,0.79004329004329,24,9,4,10
GradientBoostingClf_Accuracy,0.21,0.7446808510638298,0.5555555555555556,0.7142857142857143,0.625,0.44391544374897823,0.79004329004329,25,8,4,10
GradientBoostingClf_Accuracy,0.22,0.7446808510638298,0.5555555555555556,0.7142857142857143,0.625,0.44391544374897823,0.79004329004329,25,8,4,10
GradientBoostingClf_Accuracy,0.23,0.7446808510638298,0.5555555555555556,0.7142857142857143,0.625,0.44391544374897823,0.79004329004329,25,8,4,10
GradientBoostingClf_Accuracy,0.24,0.7446808510638298,0.5555555555555556,0.7142857142857143,0.625,0.44391544374897823,0.79004329004329,25,8,4,10
GradientBoostingClf_Accuracy,0.25,0.7659574468085106,0.5882352941176471,0.7142857142857143,0.6451612903225806,0.4779493871435665,0.79004329004329,26,7,4,10
GradientBoostingClf_Accuracy,0.26,0.7659574468085106,0.5882352941176471,0.7142857142857143,0.6451612903225806,0.4779493871435665,0.79004329004329,26,7,4,10
GradientBoostingClf_Accuracy,0.27,0.7446808510638298,0.5625,0.6428571428571429,0.6,0.4157107453789093,0.79004329004329,26,7,5,9
GradientBoostingClf_Accuracy,0.28,0.7659574468085106,0.6,0.6428571428571429,0.6206896551724138,0.4523118824008927,0.79004329004329,27,6,5,9
GradientBoostingClf_Accuracy,0.29,0.7659574468085106,0.6,0.6428571428571429,0.6206896551724138,0.4523118824008927,0.79004329004329,27,6,5,9
GradientBoostingClf_Accuracy,0.3,0.7659574468085106,0.6,0.6428571428571429,0.6206896551724138,0.4523118824008927,0.79004329004329,27,6,5,9
GradientBoostingClf_Accuracy,0.31,0.7659574468085106,0.6153846153846154,0.5714285714285714,0.5925925925925926,0.4293086188143014,0.79004329004329,28,5,6,8
GradientBoostingClf_Accuracy,0.32,0.7872340425531915,0.6666666666666666,0.5714285714285714,0.6153846153846154,0.4721909965787695,0.79004329004329,29,4,6,8
GradientBoostingClf_Accuracy,0.33,0.7872340425531915,0.6666666666666666,0.5714285714285714,0.6153846153846154,0.4721909965787695,0.79004329004329,29,4,6,8
GradientBoostingClf_Accuracy,0.34,0.7872340425531915,0.6666666666666666,0.5714285714285714,0.6153846153846154,0.4721909965787695,0.79004329004329,29,4,6,8
GradientBoostingClf_Accuracy,0.35000000000000003,0.7659574468085106,0.6363636363636364,0.5,0.56,0.4091376703540316,0.79004329004329,29,4,7,7
GradientBoostingClf_Accuracy,0.36,0.7659574468085106,0.6363636363636364,0.5,0.56,0.4091376703540316,0.79004329004329,29,4,7,7
GradientBoostingClf_Accuracy,0.37,0.7659574468085106,0.6363636363636364,0.5,0.56,0.4091376703540316,0.79004329004329,29,4,7,7
GradientBoostingClf_Accuracy,0.38,0.7659574468085106,0.6363636363636364,0.5,0.56,0.4091376703540316,0.79004329004329,29,4,7,7
GradientBoostingClf_Accuracy,0.39,0.7872340425531915,0.7,0.5,0.5833333333333334,0.45713024289370635,0.79004329004329,30,3,7,7
GradientBoostingClf_Accuracy,0.4,0.7872340425531915,0.7,0.5,0.5833333333333334,0.45713024289370635,0.79004329004329,30,3,7,7
GradientBoostingClf_Accuracy,0.41000000000000003,0.7872340425531915,0.7,0.5,0.5833333333333334,0.45713024289370635,0.79004329004329,30,3,7,7
GradientBoostingClf_Accuracy,0.42,0.7872340425531915,0.7,0.5,0.5833333333333334,0.45713024289370635,0.79004329004329,30,3,7,7
GradientBoostingClf_Accuracy,0.43,0.7872340425531915,0.7,0.5,0.5833333333333334,0.45713024289370635,0.79004329004329,30,3,7,7
GradientBoostingClf_Accuracy,0.44,0.7872340425531915,0.7,0.5,0.5833333333333334,0.45713024289370635,0.79004329004329,30,3,7,7
GradientBoostingClf_Accuracy,0.45,0.7872340425531915,0.7,0.5,0.5833333333333334,0.45713024289370635,0.79004329004329,30,3,7,7
GradientBoostingClf_Accuracy,0.46,0.7872340425531915,0.7,0.5,0.5833333333333334,0.45713024289370635,0.79004329004329,30,3,7,7
GradientBoostingClf_Accuracy,0.47000000000000003,0.7872340425531915,0.7,0.5,0.5833333333333334,0.45713024289370635,0.79004329004329,30,3,7,7
GradientBoostingClf_Accuracy,0.48,0.7872340425531915,0.7,0.5,0.5833333333333334,0.45713024289370635,0.79004329004329,30,3,7,7
GradientBoostingClf_Accuracy,0.49,0.8085106382978723,0.7777777777777778,0.5,0.6086956521739131,0.5106954600494468,0.79004329004329,31,2,7,7
GradientBoostingClf_Accuracy,0.5,0.8085106382978723,0.7777777777777778,0.5,0.6086956521739131,0.5106954600494468,0.79004329004329,31,2,7,7
GradientBoostingClf_Accuracy,0.51,0.8085106382978723,0.7777777777777778,0.5,0.6086956521739131,0.5106954600494468,0.79004329004329,31,2,7,7
GradientBoostingClf_Accuracy,0.52,0.8085106382978723,0.7777777777777778,0.5,0.6086956521739131,0.5106954600494468,0.79004329004329,31,2,7,7
GradientBoostingClf_Accuracy,0.53,0.8297872340425532,0.875,0.5,0.6363636363636364,0.5715595018720835,0.79004329004329,32,1,7,7
GradientBoostingClf_Accuracy,0.54,0.8085106382978723,0.8571428571428571,0.42857142857142855,0.5714285714285714,0.5115850204490008,0.79004329004329,32,1,8,6
GradientBoostingClf_Accuracy,0.55,0.8085106382978723,0.8571428571428571,0.42857142857142855,0.5714285714285714,0.5115850204490008,0.79004329004329,32,1,8,6
GradientBoostingClf_Accuracy,0.56,0.8085106382978723,0.8571428571428571,0.42857142857142855,0.5714285714285714,0.5115850204490008,0.79004329004329,32,1,8,6
GradientBoostingClf_Accuracy,0.5700000000000001,0.8085106382978723,0.8571428571428571,0.42857142857142855,0.5714285714285714,0.5115850204490008,0.79004329004329,32,1,8,6
GradientBoostingClf_Accuracy,0.58,0.8085106382978723,0.8571428571428571,0.42857142857142855,0.5714285714285714,0.5115850204490008,0.79004329004329,32,1,8,6
GradientBoostingClf_Accuracy,0.59,0.8085106382978723,0.8571428571428571,0.42857142857142855,0.5714285714285714,0.5115850204490008,0.79004329004329,32,1,8,6
GradientBoostingClf_Accuracy,0.6,0.8297872340425532,1.0,0.42857142857142855,0.6,0.5873225137789608,0.79004329004329,33,0,8,6
GradientBoostingClf_Accuracy,0.61,0.8297872340425532,1.0,0.42857142857142855,0.6,0.5873225137789608,0.79004329004329,33,0,8,6
GradientBoostingClf_Accuracy,0.62,0.8297872340425532,1.0,0.42857142857142855,0.6,0.5873225137789608,0.79004329004329,33,0,8,6
GradientBoostingClf_Accuracy,0.63,0.8297872340425532,1.0,0.42857142857142855,0.6,0.5873225137789608,0.79004329004329,33,0,8,6
GradientBoostingClf_Accuracy,0.64,0.8297872340425532,1.0,0.42857142857142855,0.6,0.5873225137789608,0.79004329004329,33,0,8,6
GradientBoostingClf_Accuracy,0.65,0.8297872340425532,1.0,0.42857142857142855,0.6,0.5873225137789608,0.79004329004329,33,0,8,6
GradientBoostingClf_Accuracy,0.66,0.8297872340425532,1.0,0.42857142857142855,0.6,0.5873225137789608,0.79004329004329,33,0,8,6
GradientBoostingClf_Accuracy,0.67,0.8085106382978723,1.0,0.35714285714285715,0.5263157894736842,0.5297284633639759,0.79004329004329,33,0,9,5
GradientBoostingClf_Accuracy,0.68,0.8085106382978723,1.0,0.35714285714285715,0.5263157894736842,0.5297284633639759,0.79004329004329,33,0,9,5
GradientBoostingClf_Accuracy,0.6900000000000001,0.8085106382978723,1.0,0.35714285714285715,0.5263157894736842,0.5297284633639759,0.79004329004329,33,0,9,5
GradientBoostingClf_Accuracy,0.7000000000000001,0.8085106382978723,1.0,0.35714285714285715,0.5263157894736842,0.5297284633639759,0.79004329004329,33,0,9,5
GradientBoostingClf_Accuracy,0.71,0.8085106382978723,1.0,0.35714285714285715,0.5263157894736842,0.5297284633639759,0.79004329004329,33,0,9,5
GradientBoostingClf_Accuracy,0.72,0.8085106382978723,1.0,0.35714285714285715,0.5263157894736842,0.5297284633639759,0.79004329004329,33,0,9,5
GradientBoostingClf_Accuracy,0.73,0.8085106382978723,1.0,0.35714285714285715,0.5263157894736842,0.5297284633639759,0.79004329004329,33,0,9,5
GradientBoostingClf_Accuracy,0.74,0.8085106382978723,1.0,0.35714285714285715,0.5263157894736842,0.5297284633639759,0.79004329004329,33,0,9,5
GradientBoostingClf_Accuracy,0.75,0.7872340425531915,1.0,0.2857142857142857,0.4444444444444444,0.4682617889493368,0.79004329004329,33,0,10,4
GradientBoostingClf_Accuracy,0.76,0.7872340425531915,1.0,0.2857142857142857,0.4444444444444444,0.4682617889493368,0.79004329004329,33,0,10,4
GradientBoostingClf_Accuracy,0.77,0.7872340425531915,1.0,0.2857142857142857,0.4444444444444444,0.4682617889493368,0.79004329004329,33,0,10,4
GradientBoostingClf_Accuracy,0.78,0.7872340425531915,1.0,0.2857142857142857,0.4444444444444444,0.4682617889493368,0.79004329004329,33,0,10,4
GradientBoostingClf_Accuracy,0.79,0.7872340425531915,1.0,0.2857142857142857,0.4444444444444444,0.4682617889493368,0.79004329004329,33,0,10,4
GradientBoostingClf_Accuracy,0.8,0.7659574468085106,1.0,0.21428571428571427,0.35294117647058826,0.4008918628686366,0.79004329004329,33,0,11,3
GradientBoostingClf_Accuracy,0.81,0.7659574468085106,1.0,0.21428571428571427,0.35294117647058826,0.4008918628686366,0.79004329004329,33,0,11,3
GradientBoostingClf_Accuracy,0.8200000000000001,0.7659574468085106,1.0,0.21428571428571427,0.35294117647058826,0.4008918628686366,0.79004329004329,33,0,11,3
GradientBoostingClf_Accuracy,0.8300000000000001,0.7446808510638298,1.0,0.14285714285714285,0.25,0.3236694374850748,0.79004329004329,33,0,12,2
GradientBoostingClf_Accuracy,0.84,0.7446808510638298,1.0,0.14285714285714285,0.25,0.3236694374850748,0.79004329004329,33,0,12,2
GradientBoostingClf_Accuracy,0.85,0.723404255319149,1.0,0.07142857142857142,0.13333333333333333,0.22636748005145246,0.79004329004329,33,0,13,1
GradientBoostingClf_Accuracy,0.86,0.723404255319149,1.0,0.07142857142857142,0.13333333333333333,0.22636748005145246,0.79004329004329,33,0,13,1
GradientBoostingClf_Accuracy,0.87,0.723404255319149,1.0,0.07142857142857142,0.13333333333333333,0.22636748005145246,0.79004329004329,33,0,13,1
GradientBoostingClf_Accuracy,0.88,0.723404255319149,1.0,0.07142857142857142,0.13333333333333333,0.22636748005145246,0.79004329004329,33,0,13,1
GradientBoostingClf_Accuracy,0.89,0.723404255319149,1.0,0.07142857142857142,0.13333333333333333,0.22636748005145246,0.79004329004329,33,0,13,1
GradientBoostingClf_Accuracy,0.9,0.723404255319149,1.0,0.07142857142857142,0.13333333333333333,0.22636748005145246,0.79004329004329,33,0,13,1
GradientBoostingClf_Accuracy,0.91,0.7021276595744681,0.0,0.0,0.0,0.0,0.79004329004329,33,0,14,0
GradientBoostingClf_Accuracy,0.92,0.7021276595744681,0.0,0.0,0.0,0.0,0.79004329004329,33,0,14,0
GradientBoostingClf_Accuracy,0.93,0.7021276595744681,0.0,0.0,0.0,0.0,0.79004329004329,33,0,14,0
GradientBoostingClf_Accuracy,0.9400000000000001,0.7021276595744681,0.0,0.0,0.0,0.0,0.79004329004329,33,0,14,0
GradientBoostingClf_Accuracy,0.9500000000000001,0.7021276595744681,0.0,0.0,0.0,0.0,0.79004329004329,33,0,14,0
GradientBoostingClf,0.01,0.5531914893617021,0.3870967741935484,0.8571428571428571,0.5333333333333333,0.2715698336646141,0.7965367965367965,14,19,2,12
GradientBoostingClf,0.02,0.6170212765957447,0.4230769230769231,0.7857142857142857,0.55,0.3046310179311545,0.7965367965367965,18,15,3,11
GradientBoostingClf,0.03,0.6382978723404256,0.43478260869565216,0.7142857142857143,0.5405405405405406,0.29306988152175045,0.7965367965367965,20,13,4,10
GradientBoostingClf,0.04,0.7021276595744681,0.5,0.7142857142857143,0.5882352941176471,0.38039581758256935,0.7965367965367965,23,10,4,10
GradientBoostingClf,0.05,0.7021276595744681,0.5,0.7142857142857143,0.5882352941176471,0.38039581758256935,0.7965367965367965,23,10,4,10
GradientBoostingClf,0.06,0.7021276595744681,0.5,0.7142857142857143,0.5882352941176471,0.38039581758256935,0.7965367965367965,23,10,4,10
GradientBoostingClf,0.07,0.7021276595744681,0.5,0.7142857142857143,0.5882352941176471,0.38039581758256935,0.7965367965367965,23,10,4,10
GradientBoostingClf,0.08,0.7021276595744681,0.5,0.7142857142857143,0.5882352941176471,0.38039581758256935,0.7965367965367965,23,10,4,10
GradientBoostingClf,0.09,0.7021276595744681,0.5,0.7142857142857143,0.5882352941176471,0.38039581758256935,0.7965367965367965,23,10,4,10
GradientBoostingClf,0.1,0.723404255319149,0.5263157894736842,0.7142857142857143,0.6060606060606061,0.41148438901385936,0.7965367965367965,24,9,4,10
GradientBoostingClf,0.11,0.723404255319149,0.5263157894736842,0.7142857142857143,0.6060606060606061,0.41148438901385936,0.7965367965367965,24,9,4,10
GradientBoostingClf,0.12,0.7446808510638298,0.5555555555555556,0.7142857142857143,0.625,0.44391544374897823,0.7965367965367965,25,8,4,10
GradientBoostingClf,0.13,0.7446808510638298,0.5555555555555556,0.7142857142857143,0.625,0.44391544374897823,0.7965367965367965,25,8,4,10
GradientBoostingClf,0.14,0.7446808510638298,0.5555555555555556,0.7142857142857143,0.625,0.44391544374897823,0.7965367965367965,25,8,4,10
GradientBoostingClf,0.15,0.7446808510638298,0.5555555555555556,0.7142857142857143,0.625,0.44391544374897823,0.7965367965367965,25,8,4,10
GradientBoostingClf,0.16,0.7659574468085106,0.5882352941176471,0.7142857142857143,0.6451612903225806,0.4779493871435665,0.7965367965367965,26,7,4,10
GradientBoostingClf,0.17,0.7659574468085106,0.5882352941176471,0.7142857142857143,0.6451612903225806,0.4779493871435665,0.7965367965367965,26,7,4,10
GradientBoostingClf,0.18,0.7659574468085106,0.6,0.6428571428571429,0.6206896551724138,0.4523118824008927,0.7965367965367965,27,6,5,9
GradientBoostingClf,0.19,0.7659574468085106,0.6,0.6428571428571429,0.6206896551724138,0.4523118824008927,0.7965367965367965,27,6,5,9
GradientBoostingClf,0.2,0.7659574468085106,0.6,0.6428571428571429,0.6206896551724138,0.4523118824008927,0.7965367965367965,27,6,5,9
GradientBoostingClf,0.21,0.7872340425531915,0.6428571428571429,0.6428571428571429,0.6428571428571429,0.49134199134199136,0.7965367965367965,28,5,5,9
GradientBoostingClf,0.22,0.7872340425531915,0.6428571428571429,0.6428571428571429,0.6428571428571429,0.49134199134199136,0.7965367965367965,28,5,5,9
GradientBoostingClf,0.23,0.8085106382978723,0.6923076923076923,0.6428571428571429,0.6666666666666666,0.5333163769806527,0.7965367965367965,29,4,5,9
GradientBoostingClf,0.24,0.8085106382978723,0.6923076923076923,0.6428571428571429,0.6666666666666666,0.5333163769806527,0.7965367965367965,29,4,5,9
GradientBoostingClf,0.25,0.8085106382978723,0.6923076923076923,0.6428571428571429,0.6666666666666666,0.5333163769806527,0.7965367965367965,29,4,5,9
GradientBoostingClf,0.26,0.7872340425531915,0.6666666666666666,0.5714285714285714,0.6153846153846154,0.4721909965787695,0.7965367965367965,29,4,6,8
GradientBoostingClf,0.27,0.7872340425531915,0.6666666666666666,0.5714285714285714,0.6153846153846154,0.4721909965787695,0.7965367965367965,29,4,6,8
GradientBoostingClf,0.28,0.7872340425531915,0.6666666666666666,0.5714285714285714,0.6153846153846154,0.4721909965787695,0.7965367965367965,29,4,6,8
GradientBoostingClf,0.29,0.7659574468085106,0.6363636363636364,0.5,0.56,0.4091376703540316,0.7965367965367965,29,4,7,7
GradientBoostingClf,0.3,0.7659574468085106,0.6363636363636364,0.5,0.56,0.4091376703540316,0.7965367965367965,29,4,7,7
GradientBoostingClf,0.31,0.7659574468085106,0.6363636363636364,0.5,0.56,0.4091376703540316,0.7965367965367965,29,4,7,7
GradientBoostingClf,0.32,0.7659574468085106,0.6363636363636364,0.5,0.56,0.4091376703540316,0.7965367965367965,29,4,7,7
GradientBoostingClf,0.33,0.7659574468085106,0.6363636363636364,0.5,0.56,0.4091376703540316,0.7965367965367965,29,4,7,7
GradientBoostingClf,0.34,0.7659574468085106,0.6363636363636364,0.5,0.56,0.4091376703540316,0.7965367965367965,29,4,7,7
GradientBoostingClf,0.35000000000000003,0.7872340425531915,0.7,0.5,0.5833333333333334,0.45713024289370635,0.7965367965367965,30,3,7,7
GradientBoostingClf,0.36,0.7872340425531915,0.7,0.5,0.5833333333333334,0.45713024289370635,0.7965367965367965,30,3,7,7
GradientBoostingClf,0.37,0.7872340425531915,0.7,0.5,0.5833333333333334,0.45713024289370635,0.7965367965367965,30,3,7,7
GradientBoostingClf,0.38,0.7872340425531915,0.7,0.5,0.5833333333333334,0.45713024289370635,0.7965367965367965,30,3,7,7
GradientBoostingClf,0.39,0.7872340425531915,0.7,0.5,0.5833333333333334,0.45713024289370635,0.7965367965367965,30,3,7,7
GradientBoostingClf,0.4,0.7872340425531915,0.7,0.5,0.5833333333333334,0.45713024289370635,0.7965367965367965,30,3,7,7
GradientBoostingClf,0.41000000000000003,0.7872340425531915,0.7,0.5,0.5833333333333334,0.45713024289370635,0.7965367965367965,30,3,7,7
GradientBoostingClf,0.42,0.7872340425531915,0.7,0.5,0.5833333333333334,0.45713024289370635,0.7965367965367965,30,3,7,7
GradientBoostingClf,0.43,0.7872340425531915,0.7,0.5,0.5833333333333334,0.45713024289370635,0.7965367965367965,30,3,7,7
GradientBoostingClf,0.44,0.7872340425531915,0.7,0.5,0.5833333333333334,0.45713024289370635,0.7965367965367965,30,3,7,7
GradientBoostingClf,0.45,0.7872340425531915,0.7,0.5,0.5833333333333334,0.45713024289370635,0.7965367965367965,30,3,7,7
GradientBoostingClf,0.46,0.7872340425531915,0.7,0.5,0.5833333333333334,0.45713024289370635,0.7965367965367965,30,3,7,7
GradientBoostingClf,0.47000000000000003,0.7872340425531915,0.7,0.5,0.5833333333333334,0.45713024289370635,0.7965367965367965,30,3,7,7
GradientBoostingClf,0.48,0.7872340425531915,0.7,0.5,0.5833333333333334,0.45713024289370635,0.7965367965367965,30,3,7,7
GradientBoostingClf,0.49,0.7872340425531915,0.7,0.5,0.5833333333333334,0.45713024289370635,0.7965367965367965,30,3,7,7
GradientBoostingClf,0.5,0.7872340425531915,0.7,0.5,0.5833333333333334,0.45713024289370635,0.7965367965367965,30,3,7,7
GradientBoostingClf,0.51,0.7872340425531915,0.7,0.5,0.5833333333333334,0.45713024289370635,0.7965367965367965,30,3,7,7
GradientBoostingClf,0.52,0.7872340425531915,0.7,0.5,0.5833333333333334,0.45713024289370635,0.7965367965367965,30,3,7,7
GradientBoostingClf,0.53,0.7872340425531915,0.7,0.5,0.5833333333333334,0.45713024289370635,0.7965367965367965,30,3,7,7
GradientBoostingClf,0.54,0.7872340425531915,0.75,0.42857142857142855,0.5454545454545454,0.4477655083790516,0.7965367965367965,31,2,8,6
GradientBoostingClf,0.55,0.7872340425531915,0.75,0.42857142857142855,0.5454545454545454,0.4477655083790516,0.7965367965367965,31,2,8,6
GradientBoostingClf,0.56,0.7872340425531915,0.75,0.42857142857142855,0.5454545454545454,0.4477655083790516,0.7965367965367965,31,2,8,6
GradientBoostingClf,0.5700000000000001,0.7872340425531915,0.75,0.42857142857142855,0.5454545454545454,0.4477655083790516,0.7965367965367965,31,2,8,6
GradientBoostingClf,0.58,0.7872340425531915,0.75,0.42857142857142855,0.5454545454545454,0.4477655083790516,0.7965367965367965,31,2,8,6
GradientBoostingClf,0.59,0.7872340425531915,0.75,0.42857142857142855,0.5454545454545454,0.4477655083790516,0.7965367965367965,31,2,8,6
GradientBoostingClf,0.6,0.8085106382978723,0.8571428571428571,0.42857142857142855,0.5714285714285714,0.5115850204490008,0.7965367965367965,32,1,8,6
GradientBoostingClf,0.61,0.8085106382978723,0.8571428571428571,0.42857142857142855,0.5714285714285714,0.5115850204490008,0.7965367965367965,32,1,8,6
GradientBoostingClf,0.62,0.8085106382978723,0.8571428571428571,0.42857142857142855,0.5714285714285714,0.5115850204490008,0.7965367965367965,32,1,8,6
GradientBoostingClf,0.63,0.8085106382978723,0.8571428571428571,0.42857142857142855,0.5714285714285714,0.5115850204490008,0.7965367965367965,32,1,8,6
GradientBoostingClf,0.64,0.8085106382978723,0.8571428571428571,0.42857142857142855,0.5714285714285714,0.5115850204490008,0.7965367965367965,32,1,8,6
GradientBoostingClf,0.65,0.8085106382978723,0.8571428571428571,0.42857142857142855,0.5714285714285714,0.5115850204490008,0.7965367965367965,32,1,8,6
GradientBoostingClf,0.66,0.8085106382978723,0.8571428571428571,0.42857142857142855,0.5714285714285714,0.5115850204490008,0.7965367965367965,32,1,8,6
GradientBoostingClf,0.67,0.8085106382978723,0.8571428571428571,0.42857142857142855,0.5714285714285714,0.5115850204490008,0.7965367965367965,32,1,8,6
GradientBoostingClf,0.68,0.8085106382978723,0.8571428571428571,0.42857142857142855,0.5714285714285714,0.5115850204490008,0.7965367965367965,32,1,8,6
GradientBoostingClf,0.6900000000000001,0.8085106382978723,0.8571428571428571,0.42857142857142855,0.5714285714285714,0.5115850204490008,0.7965367965367965,32,1,8,6
GradientBoostingClf,0.7000000000000001,0.8085106382978723,0.8571428571428571,0.42857142857142855,0.5714285714285714,0.5115850204490008,0.7965367965367965,32,1,8,6
GradientBoostingClf,0.71,0.8085106382978723,0.8571428571428571,0.42857142857142855,0.5714285714285714,0.5115850204490008,0.7965367965367965,32,1,8,6
GradientBoostingClf,0.72,0.8085106382978723,0.8571428571428571,0.42857142857142855,0.5714285714285714,0.5115850204490008,0.7965367965367965,32,1,8,6
GradientBoostingClf,0.73,0.8085106382978723,0.8571428571428571,0.42857142857142855,0.5714285714285714,0.5115850204490008,0.7965367965367965,32,1,8,6
GradientBoostingClf,0.74,0.8085106382978723,0.8571428571428571,0.42857142857142855,0.5714285714285714,0.5115850204490008,0.7965367965367965,32,1,8,6
GradientBoostingClf,0.75,0.8297872340425532,1.0,0.42857142857142855,0.6,0.5873225137789608,0.7965367965367965,33,0,8,6
GradientBoostingClf,0.76,0.8297872340425532,1.0,0.42857142857142855,0.6,0.5873225137789608,0.7965367965367965,33,0,8,6
GradientBoostingClf,0.77,0.8297872340425532,1.0,0.42857142857142855,0.6,0.5873225137789608,0.7965367965367965,33,0,8,6
GradientBoostingClf,0.78,0.8085106382978723,1.0,0.35714285714285715,0.5263157894736842,0.5297284633639759,0.7965367965367965,33,0,9,5
GradientBoostingClf,0.79,0.8085106382978723,1.0,0.35714285714285715,0.5263157894736842,0.5297284633639759,0.7965367965367965,33,0,9,5
GradientBoostingClf,0.8,0.7872340425531915,1.0,0.2857142857142857,0.4444444444444444,0.4682617889493368,0.7965367965367965,33,0,10,4
GradientBoostingClf,0.81,0.7872340425531915,1.0,0.2857142857142857,0.4444444444444444,0.4682617889493368,0.7965367965367965,33,0,10,4
GradientBoostingClf,0.8200000000000001,0.7872340425531915,1.0,0.2857142857142857,0.4444444444444444,0.4682617889493368,0.7965367965367965,33,0,10,4
GradientBoostingClf,0.8300000000000001,0.7872340425531915,1.0,0.2857142857142857,0.4444444444444444,0.4682617889493368,0.7965367965367965,33,0,10,4
GradientBoostingClf,0.84,0.7872340425531915,1.0,0.2857142857142857,0.4444444444444444,0.4682617889493368,0.7965367965367965,33,0,10,4
GradientBoostingClf,0.85,0.7872340425531915,1.0,0.2857142857142857,0.4444444444444444,0.4682617889493368,0.7965367965367965,33,0,10,4
GradientBoostingClf,0.86,0.7872340425531915,1.0,0.2857142857142857,0.4444444444444444,0.4682617889493368,0.7965367965367965,33,0,10,4
GradientBoostingClf,0.87,0.7872340425531915,1.0,0.2857142857142857,0.4444444444444444,0.4682617889493368,0.7965367965367965,33,0,10,4
GradientBoostingClf,0.88,0.7872340425531915,1.0,0.2857142857142857,0.4444444444444444,0.4682617889493368,0.7965367965367965,33,0,10,4
GradientBoostingClf,0.89,0.7872340425531915,1.0,0.2857142857142857,0.4444444444444444,0.4682617889493368,0.7965367965367965,33,0,10,4
GradientBoostingClf,0.9,0.7872340425531915,1.0,0.2857142857142857,0.4444444444444444,0.4682617889493368,0.7965367965367965,33,0,10,4
GradientBoostingClf,0.91,0.7872340425531915,1.0,0.2857142857142857,0.4444444444444444,0.4682617889493368,0.7965367965367965,33,0,10,4
GradientBoostingClf,0.92,0.7659574468085106,1.0,0.21428571428571427,0.35294117647058826,0.4008918628686366,0.7965367965367965,33,0,11,3
GradientBoostingClf,0.93,0.7659574468085106,1.0,0.21428571428571427,0.35294117647058826,0.4008918628686366,0.7965367965367965,33,0,11,3
GradientBoostingClf,0.9400000000000001,0.7446808510638298,1.0,0.14285714285714285,0.25,0.3236694374850748,0.7965367965367965,33,0,12,2
GradientBoostingClf,0.9500000000000001,0.7446808510638298,1.0,0.14285714285714285,0.25,0.3236694374850748,0.7965367965367965,33,0,12,2
RandomForestClf,0.01,0.2978723404255319,0.2978723404255319,1.0,0.45901639344262296,0.0,0.7023809523809524,0,33,0,14
RandomForestClf,0.02,0.2978723404255319,0.2978723404255319,1.0,0.45901639344262296,0.0,0.7023809523809524,0,33,0,14
RandomForestClf,0.03,0.2978723404255319,0.2978723404255319,1.0,0.45901639344262296,0.0,0.7023809523809524,0,33,0,14
RandomForestClf,0.04,0.2978723404255319,0.2978723404255319,1.0,0.45901639344262296,0.0,0.7023809523809524,0,33,0,14
RandomForestClf,0.05,0.2978723404255319,0.2978723404255319,1.0,0.45901639344262296,0.0,0.7023809523809524,0,33,0,14
RandomForestClf,0.06,0.2978723404255319,0.2978723404255319,1.0,0.45901639344262296,0.0,0.7023809523809524,0,33,0,14
RandomForestClf,0.07,0.3191489361702128,0.30434782608695654,1.0,0.4666666666666667,0.0960346885066768,0.7023809523809524,1,32,0,14
RandomForestClf,0.08,0.3191489361702128,0.30434782608695654,1.0,0.4666666666666667,0.0960346885066768,0.7023809523809524,1,32,0,14
RandomForestClf,0.09,0.3617021276595745,0.3181818181818182,1.0,0.4827586206896552,0.1700753357624519,0.7023809523809524,3,30,0,14
RandomForestClf,0.1,0.3617021276595745,0.3181818181818182,1.0,0.4827586206896552,0.1700753357624519,0.7023809523809524,3,30,0,14
RandomForestClf,0.11,0.3617021276595745,0.3181818181818182,1.0,0.4827586206896552,0.1700753357624519,0.7023809523809524,3,30,0,14
RandomForestClf,0.12,0.3617021276595745,0.3181818181818182,1.0,0.4827586206896552,0.1700753357624519,0.7023809523809524,3,30,0,14
RandomForestClf,0.13,0.40425531914893614,0.3333333333333333,1.0,0.5,0.22473328748774735,0.7023809523809524,5,28,0,14
RandomForestClf,0.14,0.425531914893617,0.34146341463414637,1.0,0.509090909090909,0.24916712705774094,0.7023809523809524,6,27,0,14
RandomForestClf,0.15,0.44680851063829785,0.35,1.0,0.5185185185185185,0.27247463045653303,0.7023809523809524,7,26,0,14
RandomForestClf,0.16,0.44680851063829785,0.34210526315789475,0.9285714285714286,0.5,0.1987435534182576,0.7023809523809524,8,25,1,13
RandomForestClf,0.17,0.44680851063829785,0.34210526315789475,0.9285714285714286,0.5,0.1987435534182576,0.7023809523809524,8,25,1,13
RandomForestClf,0.18,0.46808510638297873,0.35135135135135137,0.9285714285714286,0.5098039215686274,0.22493710364610947,0.7023809523809524,9,24,1,13
RandomForestClf,0.19,0.5106382978723404,0.37142857142857144,0.9285714285714286,0.5306122448979592,0.2746880316636111,0.7023809523809524,11,22,1,13
RandomForestClf,0.2,0.5319148936170213,0.38235294117647056,0.9285714285714286,0.5416666666666666,0.2987456883501582,0.7023809523809524,12,21,1,13
RandomForestClf,0.21,0.5106382978723404,0.36363636363636365,0.8571428571428571,0.5106382978723404,0.22077922077922077,0.7023809523809524,12,21,2,12
RandomForestClf,0.22,0.5531914893617021,0.3870967741935484,0.8571428571428571,0.5333333333333333,0.2715698336646141,0.7023809523809524,14,19,2,12
RandomForestClf,0.23,0.5957446808510638,0.4074074074074074,0.7857142857142857,0.5365853658536586,0.278289571810406,0.7023809523809524,17,16,3,11
RandomForestClf,0.24,0.574468085106383,0.38461538461538464,0.7142857142857143,0.5,0.21105155490655148,0.7023809523809524,17,16,4,10
RandomForestClf,0.25,0.5957446808510638,0.4,0.7142857142857143,0.5128205128205128,0.23805588025744623,0.7023809523809524,18,15,4,10
RandomForestClf,0.26,0.5957446808510638,0.4,0.7142857142857143,0.5128205128205128,0.23805588025744623,0.7023809523809524,18,15,4,10
RandomForestClf,0.27,0.6382978723404256,0.43478260869565216,0.7142857142857143,0.5405405405405406,0.29306988152175045,0.7023809523809524,20,13,4,10
RandomForestClf,0.28,0.6382978723404256,0.42105263157894735,0.5714285714285714,0.48484848484848486,0.22187883721335555,0.7023809523809524,22,11,6,8
RandomForestClf,0.29,0.6170212765957447,0.3888888888888889,0.5,0.4375,0.15679582187463909,0.7023809523809524,22,11,7,7
RandomForestClf,0.3,0.6382978723404256,0.4117647058823529,0.5,0.45161290322580644,0.1874715268537265,0.7023809523809524,23,10,7,7
RandomForestClf,0.31,0.6382978723404256,0.4117647058823529,0.5,0.45161290322580644,0.1874715268537265,0.7023809523809524,23,10,7,7
RandomForestClf,0.32,0.6595744680851063,0.4375,0.5,0.4666666666666667,0.21934486565218833,0.7023809523809524,24,9,7,7
RandomForestClf,0.33,0.6808510638297872,0.46153846153846156,0.42857142857142855,0.4444444444444444,0.22129310248159864,0.7023809523809524,26,7,8,6
RandomForestClf,0.34,0.7446808510638298,0.6,0.42857142857142855,0.5,0.34345235180373707,0.7023809523809524,29,4,8,6
RandomForestClf,0.35000000000000003,0.7446808510638298,0.6,0.42857142857142855,0.5,0.34345235180373707,0.7023809523809524,29,4,8,6
RandomForestClf,0.36,0.7446808510638298,0.6,0.42857142857142855,0.5,0.34345235180373707,0.7023809523809524,29,4,8,6
RandomForestClf,0.37,0.7446808510638298,0.6,0.42857142857142855,0.5,0.34345235180373707,0.7023809523809524,29,4,8,6
RandomForestClf,0.38,0.723404255319149,0.5555555555555556,0.35714285714285715,0.43478260869565216,0.2742157888935453,0.7023809523809524,29,4,9,5
RandomForestClf,0.39,0.723404255319149,0.5714285714285714,0.2857142857142857,0.38095238095238093,0.2502318034804895,0.7023809523809524,30,3,10,4
RandomForestClf,0.4,0.723404255319149,0.5714285714285714,0.2857142857142857,0.38095238095238093,0.2502318034804895,0.7023809523809524,30,3,10,4
RandomForestClf,0.41000000000000003,0.7021276595744681,0.5,0.14285714285714285,0.2222222222222222,0.13480263621268787,0.7023809523809524,31,2,12,2
RandomForestClf,0.42,0.723404255319149,0.6666666666666666,0.14285714285714285,0.23529411764705882,0.21056946332494045,0.7023809523809524,32,1,12,2
RandomForestClf,0.43,0.723404255319149,0.6666666666666666,0.14285714285714285,0.23529411764705882,0.21056946332494045,0.7023809523809524,32,1,12,2
RandomForestClf,0.44,0.723404255319149,0.6666666666666666,0.14285714285714285,0.23529411764705882,0.21056946332494045,0.7023809523809524,32,1,12,2
RandomForestClf,0.45,0.723404255319149,0.6666666666666666,0.14285714285714285,0.23529411764705882,0.21056946332494045,0.7023809523809524,32,1,12,2
RandomForestClf,0.46,0.7021276595744681,0.5,0.07142857142857142,0.125,0.09317756533661245,0.7023809523809524,32,1,13,1
RandomForestClf,0.47000000000000003,0.7021276595744681,0.5,0.07142857142857142,0.125,0.09317756533661245,0.7023809523809524,32,1,13,1
RandomForestClf,0.48,0.7021276595744681,0.5,0.07142857142857142,0.125,0.09317756533661245,0.7023809523809524,32,1,13,1
RandomForestClf,0.49,0.7021276595744681,0.5,0.07142857142857142,0.125,0.09317756533661245,0.7023809523809524,32,1,13,1
RandomForestClf,0.5,0.7021276595744681,0.5,0.07142857142857142,0.125,0.09317756533661245,0.7023809523809524,32,1,13,1
RandomForestClf,0.51,0.7021276595744681,0.5,0.07142857142857142,0.125,0.09317756533661245,0.7023809523809524,32,1,13,1
RandomForestClf,0.52,0.7021276595744681,0.5,0.07142857142857142,0.125,0.09317756533661245,0.7023809523809524,32,1,13,1
RandomForestClf,0.53,0.6808510638297872,0.0,0.0,0.0,-0.0960346885066768,0.7023809523809524,32,1,14,0
RandomForestClf,0.54,0.6808510638297872,0.0,0.0,0.0,-0.0960346885066768,0.7023809523809524,32,1,14,0
RandomForestClf,0.55,0.6808510638297872,0.0,0.0,0.0,-0.0960346885066768,0.7023809523809524,32,1,14,0
RandomForestClf,0.56,0.6808510638297872,0.0,0.0,0.0,-0.0960346885066768,0.7023809523809524,32,1,14,0
RandomForestClf,0.5700000000000001,0.6808510638297872,0.0,0.0,0.0,-0.0960346885066768,0.7023809523809524,32,1,14,0
RandomForestClf,0.58,0.6808510638297872,0.0,0.0,0.0,-0.0960346885066768,0.7023809523809524,32,1,14,0
RandomForestClf,0.59,0.6808510638297872,0.0,0.0,0.0,-0.0960346885066768,0.7023809523809524,32,1,14,0
RandomForestClf,0.6,0.6808510638297872,0.0,0.0,0.0,-0.0960346885066768,0.7023809523809524,32,1,14,0
RandomForestClf,0.61,0.6808510638297872,0.0,0.0,0.0,-0.0960346885066768,0.7023809523809524,32,1,14,0
RandomForestClf,0.62,0.6808510638297872,0.0,0.0,0.0,-0.0960346885066768,0.7023809523809524,32,1,14,0
RandomForestClf,0.63,0.6808510638297872,0.0,0.0,0.0,-0.0960346885066768,0.7023809523809524,32,1,14,0
RandomForestClf,0.64,0.7021276595744681,0.0,0.0,0.0,0.0,0.7023809523809524,33,0,14,0
RandomForestClf,0.65,0.7021276595744681,0.0,0.0,0.0,0.0,0.7023809523809524,33,0,14,0
RandomForestClf,0.66,0.7021276595744681,0.0,0.0,0.0,0.0,0.7023809523809524,33,0,14,0
RandomForestClf,0.67,0.7021276595744681,0.0,0.0,0.0,0.0,0.7023809523809524,33,0,14,0
RandomForestClf,0.68,0.7021276595744681,0.0,0.0,0.0,0.0,0.7023809523809524,33,0,14,0
RandomForestClf,0.6900000000000001,0.7021276595744681,0.0,0.0,0.0,0.0,0.7023809523809524,33,0,14,0
RandomForestClf,0.7000000000000001,0.7021276595744681,0.0,0.0,0.0,0.0,0.7023809523809524,33,0,14,0
RandomForestClf,0.71,0.7021276595744681,0.0,0.0,0.0,0.0,0.7023809523809524,33,0,14,0
RandomForestClf,0.72,0.7021276595744681,0.0,0.0,0.0,0.0,0.7023809523809524,33,0,14,0
RandomForestClf,0.73,0.7021276595744681,0.0,0.0,0.0,0.0,0.7023809523809524,33,0,14,0
RandomForestClf,0.74,0.7021276595744681,0.0,0.0,0.0,0.0,0.7023809523809524,33,0,14,0
RandomForestClf,0.75,0.7021276595744681,0.0,0.0,0.0,0.0,0.7023809523809524,33,0,14,0
RandomForestClf,0.76,0.7021276595744681,0.0,0.0,0.0,0.0,0.7023809523809524,33,0,14,0
RandomForestClf,0.77,0.7021276595744681,0.0,0.0,0.0,0.0,0.7023809523809524,33,0,14,0
RandomForestClf,0.78,0.7021276595744681,0.0,0.0,0.0,0.0,0.7023809523809524,33,0,14,0
RandomForestClf,0.79,0.7021276595744681,0.0,0.0,0.0,0.0,0.7023809523809524,33,0,14,0
RandomForestClf,0.8,0.7021276595744681,0.0,0.0,0.0,0.0,0.7023809523809524,33,0,14,0
RandomForestClf,0.81,0.7021276595744681,0.0,0.0,0.0,0.0,0.7023809523809524,33,0,14,0
RandomForestClf,0.8200000000000001,0.7021276595744681,0.0,0.0,0.0,0.0,0.7023809523809524,33,0,14,0
RandomForestClf,0.8300000000000001,0.7021276595744681,0.0,0.0,0.0,0.0,0.7023809523809524,33,0,14,0
RandomForestClf,0.84,0.7021276595744681,0.0,0.0,0.0,0.0,0.7023809523809524,33,0,14,0
RandomForestClf,0.85,0.7021276595744681,0.0,0.0,0.0,0.0,0.7023809523809524,33,0,14,0
RandomForestClf,0.86,0.7021276595744681,0.0,0.0,0.0,0.0,0.7023809523809524,33,0,14,0
RandomForestClf,0.87,0.7021276595744681,0.0,0.0,0.0,0.0,0.7023809523809524,33,0,14,0
RandomForestClf,0.88,0.7021276595744681,0.0,0.0,0.0,0.0,0.7023809523809524,33,0,14,0
RandomForestClf,0.89,0.7021276595744681,0.0,0.0,0.0,0.0,0.7023809523809524,33,0,14,0
RandomForestClf,0.9,0.7021276595744681,0.0,0.0,0.0,0.0,0.7023809523809524,33,0,14,0
RandomForestClf,0.91,0.7021276595744681,0.0,0.0,0.0,0.0,0.7023809523809524,33,0,14,0
RandomForestClf,0.92,0.7021276595744681,0.0,0.0,0.0,0.0,0.7023809523809524,33,0,14,0
RandomForestClf,0.93,0.7021276595744681,0.0,0.0,0.0,0.0,0.7023809523809524,33,0,14,0
RandomForestClf,0.9400000000000001,0.7021276595744681,0.0,0.0,0.0,0.0,0.7023809523809524,33,0,14,0
RandomForestClf,0.9500000000000001,0.7021276595744681,0.0,0.0,0.0,0.0,0.7023809523809524,33,0,14,0
ExtraTreesClf,0.01,0.2978723404255319,0.2978723404255319,1.0,0.45901639344262296,0.0,0.6753246753246753,0,33,0,14
ExtraTreesClf,0.02,0.3191489361702128,0.30434782608695654,1.0,0.4666666666666667,0.0960346885066768,0.6753246753246753,1,32,0,14
ExtraTreesClf,0.03,0.3191489361702128,0.30434782608695654,1.0,0.4666666666666667,0.0960346885066768,0.6753246753246753,1,32,0,14
ExtraTreesClf,0.04,0.3191489361702128,0.30434782608695654,1.0,0.4666666666666667,0.0960346885066768,0.6753246753246753,1,32,0,14
ExtraTreesClf,0.05,0.3191489361702128,0.30434782608695654,1.0,0.4666666666666667,0.0960346885066768,0.6753246753246753,1,32,0,14
ExtraTreesClf,0.06,0.3191489361702128,0.30434782608695654,1.0,0.4666666666666667,0.0960346885066768,0.6753246753246753,1,32,0,14
ExtraTreesClf,0.07,0.3829787234042553,0.32558139534883723,1.0,0.49122807017543857,0.19865651652396107,0.6753246753246753,4,29,0,14
ExtraTreesClf,0.08,0.40425531914893614,0.3333333333333333,1.0,0.5,0.22473328748774735,0.6753246753246753,5,28,0,14
ExtraTreesClf,0.09,0.40425531914893614,0.3333333333333333,1.0,0.5,0.22473328748774735,0.6753246753246753,5,28,0,14
ExtraTreesClf,0.1,0.40425531914893614,0.3333333333333333,1.0,0.5,0.22473328748774735,0.6753246753246753,5,28,0,14
ExtraTreesClf,0.11,0.425531914893617,0.34146341463414637,1.0,0.509090909090909,0.24916712705774094,0.6753246753246753,6,27,0,14
ExtraTreesClf,0.12,0.425531914893617,0.34146341463414637,1.0,0.509090909090909,0.24916712705774094,0.6753246753246753,6,27,0,14
ExtraTreesClf,0.13,0.425531914893617,0.34146341463414637,1.0,0.509090909090909,0.24916712705774094,0.6753246753246753,6,27,0,14
ExtraTreesClf,0.14,0.46808510638297873,0.358974358974359,1.0,0.5283018867924528,0.29499845257913987,0.6753246753246753,8,25,0,14
ExtraTreesClf,0.15,0.46808510638297873,0.358974358974359,1.0,0.5283018867924528,0.29499845257913987,0.6753246753246753,8,25,0,14
ExtraTreesClf,0.16,0.48936170212765956,0.3684210526315789,1.0,0.5384615384615384,0.3169833889962083,0.6753246753246753,9,24,0,14
ExtraTreesClf,0.17,0.48936170212765956,0.3611111111111111,0.9285714285714286,0.52,0.2501584613021793,0.6753246753246753,10,23,1,13
ExtraTreesClf,0.18,0.46808510638297873,0.34285714285714286,0.8571428571428571,0.4897959183673469,0.16799102762898532,0.6753246753246753,10,23,2,12
ExtraTreesClf,0.19,0.46808510638297873,0.34285714285714286,0.8571428571428571,0.4897959183673469,0.16799102762898532,0.6753246753246753,10,23,2,12
ExtraTreesClf,0.2,0.46808510638297873,0.3333333333333333,0.7857142857142857,0.46808510638297873,0.11904761904761904,0.6753246753246753,11,22,3,11
ExtraTreesClf,0.21,0.48936170212765956,0.34375,0.7857142857142857,0.4782608695652174,0.14652356753831736,0.6753246753246753,12,21,3,11
ExtraTreesClf,0.22,0.48936170212765956,0.3333333333333333,0.7142857142857143,0.45454545454545453,0.10300633343611347,0.6753246753246753,13,20,4,10
ExtraTreesClf,0.23,0.5106382978723404,0.3448275862068966,0.7142857142857143,0.46511627906976744,0.13032379999970004,0.6753246753246753,14,19,4,10
ExtraTreesClf,0.24,0.5319148936170213,0.35714285714285715,0.7142857142857143,0.47619047619047616,0.1573322663876521,0.6753246753246753,15,18,4,10
ExtraTreesClf,0.25,0.5319148936170213,0.34615384615384615,0.6428571428571429,0.45,0.11747209188194846,0.6753246753246753,16,17,5,9
ExtraTreesClf,0.26,0.5106382978723404,0.32,0.5714285714285714,0.41025641025641024,0.05157877405578002,0.6753246753246753,16,17,6,8
ExtraTreesClf,0.27,0.5319148936170213,0.3333333333333333,0.5714285714285714,0.42105263157894735,0.07920807608695958,0.6753246753246753,17,16,6,8
ExtraTreesClf,0.28,0.5319148936170213,0.3333333333333333,0.5714285714285714,0.42105263157894735,0.07920807608695958,0.6753246753246753,17,16,6,8
ExtraTreesClf,0.29,0.574468085106383,0.36363636363636365,0.5714285714285714,0.4444444444444444,0.1348983321458862,0.6753246753246753,19,14,6,8
ExtraTreesClf,0.3,0.5957446808510638,0.38095238095238093,0.5714285714285714,0.45714285714285713,0.1632662971918606,0.6753246753246753,20,13,6,8
ExtraTreesClf,0.31,0.6382978723404256,0.42105263157894735,0.5714285714285714,0.48484848484848486,0.22187883721335555,0.6753246753246753,22,11,6,8
ExtraTreesClf,0.32,0.6808510638297872,0.4666666666666667,0.5,0.4827586206896552,0.25270006575448933,0.6753246753246753,25,8,7,7
ExtraTreesClf,0.33,0.7021276595744681,0.5,0.5,0.5,0.2878787878787879,0.6753246753246753,26,7,7,7
ExtraTreesClf,0.34,0.7021276595744681,0.5,0.42857142857142855,0.46153846153846156,0.25879698850951793,0.6753246753246753,27,6,8,6
ExtraTreesClf,0.35000000000000003,0.7021276595744681,0.5,0.42857142857142855,0.46153846153846156,0.25879698850951793,0.6753246753246753,27,6,8,6
ExtraTreesClf,0.36,0.7446808510638298,0.6,0.42857142857142855,0.5,0.34345235180373707,0.6753246753246753,29,4,8,6
ExtraTreesClf,0.37,0.7446808510638298,0.625,0.35714285714285715,0.45454545454545453,0.32397151488601966,0.6753246753246753,30,3,9,5
ExtraTreesClf,0.38,0.7446808510638298,0.625,0.35714285714285715,0.45454545454545453,0.32397151488601966,0.6753246753246753,30,3,9,5
ExtraTreesClf,0.39,0.723404255319149,0.5714285714285714,0.2857142857142857,0.38095238095238093,0.2502318034804895,0.6753246753246753,30,3,10,4
ExtraTreesClf,0.4,0.7446808510638298,0.6666666666666666,0.2857142857142857,0.4,0.30849263350006023,0.6753246753246753,31,2,10,4
ExtraTreesClf,0.41000000000000003,0.7659574468085106,0.8,0.2857142857142857,0.42105263157894735,0.37883611319363125,0.6753246753246753,32,1,10,4
ExtraTreesClf,0.42,0.7659574468085106,0.8,0.2857142857142857,0.42105263157894735,0.37883611319363125,0.6753246753246753,32,1,10,4
ExtraTreesClf,0.43,0.7659574468085106,0.8,0.2857142857142857,0.42105263157894735,0.37883611319363125,0.6753246753246753,32,1,10,4
ExtraTreesClf,0.44,0.7659574468085106,0.8,0.2857142857142857,0.42105263157894735,0.37883611319363125,0.6753246753246753,32,1,10,4
ExtraTreesClf,0.45,0.7446808510638298,0.75,0.21428571428571427,0.3333333333333333,0.3015322125810123,0.6753246753246753,32,1,11,3
ExtraTreesClf,0.46,0.7446808510638298,0.75,0.21428571428571427,0.3333333333333333,0.3015322125810123,0.6753246753246753,32,1,11,3
ExtraTreesClf,0.47000000000000003,0.723404255319149,0.6666666666666666,0.14285714285714285,0.23529411764705882,0.21056946332494045,0.6753246753246753,32,1,12,2
ExtraTreesClf,0.48,0.723404255319149,0.6666666666666666,0.14285714285714285,0.23529411764705882,0.21056946332494045,0.6753246753246753,32,1,12,2
ExtraTreesClf,0.49,0.723404255319149,0.6666666666666666,0.14285714285714285,0.23529411764705882,0.21056946332494045,0.6753246753246753,32,1,12,2
ExtraTreesClf,0.5,0.723404255319149,0.6666666666666666,0.14285714285714285,0.23529411764705882,0.21056946332494045,0.6753246753246753,32,1,12,2
ExtraTreesClf,0.51,0.7021276595744681,0.5,0.07142857142857142,0.125,0.09317756533661245,0.6753246753246753,32,1,13,1
ExtraTreesClf,0.52,0.7021276595744681,0.5,0.07142857142857142,0.125,0.09317756533661245,0.6753246753246753,32,1,13,1
ExtraTreesClf,0.53,0.7021276595744681,0.5,0.07142857142857142,0.125,0.09317756533661245,0.6753246753246753,32,1,13,1
ExtraTreesClf,0.54,0.7021276595744681,0.5,0.07142857142857142,0.125,0.09317756533661245,0.6753246753246753,32,1,13,1
ExtraTreesClf,0.55,0.7021276595744681,0.5,0.07142857142857142,0.125,0.09317756533661245,0.6753246753246753,32,1,13,1
ExtraTreesClf,0.56,0.7021276595744681,0.5,0.07142857142857142,0.125,0.09317756533661245,0.6753246753246753,32,1,13,1
ExtraTreesClf,0.5700000000000001,0.7021276595744681,0.5,0.07142857142857142,0.125,0.09317756533661245,0.6753246753246753,32,1,13,1
ExtraTreesClf,0.58,0.7021276595744681,0.5,0.07142857142857142,0.125,0.09317756533661245,0.6753246753246753,32,1,13,1
ExtraTreesClf,0.59,0.7021276595744681,0.5,0.07142857142857142,0.125,0.09317756533661245,0.6753246753246753,32,1,13,1
ExtraTreesClf,0.6,0.6808510638297872,0.0,0.0,0.0,-0.0960346885066768,0.6753246753246753,32,1,14,0
ExtraTreesClf,0.61,0.6808510638297872,0.0,0.0,0.0,-0.0960346885066768,0.6753246753246753,32,1,14,0
ExtraTreesClf,0.62,0.6808510638297872,0.0,0.0,0.0,-0.0960346885066768,0.6753246753246753,32,1,14,0
ExtraTreesClf,0.63,0.6808510638297872,0.0,0.0,0.0,-0.0960346885066768,0.6753246753246753,32,1,14,0
ExtraTreesClf,0.64,0.6808510638297872,0.0,0.0,0.0,-0.0960346885066768,0.6753246753246753,32,1,14,0
ExtraTreesClf,0.65,0.7021276595744681,0.0,0.0,0.0,0.0,0.6753246753246753,33,0,14,0
ExtraTreesClf,0.66,0.7021276595744681,0.0,0.0,0.0,0.0,0.6753246753246753,33,0,14,0
ExtraTreesClf,0.67,0.7021276595744681,0.0,0.0,0.0,0.0,0.6753246753246753,33,0,14,0
ExtraTreesClf,0.68,0.7021276595744681,0.0,0.0,0.0,0.0,0.6753246753246753,33,0,14,0
ExtraTreesClf,0.6900000000000001,0.7021276595744681,0.0,0.0,0.0,0.0,0.6753246753246753,33,0,14,0
ExtraTreesClf,0.7000000000000001,0.7021276595744681,0.0,0.0,0.0,0.0,0.6753246753246753,33,0,14,0
ExtraTreesClf,0.71,0.7021276595744681,0.0,0.0,0.0,0.0,0.6753246753246753,33,0,14,0
ExtraTreesClf,0.72,0.7021276595744681,0.0,0.0,0.0,0.0,0.6753246753246753,33,0,14,0
ExtraTreesClf,0.73,0.7021276595744681,0.0,0.0,0.0,0.0,0.6753246753246753,33,0,14,0
ExtraTreesClf,0.74,0.7021276595744681,0.0,0.0,0.0,0.0,0.6753246753246753,33,0,14,0
ExtraTreesClf,0.75,0.7021276595744681,0.0,0.0,0.0,0.0,0.6753246753246753,33,0,14,0
ExtraTreesClf,0.76,0.7021276595744681,0.0,0.0,0.0,0.0,0.6753246753246753,33,0,14,0
ExtraTreesClf,0.77,0.7021276595744681,0.0,0.0,0.0,0.0,0.6753246753246753,33,0,14,0
ExtraTreesClf,0.78,0.7021276595744681,0.0,0.0,0.0,0.0,0.6753246753246753,33,0,14,0
ExtraTreesClf,0.79,0.7021276595744681,0.0,0.0,0.0,0.0,0.6753246753246753,33,0,14,0
ExtraTreesClf,0.8,0.7021276595744681,0.0,0.0,0.0,0.0,0.6753246753246753,33,0,14,0
ExtraTreesClf,0.81,0.7021276595744681,0.0,0.0,0.0,0.0,0.6753246753246753,33,0,14,0
ExtraTreesClf,0.8200000000000001,0.7021276595744681,0.0,0.0,0.0,0.0,0.6753246753246753,33,0,14,0
ExtraTreesClf,0.8300000000000001,0.7021276595744681,0.0,0.0,0.0,0.0,0.6753246753246753,33,0,14,0
ExtraTreesClf,0.84,0.7021276595744681,0.0,0.0,0.0,0.0,0.6753246753246753,33,0,14,0
ExtraTreesClf,0.85,0.7021276595744681,0.0,0.0,0.0,0.0,0.6753246753246753,33,0,14,0
ExtraTreesClf,0.86,0.7021276595744681,0.0,0.0,0.0,0.0,0.6753246753246753,33,0,14,0
ExtraTreesClf,0.87,0.7021276595744681,0.0,0.0,0.0,0.0,0.6753246753246753,33,0,14,0
ExtraTreesClf,0.88,0.7021276595744681,0.0,0.0,0.0,0.0,0.6753246753246753,33,0,14,0
ExtraTreesClf,0.89,0.7021276595744681,0.0,0.0,0.0,0.0,0.6753246753246753,33,0,14,0
ExtraTreesClf,0.9,0.7021276595744681,0.0,0.0,0.0,0.0,0.6753246753246753,33,0,14,0
ExtraTreesClf,0.91,0.7021276595744681,0.0,0.0,0.0,0.0,0.6753246753246753,33,0,14,0
ExtraTreesClf,0.92,0.7021276595744681,0.0,0.0,0.0,0.0,0.6753246753246753,33,0,14,0
ExtraTreesClf,0.93,0.7021276595744681,0.0,0.0,0.0,0.0,0.6753246753246753,33,0,14,0
ExtraTreesClf,0.9400000000000001,0.7021276595744681,0.0,0.0,0.0,0.0,0.6753246753246753,33,0,14,0
ExtraTreesClf,0.9500000000000001,0.7021276595744681,0.0,0.0,0.0,0.0,0.6753246753246753,33,0,14,0
SVC_RBF,0.01,0.2978723404255319,0.2978723404255319,1.0,0.45901639344262296,0.0,0.7294372294372294,0,33,0,14
SVC_RBF,0.02,0.2978723404255319,0.2978723404255319,1.0,0.45901639344262296,0.0,0.7294372294372294,0,33,0,14
SVC_RBF,0.03,0.2978723404255319,0.2978723404255319,1.0,0.45901639344262296,0.0,0.7294372294372294,0,33,0,14
SVC_RBF,0.04,0.2978723404255319,0.2978723404255319,1.0,0.45901639344262296,0.0,0.7294372294372294,0,33,0,14
SVC_RBF,0.05,0.2978723404255319,0.2978723404255319,1.0,0.45901639344262296,0.0,0.7294372294372294,0,33,0,14
SVC_RBF,0.06,0.2978723404255319,0.2978723404255319,1.0,0.45901639344262296,0.0,0.7294372294372294,0,33,0,14
SVC_RBF,0.07,0.2978723404255319,0.2978723404255319,1.0,0.45901639344262296,0.0,0.7294372294372294,0,33,0,14
SVC_RBF,0.08,0.2978723404255319,0.2978723404255319,1.0,0.45901639344262296,0.0,0.7294372294372294,0,33,0,14
SVC_RBF,0.09,0.2978723404255319,0.2978723404255319,1.0,0.45901639344262296,0.0,0.7294372294372294,0,33,0,14
SVC_RBF,0.1,0.2978723404255319,0.2978723404255319,1.0,0.45901639344262296,0.0,0.7294372294372294,0,33,0,14
SVC_RBF,0.11,0.2978723404255319,0.2978723404255319,1.0,0.45901639344262296,0.0,0.7294372294372294,0,33,0,14
SVC_RBF,0.12,0.2978723404255319,0.2978723404255319,1.0,0.45901639344262296,0.0,0.7294372294372294,0,33,0,14
SVC_RBF,0.13,0.2978723404255319,0.2978723404255319,1.0,0.45901639344262296,0.0,0.7294372294372294,0,33,0,14
SVC_RBF,0.14,0.2978723404255319,0.2978723404255319,1.0,0.45901639344262296,0.0,0.7294372294372294,0,33,0,14
SVC_RBF,0.15,0.2978723404255319,0.2978723404255319,1.0,0.45901639344262296,0.0,0.7294372294372294,0,33,0,14
SVC_RBF,0.16,0.2978723404255319,0.2978723404255319,1.0,0.45901639344262296,0.0,0.7294372294372294,0,33,0,14
SVC_RBF,0.17,0.2978723404255319,0.2978723404255319,1.0,0.45901639344262296,0.0,0.7294372294372294,0,33,0,14
SVC_RBF,0.18,0.2978723404255319,0.2978723404255319,1.0,0.45901639344262296,0.0,0.7294372294372294,0,33,0,14
SVC_RBF,0.19,0.2978723404255319,0.2978723404255319,1.0,0.45901639344262296,0.0,0.7294372294372294,0,33,0,14
SVC_RBF,0.2,0.3404255319148936,0.3111111111111111,1.0,0.4745762711864407,0.13731430681184992,0.7294372294372294,2,31,0,14
SVC_RBF,0.21,0.3617021276595745,0.3181818181818182,1.0,0.4827586206896552,0.1700753357624519,0.7294372294372294,3,30,0,14
SVC_RBF,0.22,0.40425531914893614,0.3333333333333333,1.0,0.5,0.22473328748774735,0.7294372294372294,5,28,0,14
SVC_RBF,0.23,0.40425531914893614,0.3333333333333333,1.0,0.5,0.22473328748774735,0.7294372294372294,5,28,0,14
SVC_RBF,0.24,0.46808510638297873,0.358974358974359,1.0,0.5283018867924528,0.29499845257913987,0.7294372294372294,8,25,0,14
SVC_RBF,0.25,0.5319148936170213,0.3888888888888889,1.0,0.56,0.3600411499115478,0.7294372294372294,11,22,0,14
SVC_RBF,0.26,0.5106382978723404,0.3548387096774194,0.7857142857142857,0.4888888888888889,0.17338689380125363,0.7294372294372294,13,20,3,11
SVC_RBF,0.27,0.574468085106383,0.38461538461538464,0.7142857142857143,0.5,0.21105155490655148,0.7294372294372294,17,16,4,10
SVC_RBF,0.28,0.7021276595744681,0.5,0.7142857142857143,0.5882352941176471,0.38039581758256935,0.7294372294372294,23,10,4,10
SVC_RBF,0.29,0.7021276595744681,0.5,0.6428571428571429,0.5625,0.3482089031241985,0.7294372294372294,24,9,5,9
SVC_RBF,0.3,0.7659574468085106,0.6153846153846154,0.5714285714285714,0.5925925925925926,0.4293086188143014,0.7294372294372294,28,5,6,8
SVC_RBF,0.31,0.723404255319149,0.5555555555555556,0.35714285714285715,0.43478260869565216,0.2742157888935453,0.7294372294372294,29,4,9,5
SVC_RBF,0.32,0.723404255319149,0.5714285714285714,0.2857142857142857,0.38095238095238093,0.2502318034804895,0.7294372294372294,30,3,10,4
SVC_RBF,0.33,0.723404255319149,0.5714285714285714,0.2857142857142857,0.38095238095238093,0.2502318034804895,0.7294372294372294,30,3,10,4
SVC_RBF,0.34,0.6595744680851063,0.25,0.07142857142857142,0.1111111111111111,-0.0319269401556366,0.7294372294372294,30,3,13,1
SVC_RBF,0.35000000000000003,0.7021276595744681,0.5,0.07142857142857142,0.125,0.09317756533661245,0.7294372294372294,32,1,13,1
SVC_RBF,0.36,0.7021276595744681,0.5,0.07142857142857142,0.125,0.09317756533661245,0.7294372294372294,32,1,13,1
SVC_RBF,0.37,0.7021276595744681,0.5,0.07142857142857142,0.125,0.09317756533661245,0.7294372294372294,32,1,13,1
SVC_RBF,0.38,0.7021276595744681,0.5,0.07142857142857142,0.125,0.09317756533661245,0.7294372294372294,32,1,13,1
SVC_RBF,0.39,0.7021276595744681,0.0,0.0,0.0,0.0,0.7294372294372294,33,0,14,0
SVC_RBF,0.4,0.7021276595744681,0.0,0.0,0.0,0.0,0.7294372294372294,33,0,14,0
SVC_RBF,0.41000000000000003,0.7021276595744681,0.0,0.0,0.0,0.0,0.7294372294372294,33,0,14,0
SVC_RBF,0.42,0.7021276595744681,0.0,0.0,0.0,0.0,0.7294372294372294,33,0,14,0
SVC_RBF,0.43,0.7021276595744681,0.0,0.0,0.0,0.0,0.7294372294372294,33,0,14,0
SVC_RBF,0.44,0.7021276595744681,0.0,0.0,0.0,0.0,0.7294372294372294,33,0,14,0
SVC_RBF,0.45,0.7021276595744681,0.0,0.0,0.0,0.0,0.7294372294372294,33,0,14,0
SVC_RBF,0.46,0.7021276595744681,0.0,0.0,0.0,0.0,0.7294372294372294,33,0,14,0
SVC_RBF,0.47000000000000003,0.7021276595744681,0.0,0.0,0.0,0.0,0.7294372294372294,33,0,14,0
SVC_RBF,0.48,0.7021276595744681,0.0,0.0,0.0,0.0,0.7294372294372294,33,0,14,0
SVC_RBF,0.49,0.7021276595744681,0.0,0.0,0.0,0.0,0.7294372294372294,33,0,14,0
SVC_RBF,0.5,0.7021276595744681,0.0,0.0,0.0,0.0,0.7294372294372294,33,0,14,0
SVC_RBF,0.51,0.7021276595744681,0.0,0.0,0.0,0.0,0.7294372294372294,33,0,14,0
SVC_RBF,0.52,0.7021276595744681,0.0,0.0,0.0,0.0,0.7294372294372294,33,0,14,0
SVC_RBF,0.53,0.7021276595744681,0.0,0.0,0.0,0.0,0.7294372294372294,33,0,14,0
SVC_RBF,0.54,0.7021276595744681,0.0,0.0,0.0,0.0,0.7294372294372294,33,0,14,0
SVC_RBF,0.55,0.7021276595744681,0.0,0.0,0.0,0.0,0.7294372294372294,33,0,14,0
SVC_RBF,0.56,0.7021276595744681,0.0,0.0,0.0,0.0,0.7294372294372294,33,0,14,0
SVC_RBF,0.5700000000000001,0.7021276595744681,0.0,0.0,0.0,0.0,0.7294372294372294,33,0,14,0
SVC_RBF,0.58,0.7021276595744681,0.0,0.0,0.0,0.0,0.7294372294372294,33,0,14,0
SVC_RBF,0.59,0.7021276595744681,0.0,0.0,0.0,0.0,0.7294372294372294,33,0,14,0
SVC_RBF,0.6,0.7021276595744681,0.0,0.0,0.0,0.0,0.7294372294372294,33,0,14,0
SVC_RBF,0.61,0.7021276595744681,0.0,0.0,0.0,0.0,0.7294372294372294,33,0,14,0
SVC_RBF,0.62,0.7021276595744681,0.0,0.0,0.0,0.0,0.7294372294372294,33,0,14,0
SVC_RBF,0.63,0.7021276595744681,0.0,0.0,0.0,0.0,0.7294372294372294,33,0,14,0
SVC_RBF,0.64,0.7021276595744681,0.0,0.0,0.0,0.0,0.7294372294372294,33,0,14,0
SVC_RBF,0.65,0.7021276595744681,0.0,0.0,0.0,0.0,0.7294372294372294,33,0,14,0
SVC_RBF,0.66,0.7021276595744681,0.0,0.0,0.0,0.0,0.7294372294372294,33,0,14,0
SVC_RBF,0.67,0.7021276595744681,0.0,0.0,0.0,0.0,0.7294372294372294,33,0,14,0
SVC_RBF,0.68,0.7021276595744681,0.0,0.0,0.0,0.0,0.7294372294372294,33,0,14,0
SVC_RBF,0.6900000000000001,0.7021276595744681,0.0,0.0,0.0,0.0,0.7294372294372294,33,0,14,0
SVC_RBF,0.7000000000000001,0.7021276595744681,0.0,0.0,0.0,0.0,0.7294372294372294,33,0,14,0
SVC_RBF,0.71,0.7021276595744681,0.0,0.0,0.0,0.0,0.7294372294372294,33,0,14,0
SVC_RBF,0.72,0.7021276595744681,0.0,0.0,0.0,0.0,0.7294372294372294,33,0,14,0
SVC_RBF,0.73,0.7021276595744681,0.0,0.0,0.0,0.0,0.7294372294372294,33,0,14,0
SVC_RBF,0.74,0.7021276595744681,0.0,0.0,0.0,0.0,0.7294372294372294,33,0,14,0
SVC_RBF,0.75,0.7021276595744681,0.0,0.0,0.0,0.0,0.7294372294372294,33,0,14,0
SVC_RBF,0.76,0.7021276595744681,0.0,0.0,0.0,0.0,0.7294372294372294,33,0,14,0
SVC_RBF,0.77,0.7021276595744681,0.0,0.0,0.0,0.0,0.7294372294372294,33,0,14,0
SVC_RBF,0.78,0.7021276595744681,0.0,0.0,0.0,0.0,0.7294372294372294,33,0,14,0
SVC_RBF,0.79,0.7021276595744681,0.0,0.0,0.0,0.0,0.7294372294372294,33,0,14,0
SVC_RBF,0.8,0.7021276595744681,0.0,0.0,0.0,0.0,0.7294372294372294,33,0,14,0
SVC_RBF,0.81,0.7021276595744681,0.0,0.0,0.0,0.0,0.7294372294372294,33,0,14,0
SVC_RBF,0.8200000000000001,0.7021276595744681,0.0,0.0,0.0,0.0,0.7294372294372294,33,0,14,0
SVC_RBF,0.8300000000000001,0.7021276595744681,0.0,0.0,0.0,0.0,0.7294372294372294,33,0,14,0
SVC_RBF,0.84,0.7021276595744681,0.0,0.0,0.0,0.0,0.7294372294372294,33,0,14,0
SVC_RBF,0.85,0.7021276595744681,0.0,0.0,0.0,0.0,0.7294372294372294,33,0,14,0
SVC_RBF,0.86,0.7021276595744681,0.0,0.0,0.0,0.0,0.7294372294372294,33,0,14,0
SVC_RBF,0.87,0.7021276595744681,0.0,0.0,0.0,0.0,0.7294372294372294,33,0,14,0
SVC_RBF,0.88,0.7021276595744681,0.0,0.0,0.0,0.0,0.7294372294372294,33,0,14,0
SVC_RBF,0.89,0.7021276595744681,0.0,0.0,0.0,0.0,0.7294372294372294,33,0,14,0
SVC_RBF,0.9,0.7021276595744681,0.0,0.0,0.0,0.0,0.7294372294372294,33,0,14,0
SVC_RBF,0.91,0.7021276595744681,0.0,0.0,0.0,0.0,0.7294372294372294,33,0,14,0
SVC_RBF,0.92,0.7021276595744681,0.0,0.0,0.0,0.0,0.7294372294372294,33,0,14,0
SVC_RBF,0.93,0.7021276595744681,0.0,0.0,0.0,0.0,0.7294372294372294,33,0,14,0
SVC_RBF,0.9400000000000001,0.7021276595744681,0.0,0.0,0.0,0.0,0.7294372294372294,33,0,14,0
SVC_RBF,0.9500000000000001,0.7021276595744681,0.0,0.0,0.0,0.0,0.7294372294372294,33,0,14,0
Mean_All_Classifiers,0.01,0.2978723404255319,0.2978723404255319,1.0,0.45901639344262296,0.0,0.7878787878787878,0,33,0,14
Mean_All_Classifiers,0.02,0.2978723404255319,0.2978723404255319,1.0,0.45901639344262296,0.0,0.7878787878787878,0,33,0,14
Mean_All_Classifiers,0.03,0.2978723404255319,0.2978723404255319,1.0,0.45901639344262296,0.0,0.7878787878787878,0,33,0,14
Mean_All_Classifiers,0.04,0.2978723404255319,0.2978723404255319,1.0,0.45901639344262296,0.0,0.7878787878787878,0,33,0,14
Mean_All_Classifiers,0.05,0.2978723404255319,0.2978723404255319,1.0,0.45901639344262296,0.0,0.7878787878787878,0,33,0,14
Mean_All_Classifiers,0.06,0.3191489361702128,0.30434782608695654,1.0,0.4666666666666667,0.0960346885066768,0.7878787878787878,1,32,0,14
Mean_All_Classifiers,0.07,0.3404255319148936,0.3111111111111111,1.0,0.4745762711864407,0.13731430681184992,0.7878787878787878,2,31,0,14
Mean_All_Classifiers,0.08,0.3829787234042553,0.32558139534883723,1.0,0.49122807017543857,0.19865651652396107,0.7878787878787878,4,29,0,14
Mean_All_Classifiers,0.09,0.40425531914893614,0.3333333333333333,1.0,0.5,0.22473328748774735,0.7878787878787878,5,28,0,14
Mean_All_Classifiers,0.1,0.44680851063829785,0.35,1.0,0.5185185185185185,0.27247463045653303,0.7878787878787878,7,26,0,14
Mean_All_Classifiers,0.11,0.44680851063829785,0.34210526315789475,0.9285714285714286,0.5,0.1987435534182576,0.7878787878787878,8,25,1,13
Mean_All_Classifiers,0.12,0.46808510638297873,0.35135135135135137,0.9285714285714286,0.5098039215686274,0.22493710364610947,0.7878787878787878,9,24,1,13
Mean_All_Classifiers,0.13,0.5319148936170213,0.38235294117647056,0.9285714285714286,0.5416666666666666,0.2987456883501582,0.7878787878787878,12,21,1,13
Mean_All_Classifiers,0.14,0.5106382978723404,0.36363636363636365,0.8571428571428571,0.5106382978723404,0.22077922077922077,0.7878787878787878,12,21,2,12
Mean_All_Classifiers,0.15,0.5957446808510638,0.4074074074074074,0.7857142857142857,0.5365853658536586,0.278289571810406,0.7878787878787878,17,16,3,11
Mean_All_Classifiers,0.16,0.6382978723404256,0.44,0.7857142857142857,0.5641025641025641,0.33129443335827935,0.7878787878787878,19,14,3,11
Mean_All_Classifiers,0.17,0.6808510638297872,0.4782608695652174,0.7857142857142857,0.5945945945945946,0.3861393709239279,0.7878787878787878,21,12,3,11
Mean_All_Classifiers,0.18,0.6808510638297872,0.4782608695652174,0.7857142857142857,0.5945945945945946,0.3861393709239279,0.7878787878787878,21,12,3,11
Mean_All_Classifiers,0.19,0.7021276595744681,0.5,0.7857142857142857,0.6111111111111112,0.4146139914483855,0.7878787878787878,22,11,3,11
Mean_All_Classifiers,0.2,0.7021276595744681,0.5,0.7857142857142857,0.6111111111111112,0.4146139914483855,0.7878787878787878,22,11,3,11
Mean_All_Classifiers,0.21,0.7021276595744681,0.5,0.7857142857142857,0.6111111111111112,0.4146139914483855,0.7878787878787878,22,11,3,11
Mean_All_Classifiers,0.22,0.6595744680851063,0.45,0.6428571428571429,0.5294117647058824,0.2862979048121443,0.7878787878787878,22,11,5,9
Mean_All_Classifiers,0.23,0.6595744680851063,0.45,0.6428571428571429,0.5294117647058824,0.2862979048121443,0.7878787878787878,22,11,5,9
Mean_All_Classifiers,0.24,0.6808510638297872,0.47368421052631576,0.6428571428571429,0.5454545454545454,0.3166816131136075,0.7878787878787878,23,10,5,9
Mean_All_Classifiers,0.25,0.6808510638297872,0.47368421052631576,0.6428571428571429,0.5454545454545454,0.3166816131136075,0.7878787878787878,23,10,5,9
Mean_All_Classifiers,0.26,0.6808510638297872,0.47368421052631576,0.6428571428571429,0.5454545454545454,0.3166816131136075,0.7878787878787878,23,10,5,9
Mean_All_Classifiers,0.27,0.723404255319149,0.5294117647058824,0.6428571428571429,0.5806451612903226,0.38112343371361984,0.7878787878787878,25,8,5,9
Mean_All_Classifiers,0.28,0.7446808510638298,0.5625,0.6428571428571429,0.6,0.4157107453789093,0.7878787878787878,26,7,5,9
Mean_All_Classifiers,0.29,0.7446808510638298,0.5625,0.6428571428571429,0.6,0.4157107453789093,0.7878787878787878,26,7,5,9
Mean_All_Classifiers,0.3,0.7446808510638298,0.5625,0.6428571428571429,0.6,0.4157107453789093,0.7878787878787878,26,7,5,9
Mean_All_Classifiers,0.31,0.7446808510638298,0.5625,0.6428571428571429,0.6,0.4157107453789093,0.7878787878787878,26,7,5,9
Mean_All_Classifiers,0.32,0.7446808510638298,0.5714285714285714,0.5714285714285714,0.5714285714285714,0.38961038961038963,0.7878787878787878,27,6,6,8
Mean_All_Classifiers,0.33,0.7446808510638298,0.5714285714285714,0.5714285714285714,0.5714285714285714,0.38961038961038963,0.7878787878787878,27,6,6,8
Mean_All_Classifiers,0.34,0.7446808510638298,0.5714285714285714,0.5714285714285714,0.5714285714285714,0.38961038961038963,0.7878787878787878,27,6,6,8
Mean_All_Classifiers,0.35000000000000003,0.7872340425531915,0.6666666666666666,0.5714285714285714,0.6153846153846154,0.4721909965787695,0.7878787878787878,29,4,6,8
Mean_All_Classifiers,0.36,0.7872340425531915,0.6666666666666666,0.5714285714285714,0.6153846153846154,0.4721909965787695,0.7878787878787878,29,4,6,8
Mean_All_Classifiers,0.37,0.7872340425531915,0.6666666666666666,0.5714285714285714,0.6153846153846154,0.4721909965787695,0.7878787878787878,29,4,6,8
Mean_All_Classifiers,0.38,0.7872340425531915,0.6666666666666666,0.5714285714285714,0.6153846153846154,0.4721909965787695,0.7878787878787878,29,4,6,8
Mean_All_Classifiers,0.39,0.7872340425531915,0.6666666666666666,0.5714285714285714,0.6153846153846154,0.4721909965787695,0.7878787878787878,29,4,6,8
Mean_All_Classifiers,0.4,0.8085106382978723,0.7272727272727273,0.5714285714285714,0.64,0.5190203589634,0.7878787878787878,30,3,6,8
Mean_All_Classifiers,0.41000000000000003,0.8085106382978723,0.7272727272727273,0.5714285714285714,0.64,0.5190203589634,0.7878787878787878,30,3,6,8
Mean_All_Classifiers,0.42,0.8085106382978723,0.7272727272727273,0.5714285714285714,0.64,0.5190203589634,0.7878787878787878,30,3,6,8
Mean_All_Classifiers,0.43,0.8085106382978723,0.7272727272727273,0.5714285714285714,0.64,0.5190203589634,0.7878787878787878,30,3,6,8
Mean_All_Classifiers,0.44,0.8297872340425532,0.8,0.5714285714285714,0.6666666666666666,0.5708081339836757,0.7878787878787878,31,2,6,8
Mean_All_Classifiers,0.45,0.8297872340425532,0.8,0.5714285714285714,0.6666666666666666,0.5708081339836757,0.7878787878787878,31,2,6,8
Mean_All_Classifiers,0.46,0.8297872340425532,0.8,0.5714285714285714,0.6666666666666666,0.5708081339836757,0.7878787878787878,31,2,6,8
Mean_All_Classifiers,0.47000000000000003,0.8085106382978723,0.7777777777777778,0.5,0.6086956521739131,0.5106954600494468,0.7878787878787878,31,2,7,7
Mean_All_Classifiers,0.48,0.8085106382978723,0.7777777777777778,0.5,0.6086956521739131,0.5106954600494468,0.7878787878787878,31,2,7,7
Mean_All_Classifiers,0.49,0.8085106382978723,0.7777777777777778,0.5,0.6086956521739131,0.5106954600494468,0.7878787878787878,31,2,7,7
Mean_All_Classifiers,0.5,0.8085106382978723,0.7777777777777778,0.5,0.6086956521739131,0.5106954600494468,0.7878787878787878,31,2,7,7
Mean_All_Classifiers,0.51,0.8085106382978723,0.7777777777777778,0.5,0.6086956521739131,0.5106954600494468,0.7878787878787878,31,2,7,7
Mean_All_Classifiers,0.52,0.8297872340425532,0.875,0.5,0.6363636363636364,0.5715595018720835,0.7878787878787878,32,1,7,7
Mean_All_Classifiers,0.53,0.8297872340425532,0.875,0.5,0.6363636363636364,0.5715595018720835,0.7878787878787878,32,1,7,7
Mean_All_Classifiers,0.54,0.8085106382978723,0.8571428571428571,0.42857142857142855,0.5714285714285714,0.5115850204490008,0.7878787878787878,32,1,8,6
Mean_All_Classifiers,0.55,0.7659574468085106,0.8,0.2857142857142857,0.42105263157894735,0.37883611319363125,0.7878787878787878,32,1,10,4
Mean_All_Classifiers,0.56,0.7659574468085106,0.8,0.2857142857142857,0.42105263157894735,0.37883611319363125,0.7878787878787878,32,1,10,4
Mean_All_Classifiers,0.5700000000000001,0.7872340425531915,1.0,0.2857142857142857,0.4444444444444444,0.4682617889493368,0.7878787878787878,33,0,10,4
Mean_All_Classifiers,0.58,0.7659574468085106,1.0,0.21428571428571427,0.35294117647058826,0.4008918628686366,0.7878787878787878,33,0,11,3
Mean_All_Classifiers,0.59,0.7446808510638298,1.0,0.14285714285714285,0.25,0.3236694374850748,0.7878787878787878,33,0,12,2
Mean_All_Classifiers,0.6,0.7446808510638298,1.0,0.14285714285714285,0.25,0.3236694374850748,0.7878787878787878,33,0,12,2
Mean_All_Classifiers,0.61,0.7446808510638298,1.0,0.14285714285714285,0.25,0.3236694374850748,0.7878787878787878,33,0,12,2
Mean_All_Classifiers,0.62,0.7446808510638298,1.0,0.14285714285714285,0.25,0.3236694374850748,0.7878787878787878,33,0,12,2
Mean_All_Classifiers,0.63,0.723404255319149,1.0,0.07142857142857142,0.13333333333333333,0.22636748005145246,0.7878787878787878,33,0,13,1
Mean_All_Classifiers,0.64,0.723404255319149,1.0,0.07142857142857142,0.13333333333333333,0.22636748005145246,0.7878787878787878,33,0,13,1
Mean_All_Classifiers,0.65,0.723404255319149,1.0,0.07142857142857142,0.13333333333333333,0.22636748005145246,0.7878787878787878,33,0,13,1
Mean_All_Classifiers,0.66,0.723404255319149,1.0,0.07142857142857142,0.13333333333333333,0.22636748005145246,0.7878787878787878,33,0,13,1
Mean_All_Classifiers,0.67,0.723404255319149,1.0,0.07142857142857142,0.13333333333333333,0.22636748005145246,0.7878787878787878,33,0,13,1
Mean_All_Classifiers,0.68,0.723404255319149,1.0,0.07142857142857142,0.13333333333333333,0.22636748005145246,0.7878787878787878,33,0,13,1
Mean_All_Classifiers,0.6900000000000001,0.7021276595744681,0.0,0.0,0.0,0.0,0.7878787878787878,33,0,14,0
Mean_All_Classifiers,0.7000000000000001,0.7021276595744681,0.0,0.0,0.0,0.0,0.7878787878787878,33,0,14,0
Mean_All_Classifiers,0.71,0.7021276595744681,0.0,0.0,0.0,0.0,0.7878787878787878,33,0,14,0
Mean_All_Classifiers,0.72,0.7021276595744681,0.0,0.0,0.0,0.0,0.7878787878787878,33,0,14,0
Mean_All_Classifiers,0.73,0.7021276595744681,0.0,0.0,0.0,0.0,0.7878787878787878,33,0,14,0
Mean_All_Classifiers,0.74,0.7021276595744681,0.0,0.0,0.0,0.0,0.7878787878787878,33,0,14,0
Mean_All_Classifiers,0.75,0.7021276595744681,0.0,0.0,0.0,0.0,0.7878787878787878,33,0,14,0
Mean_All_Classifiers,0.76,0.7021276595744681,0.0,0.0,0.0,0.0,0.7878787878787878,33,0,14,0
Mean_All_Classifiers,0.77,0.7021276595744681,0.0,0.0,0.0,0.0,0.7878787878787878,33,0,14,0
Mean_All_Classifiers,0.78,0.7021276595744681,0.0,0.0,0.0,0.0,0.7878787878787878,33,0,14,0
Mean_All_Classifiers,0.79,0.7021276595744681,0.0,0.0,0.0,0.0,0.7878787878787878,33,0,14,0
Mean_All_Classifiers,0.8,0.7021276595744681,0.0,0.0,0.0,0.0,0.7878787878787878,33,0,14,0
Mean_All_Classifiers,0.81,0.7021276595744681,0.0,0.0,0.0,0.0,0.7878787878787878,33,0,14,0
Mean_All_Classifiers,0.8200000000000001,0.7021276595744681,0.0,0.0,0.0,0.0,0.7878787878787878,33,0,14,0
Mean_All_Classifiers,0.8300000000000001,0.7021276595744681,0.0,0.0,0.0,0.0,0.7878787878787878,33,0,14,0
Mean_All_Classifiers,0.84,0.7021276595744681,0.0,0.0,0.0,0.0,0.7878787878787878,33,0,14,0
Mean_All_Classifiers,0.85,0.7021276595744681,0.0,0.0,0.0,0.0,0.7878787878787878,33,0,14,0
Mean_All_Classifiers,0.86,0.7021276595744681,0.0,0.0,0.0,0.0,0.7878787878787878,33,0,14,0
Mean_All_Classifiers,0.87,0.7021276595744681,0.0,0.0,0.0,0.0,0.7878787878787878,33,0,14,0
Mean_All_Classifiers,0.88,0.7021276595744681,0.0,0.0,0.0,0.0,0.7878787878787878,33,0,14,0
Mean_All_Classifiers,0.89,0.7021276595744681,0.0,0.0,0.0,0.0,0.7878787878787878,33,0,14,0
Mean_All_Classifiers,0.9,0.7021276595744681,0.0,0.0,0.0,0.0,0.7878787878787878,33,0,14,0
Mean_All_Classifiers,0.91,0.7021276595744681,0.0,0.0,0.0,0.0,0.7878787878787878,33,0,14,0
Mean_All_Classifiers,0.92,0.7021276595744681,0.0,0.0,0.0,0.0,0.7878787878787878,33,0,14,0
Mean_All_Classifiers,0.93,0.7021276595744681,0.0,0.0,0.0,0.0,0.7878787878787878,33,0,14,0
Mean_All_Classifiers,0.9400000000000001,0.7021276595744681,0.0,0.0,0.0,0.0,0.7878787878787878,33,0,14,0
Mean_All_Classifiers,0.9500000000000001,0.7021276595744681,0.0,0.0,0.0,0.0,0.7878787878787878,33,0,14,0
Max_All_Classifiers,0.01,0.2978723404255319,0.2978723404255319,1.0,0.45901639344262296,0.0,0.6883116883116883,0,33,0,14
Max_All_Classifiers,0.02,0.2978723404255319,0.2978723404255319,1.0,0.45901639344262296,0.0,0.6883116883116883,0,33,0,14
Max_All_Classifiers,0.03,0.2978723404255319,0.2978723404255319,1.0,0.45901639344262296,0.0,0.6883116883116883,0,33,0,14
Max_All_Classifiers,0.04,0.2978723404255319,0.2978723404255319,1.0,0.45901639344262296,0.0,0.6883116883116883,0,33,0,14
Max_All_Classifiers,0.05,0.2978723404255319,0.2978723404255319,1.0,0.45901639344262296,0.0,0.6883116883116883,0,33,0,14
Max_All_Classifiers,0.06,0.2978723404255319,0.2978723404255319,1.0,0.45901639344262296,0.0,0.6883116883116883,0,33,0,14
Max_All_Classifiers,0.07,0.2978723404255319,0.2978723404255319,1.0,0.45901639344262296,0.0,0.6883116883116883,0,33,0,14
Max_All_Classifiers,0.08,0.2978723404255319,0.2978723404255319,1.0,0.45901639344262296,0.0,0.6883116883116883,0,33,0,14
Max_All_Classifiers,0.09,0.2978723404255319,0.2978723404255319,1.0,0.45901639344262296,0.0,0.6883116883116883,0,33,0,14
Max_All_Classifiers,0.1,0.2978723404255319,0.2978723404255319,1.0,0.45901639344262296,0.0,0.6883116883116883,0,33,0,14
Max_All_Classifiers,0.11,0.2978723404255319,0.2978723404255319,1.0,0.45901639344262296,0.0,0.6883116883116883,0,33,0,14
Max_All_Classifiers,0.12,0.2978723404255319,0.2978723404255319,1.0,0.45901639344262296,0.0,0.6883116883116883,0,33,0,14
Max_All_Classifiers,0.13,0.2978723404255319,0.2978723404255319,1.0,0.45901639344262296,0.0,0.6883116883116883,0,33,0,14
Max_All_Classifiers,0.14,0.2978723404255319,0.2978723404255319,1.0,0.45901639344262296,0.0,0.6883116883116883,0,33,0,14
Max_All_Classifiers,0.15,0.2978723404255319,0.2978723404255319,1.0,0.45901639344262296,0.0,0.6883116883116883,0,33,0,14
Max_All_Classifiers,0.16,0.2978723404255319,0.2978723404255319,1.0,0.45901639344262296,0.0,0.6883116883116883,0,33,0,14
Max_All_Classifiers,0.17,0.2978723404255319,0.2978723404255319,1.0,0.45901639344262296,0.0,0.6883116883116883,0,33,0,14
Max_All_Classifiers,0.18,0.2978723404255319,0.2978723404255319,1.0,0.45901639344262296,0.0,0.6883116883116883,0,33,0,14
Max_All_Classifiers,0.19,0.2978723404255319,0.2978723404255319,1.0,0.45901639344262296,0.0,0.6883116883116883,0,33,0,14
Max_All_Classifiers,0.2,0.3404255319148936,0.3111111111111111,1.0,0.4745762711864407,0.13731430681184992,0.6883116883116883,2,31,0,14
Max_All_Classifiers,0.21,0.3617021276595745,0.3181818181818182,1.0,0.4827586206896552,0.1700753357624519,0.6883116883116883,3,30,0,14
Max_All_Classifiers,0.22,0.3829787234042553,0.32558139534883723,1.0,0.49122807017543857,0.19865651652396107,0.6883116883116883,4,29,0,14
Max_All_Classifiers,0.23,0.3829787234042553,0.32558139534883723,1.0,0.49122807017543857,0.19865651652396107,0.6883116883116883,4,29,0,14
Max_All_Classifiers,0.24,0.425531914893617,0.34146341463414637,1.0,0.509090909090909,0.24916712705774094,0.6883116883116883,6,27,0,14
Max_All_Classifiers,0.25,0.44680851063829785,0.35,1.0,0.5185185185185185,0.27247463045653303,0.6883116883116883,7,26,0,14
Max_All_Classifiers,0.26,0.425531914893617,0.32432432432432434,0.8571428571428571,0.47058823529411764,0.11125921255614017,0.6883116883116883,8,25,2,12
Max_All_Classifiers,0.27,0.48936170212765956,0.34375,0.7857142857142857,0.4782608695652174,0.14652356753831736,0.6883116883116883,12,21,3,11
Max_All_Classifiers,0.28,0.48936170212765956,0.3333333333333333,0.7142857142857143,0.45454545454545453,0.10300633343611347,0.6883116883116883,13,20,4,10
Max_All_Classifiers,0.29,0.5319148936170213,0.35714285714285715,0.7142857142857143,0.47619047619047616,0.1573322663876521,0.6883116883116883,15,18,4,10
Max_All_Classifiers,0.3,0.574468085106383,0.38461538461538464,0.7142857142857143,0.5,0.21105155490655148,0.6883116883116883,17,16,4,10
Max_All_Classifiers,0.31,0.6170212765957447,0.4166666666666667,0.7142857142857143,0.5263157894736842,0.2653470548913146,0.6883116883116883,19,14,4,10
Max_All_Classifiers,0.32,0.6170212765957447,0.4166666666666667,0.7142857142857143,0.5263157894736842,0.2653470548913146,0.6883116883116883,19,14,4,10
Max_All_Classifiers,0.33,0.6170212765957447,0.4166666666666667,0.7142857142857143,0.5263157894736842,0.2653470548913146,0.6883116883116883,19,14,4,10
Max_All_Classifiers,0.34,0.6382978723404256,0.43478260869565216,0.7142857142857143,0.5405405405405406,0.29306988152175045,0.6883116883116883,20,13,4,10
Max_All_Classifiers,0.35000000000000003,0.6808510638297872,0.47619047619047616,0.7142857142857143,0.5714285714285714,0.3504252232410666,0.6883116883116883,22,11,4,10
Max_All_Classifiers,0.36,0.6808510638297872,0.47619047619047616,0.7142857142857143,0.5714285714285714,0.3504252232410666,0.6883116883116883,22,11,4,10
Max_All_Classifiers,0.37,0.6808510638297872,0.47619047619047616,0.7142857142857143,0.5714285714285714,0.3504252232410666,0.6883116883116883,22,11,4,10
Max_All_Classifiers,0.38,0.6595744680851063,0.45,0.6428571428571429,0.5294117647058824,0.2862979048121443,0.6883116883116883,22,11,5,9
Max_All_Classifiers,0.39,0.6808510638297872,0.47368421052631576,0.6428571428571429,0.5454545454545454,0.3166816131136075,0.6883116883116883,23,10,5,9
Max_All_Classifiers,0.4,0.7021276595744681,0.5,0.6428571428571429,0.5625,0.3482089031241985,0.6883116883116883,24,9,5,9
Max_All_Classifiers,0.41000000000000003,0.7021276595744681,0.5,0.6428571428571429,0.5625,0.3482089031241985,0.6883116883116883,24,9,5,9
Max_All_Classifiers,0.42,0.7021276595744681,0.5,0.6428571428571429,0.5625,0.3482089031241985,0.6883116883116883,24,9,5,9
Max_All_Classifiers,0.43,0.7021276595744681,0.5,0.6428571428571429,0.5625,0.3482089031241985,0.6883116883116883,24,9,5,9
Max_All_Classifiers,0.44,0.7021276595744681,0.5,0.6428571428571429,0.5625,0.3482089031241985,0.6883116883116883,24,9,5,9
Max_All_Classifiers,0.45,0.7021276595744681,0.5,0.6428571428571429,0.5625,0.3482089031241985,0.6883116883116883,24,9,5,9
Max_All_Classifiers,0.46,0.7021276595744681,0.5,0.6428571428571429,0.5625,0.3482089031241985,0.6883116883116883,24,9,5,9
Max_All_Classifiers,0.47000000000000003,0.6808510638297872,0.47058823529411764,0.5714285714285714,0.5161290322580645,0.2842974802836732,0.6883116883116883,24,9,6,8
Max_All_Classifiers,0.48,0.6808510638297872,0.47058823529411764,0.5714285714285714,0.5161290322580645,0.2842974802836732,0.6883116883116883,24,9,6,8
Max_All_Classifiers,0.49,0.6808510638297872,0.47058823529411764,0.5714285714285714,0.5161290322580645,0.2842974802836732,0.6883116883116883,24,9,6,8
Max_All_Classifiers,0.5,0.6808510638297872,0.47058823529411764,0.5714285714285714,0.5161290322580645,0.2842974802836732,0.6883116883116883,24,9,6,8
Max_All_Classifiers,0.51,0.6808510638297872,0.47058823529411764,0.5714285714285714,0.5161290322580645,0.2842974802836732,0.6883116883116883,24,9,6,8
Max_All_Classifiers,0.52,0.6808510638297872,0.47058823529411764,0.5714285714285714,0.5161290322580645,0.2842974802836732,0.6883116883116883,24,9,6,8
Max_All_Classifiers,0.53,0.6808510638297872,0.47058823529411764,0.5714285714285714,0.5161290322580645,0.2842974802836732,0.6883116883116883,24,9,6,8
Max_All_Classifiers,0.54,0.7021276595744681,0.5,0.5714285714285714,0.5333333333333333,0.3175278055155488,0.6883116883116883,25,8,6,8
Max_All_Classifiers,0.55,0.7021276595744681,0.5,0.5714285714285714,0.5333333333333333,0.3175278055155488,0.6883116883116883,25,8,6,8
Max_All_Classifiers,0.56,0.7021276595744681,0.5,0.5714285714285714,0.5333333333333333,0.3175278055155488,0.6883116883116883,25,8,6,8
Max_All_Classifiers,0.5700000000000001,0.7021276595744681,0.5,0.5714285714285714,0.5333333333333333,0.3175278055155488,0.6883116883116883,25,8,6,8
Max_All_Classifiers,0.58,0.7021276595744681,0.5,0.5714285714285714,0.5333333333333333,0.3175278055155488,0.6883116883116883,25,8,6,8
Max_All_Classifiers,0.59,0.7021276595744681,0.5,0.5714285714285714,0.5333333333333333,0.3175278055155488,0.6883116883116883,25,8,6,8
Max_All_Classifiers,0.6,0.7446808510638298,0.5714285714285714,0.5714285714285714,0.5714285714285714,0.38961038961038963,0.6883116883116883,27,6,6,8
Max_All_Classifiers,0.61,0.7446808510638298,0.5714285714285714,0.5714285714285714,0.5714285714285714,0.38961038961038963,0.6883116883116883,27,6,6,8
Max_All_Classifiers,0.62,0.7446808510638298,0.5714285714285714,0.5714285714285714,0.5714285714285714,0.38961038961038963,0.6883116883116883,27,6,6,8
Max_All_Classifiers,0.63,0.7659574468085106,0.6153846153846154,0.5714285714285714,0.5925925925925926,0.4293086188143014,0.6883116883116883,28,5,6,8
Max_All_Classifiers,0.64,0.7659574468085106,0.6153846153846154,0.5714285714285714,0.5925925925925926,0.4293086188143014,0.6883116883116883,28,5,6,8
Max_All_Classifiers,0.65,0.7659574468085106,0.6153846153846154,0.5714285714285714,0.5925925925925926,0.4293086188143014,0.6883116883116883,28,5,6,8
Max_All_Classifiers,0.66,0.7659574468085106,0.6153846153846154,0.5714285714285714,0.5925925925925926,0.4293086188143014,0.6883116883116883,28,5,6,8
Max_All_Classifiers,0.67,0.7659574468085106,0.6153846153846154,0.5714285714285714,0.5925925925925926,0.4293086188143014,0.6883116883116883,28,5,6,8
Max_All_Classifiers,0.68,0.7659574468085106,0.6153846153846154,0.5714285714285714,0.5925925925925926,0.4293086188143014,0.6883116883116883,28,5,6,8
Max_All_Classifiers,0.6900000000000001,0.7659574468085106,0.6153846153846154,0.5714285714285714,0.5925925925925926,0.4293086188143014,0.6883116883116883,28,5,6,8
Max_All_Classifiers,0.7000000000000001,0.7659574468085106,0.6153846153846154,0.5714285714285714,0.5925925925925926,0.4293086188143014,0.6883116883116883,28,5,6,8
Max_All_Classifiers,0.71,0.7659574468085106,0.6153846153846154,0.5714285714285714,0.5925925925925926,0.4293086188143014,0.6883116883116883,28,5,6,8
Max_All_Classifiers,0.72,0.7659574468085106,0.6153846153846154,0.5714285714285714,0.5925925925925926,0.4293086188143014,0.6883116883116883,28,5,6,8
Max_All_Classifiers,0.73,0.7659574468085106,0.6153846153846154,0.5714285714285714,0.5925925925925926,0.4293086188143014,0.6883116883116883,28,5,6,8
Max_All_Classifiers,0.74,0.7659574468085106,0.6153846153846154,0.5714285714285714,0.5925925925925926,0.4293086188143014,0.6883116883116883,28,5,6,8
Max_All_Classifiers,0.75,0.7659574468085106,0.6153846153846154,0.5714285714285714,0.5925925925925926,0.4293086188143014,0.6883116883116883,28,5,6,8
Max_All_Classifiers,0.76,0.7659574468085106,0.6153846153846154,0.5714285714285714,0.5925925925925926,0.4293086188143014,0.6883116883116883,28,5,6,8
Max_All_Classifiers,0.77,0.7659574468085106,0.6153846153846154,0.5714285714285714,0.5925925925925926,0.4293086188143014,0.6883116883116883,28,5,6,8
Max_All_Classifiers,0.78,0.7659574468085106,0.6153846153846154,0.5714285714285714,0.5925925925925926,0.4293086188143014,0.6883116883116883,28,5,6,8
Max_All_Classifiers,0.79,0.7659574468085106,0.6153846153846154,0.5714285714285714,0.5925925925925926,0.4293086188143014,0.6883116883116883,28,5,6,8
Max_All_Classifiers,0.8,0.7659574468085106,0.6363636363636364,0.5,0.56,0.4091376703540316,0.6883116883116883,29,4,7,7
Max_All_Classifiers,0.81,0.7659574468085106,0.6363636363636364,0.5,0.56,0.4091376703540316,0.6883116883116883,29,4,7,7
Max_All_Classifiers,0.8200000000000001,0.7659574468085106,0.6363636363636364,0.5,0.56,0.4091376703540316,0.6883116883116883,29,4,7,7
Max_All_Classifiers,0.8300000000000001,0.7659574468085106,0.6363636363636364,0.5,0.56,0.4091376703540316,0.6883116883116883,29,4,7,7
Max_All_Classifiers,0.84,0.7659574468085106,0.6363636363636364,0.5,0.56,0.4091376703540316,0.6883116883116883,29,4,7,7
Max_All_Classifiers,0.85,0.723404255319149,0.5555555555555556,0.35714285714285715,0.43478260869565216,0.2742157888935453,0.6883116883116883,29,4,9,5
Max_All_Classifiers,0.86,0.723404255319149,0.5555555555555556,0.35714285714285715,0.43478260869565216,0.2742157888935453,0.6883116883116883,29,4,9,5
Max_All_Classifiers,0.87,0.723404255319149,0.5555555555555556,0.35714285714285715,0.43478260869565216,0.2742157888935453,0.6883116883116883,29,4,9,5
Max_All_Classifiers,0.88,0.723404255319149,0.5555555555555556,0.35714285714285715,0.43478260869565216,0.2742157888935453,0.6883116883116883,29,4,9,5
Max_All_Classifiers,0.89,0.723404255319149,0.5555555555555556,0.35714285714285715,0.43478260869565216,0.2742157888935453,0.6883116883116883,29,4,9,5
Max_All_Classifiers,0.9,0.723404255319149,0.5555555555555556,0.35714285714285715,0.43478260869565216,0.2742157888935453,0.6883116883116883,29,4,9,5
Max_All_Classifiers,0.91,0.723404255319149,0.5555555555555556,0.35714285714285715,0.43478260869565216,0.2742157888935453,0.6883116883116883,29,4,9,5
Max_All_Classifiers,0.92,0.7021276595744681,0.5,0.2857142857142857,0.36363636363636365,0.20017752139298778,0.6883116883116883,29,4,10,4
Max_All_Classifiers,0.93,0.7021276595744681,0.5,0.2857142857142857,0.36363636363636365,0.20017752139298778,0.6883116883116883,29,4,10,4
Max_All_Classifiers,0.9400000000000001,0.7021276595744681,0.5,0.2857142857142857,0.36363636363636365,0.20017752139298778,0.6883116883116883,29,4,10,4
Max_All_Classifiers,0.9500000000000001,0.6595744680851063,0.3333333333333333,0.14285714285714285,0.2,0.029662753221159636,0.6883116883116883,29,4,12,2
Mean_GB_Logistic,0.01,0.40425531914893614,0.3333333333333333,1.0,0.5,0.22473328748774735,0.7705627705627706,5,28,0,14
Mean_GB_Logistic,0.02,0.3829787234042553,0.3076923076923077,0.8571428571428571,0.4528301886792453,0.04741046559307605,0.7705627705627706,6,27,2,12
Mean_GB_Logistic,0.03,0.425531914893617,0.32432432432432434,0.8571428571428571,0.47058823529411764,0.11125921255614017,0.7705627705627706,8,25,2,12
Mean_GB_Logistic,0.04,0.5531914893617021,0.3870967741935484,0.8571428571428571,0.5333333333333333,0.2715698336646141,0.7705627705627706,14,19,2,12
Mean_GB_Logistic,0.05,0.6170212765957447,0.42857142857142855,0.8571428571428571,0.5714285714285714,0.34693781818815594,0.7705627705627706,17,16,2,12
Mean_GB_Logistic,0.06,0.6382978723404256,0.44,0.7857142857142857,0.5641025641025641,0.33129443335827935,0.7705627705627706,19,14,3,11
Mean_GB_Logistic,0.07,0.6382978723404256,0.44,0.7857142857142857,0.5641025641025641,0.33129443335827935,0.7705627705627706,19,14,3,11
Mean_GB_Logistic,0.08,0.6382978723404256,0.44,0.7857142857142857,0.5641025641025641,0.33129443335827935,0.7705627705627706,19,14,3,11
Mean_GB_Logistic,0.09,0.6595744680851063,0.4583333333333333,0.7857142857142857,0.5789473684210527,0.35841654429349207,0.7705627705627706,20,13,3,11
Mean_GB_Logistic,0.1,0.6808510638297872,0.4782608695652174,0.7857142857142857,0.5945945945945946,0.3861393709239279,0.7705627705627706,21,12,3,11
Mean_GB_Logistic,0.11,0.6808510638297872,0.4782608695652174,0.7857142857142857,0.5945945945945946,0.3861393709239279,0.7705627705627706,21,12,3,11
Mean_GB_Logistic,0.12,0.6595744680851063,0.45454545454545453,0.7142857142857143,0.5555555555555556,0.3213754383475524,0.7705627705627706,21,12,4,10
Mean_GB_Logistic,0.13,0.6808510638297872,0.47619047619047616,0.7142857142857143,0.5714285714285714,0.3504252232410666,0.7705627705627706,22,11,4,10
Mean_GB_Logistic,0.14,0.6808510638297872,0.47619047619047616,0.7142857142857143,0.5714285714285714,0.3504252232410666,0.7705627705627706,22,11,4,10
Mean_GB_Logistic,0.15,0.6808510638297872,0.47619047619047616,0.7142857142857143,0.5714285714285714,0.3504252232410666,0.7705627705627706,22,11,4,10
Mean_GB_Logistic,0.16,0.6808510638297872,0.47619047619047616,0.7142857142857143,0.5714285714285714,0.3504252232410666,0.7705627705627706,22,11,4,10
Mean_GB_Logistic,0.17,0.6808510638297872,0.47619047619047616,0.7142857142857143,0.5714285714285714,0.3504252232410666,0.7705627705627706,22,11,4,10
Mean_GB_Logistic,0.18,0.7021276595744681,0.5,0.7142857142857143,0.5882352941176471,0.38039581758256935,0.7705627705627706,23,10,4,10
Mean_GB_Logistic,0.19,0.7021276595744681,0.5,0.7142857142857143,0.5882352941176471,0.38039581758256935,0.7705627705627706,23,10,4,10
Mean_GB_Logistic,0.2,0.723404255319149,0.5263157894736842,0.7142857142857143,0.6060606060606061,0.41148438901385936,0.7705627705627706,24,9,4,10
Mean_GB_Logistic,0.21,0.723404255319149,0.5263157894736842,0.7142857142857143,0.6060606060606061,0.41148438901385936,0.7705627705627706,24,9,4,10
Mean_GB_Logistic,0.22,0.723404255319149,0.5263157894736842,0.7142857142857143,0.6060606060606061,0.41148438901385936,0.7705627705627706,24,9,4,10
Mean_GB_Logistic,0.23,0.723404255319149,0.5263157894736842,0.7142857142857143,0.6060606060606061,0.41148438901385936,0.7705627705627706,24,9,4,10
Mean_GB_Logistic,0.24,0.7021276595744681,0.5,0.6428571428571429,0.5625,0.3482089031241985,0.7705627705627706,24,9,5,9
Mean_GB_Logistic,0.25,0.7021276595744681,0.5,0.6428571428571429,0.5625,0.3482089031241985,0.7705627705627706,24,9,5,9
Mean_GB_Logistic,0.26,0.7021276595744681,0.5,0.6428571428571429,0.5625,0.3482089031241985,0.7705627705627706,24,9,5,9
Mean_GB_Logistic,0.27,0.723404255319149,0.5294117647058824,0.6428571428571429,0.5806451612903226,0.38112343371361984,0.7705627705627706,25,8,5,9
Mean_GB_Logistic,0.28,0.723404255319149,0.5294117647058824,0.6428571428571429,0.5806451612903226,0.38112343371361984,0.7705627705627706,25,8,5,9
Mean_GB_Logistic,0.29,0.7446808510638298,0.5625,0.6428571428571429,0.6,0.4157107453789093,0.7705627705627706,26,7,5,9
Mean_GB_Logistic,0.3,0.7446808510638298,0.5625,0.6428571428571429,0.6,0.4157107453789093,0.7705627705627706,26,7,5,9
Mean_GB_Logistic,0.31,0.7446808510638298,0.5625,0.6428571428571429,0.6,0.4157107453789093,0.7705627705627706,26,7,5,9
Mean_GB_Logistic,0.32,0.7446808510638298,0.5714285714285714,0.5714285714285714,0.5714285714285714,0.38961038961038963,0.7705627705627706,27,6,6,8
Mean_GB_Logistic,0.33,0.7446808510638298,0.5714285714285714,0.5714285714285714,0.5714285714285714,0.38961038961038963,0.7705627705627706,27,6,6,8
Mean_GB_Logistic,0.34,0.7446808510638298,0.5714285714285714,0.5714285714285714,0.5714285714285714,0.38961038961038963,0.7705627705627706,27,6,6,8
Mean_GB_Logistic,0.35000000000000003,0.7446808510638298,0.5714285714285714,0.5714285714285714,0.5714285714285714,0.38961038961038963,0.7705627705627706,27,6,6,8
Mean_GB_Logistic,0.36,0.7446808510638298,0.5714285714285714,0.5714285714285714,0.5714285714285714,0.38961038961038963,0.7705627705627706,27,6,6,8
Mean_GB_Logistic,0.37,0.7446808510638298,0.5714285714285714,0.5714285714285714,0.5714285714285714,0.38961038961038963,0.7705627705627706,27,6,6,8
Mean_GB_Logistic,0.38,0.7446808510638298,0.5714285714285714,0.5714285714285714,0.5714285714285714,0.38961038961038963,0.7705627705627706,27,6,6,8
Mean_GB_Logistic,0.39,0.7446808510638298,0.5714285714285714,0.5714285714285714,0.5714285714285714,0.38961038961038963,0.7705627705627706,27,6,6,8
Mean_GB_Logistic,0.4,0.7446808510638298,0.5714285714285714,0.5714285714285714,0.5714285714285714,0.38961038961038963,0.7705627705627706,27,6,6,8
Mean_GB_Logistic,0.41000000000000003,0.7659574468085106,0.6153846153846154,0.5714285714285714,0.5925925925925926,0.4293086188143014,0.7705627705627706,28,5,6,8
Mean_GB_Logistic,0.42,0.7872340425531915,0.6666666666666666,0.5714285714285714,0.6153846153846154,0.4721909965787695,0.7705627705627706,29,4,6,8
Mean_GB_Logistic,0.43,0.7872340425531915,0.6666666666666666,0.5714285714285714,0.6153846153846154,0.4721909965787695,0.7705627705627706,29,4,6,8
Mean_GB_Logistic,0.44,0.7872340425531915,0.6666666666666666,0.5714285714285714,0.6153846153846154,0.4721909965787695,0.7705627705627706,29,4,6,8
Mean_GB_Logistic,0.45,0.7872340425531915,0.6666666666666666,0.5714285714285714,0.6153846153846154,0.4721909965787695,0.7705627705627706,29,4,6,8
Mean_GB_Logistic,0.46,0.7872340425531915,0.6666666666666666,0.5714285714285714,0.6153846153846154,0.4721909965787695,0.7705627705627706,29,4,6,8
Mean_GB_Logistic,0.47000000000000003,0.7872340425531915,0.6666666666666666,0.5714285714285714,0.6153846153846154,0.4721909965787695,0.7705627705627706,29,4,6,8
Mean_GB_Logistic,0.48,0.7872340425531915,0.6666666666666666,0.5714285714285714,0.6153846153846154,0.4721909965787695,0.7705627705627706,29,4,6,8
Mean_GB_Logistic,0.49,0.7872340425531915,0.6666666666666666,0.5714285714285714,0.6153846153846154,0.4721909965787695,0.7705627705627706,29,4,6,8
Mean_GB_Logistic,0.5,0.7872340425531915,0.6666666666666666,0.5714285714285714,0.6153846153846154,0.4721909965787695,0.7705627705627706,29,4,6,8
Mean_GB_Logistic,0.51,0.7872340425531915,0.6666666666666666,0.5714285714285714,0.6153846153846154,0.4721909965787695,0.7705627705627706,29,4,6,8
Mean_GB_Logistic,0.52,0.7872340425531915,0.6666666666666666,0.5714285714285714,0.6153846153846154,0.4721909965787695,0.7705627705627706,29,4,6,8
Mean_GB_Logistic,0.53,0.7872340425531915,0.6666666666666666,0.5714285714285714,0.6153846153846154,0.4721909965787695,0.7705627705627706,29,4,6,8
Mean_GB_Logistic,0.54,0.7872340425531915,0.6666666666666666,0.5714285714285714,0.6153846153846154,0.4721909965787695,0.7705627705627706,29,4,6,8
Mean_GB_Logistic,0.55,0.7872340425531915,0.6666666666666666,0.5714285714285714,0.6153846153846154,0.4721909965787695,0.7705627705627706,29,4,6,8
Mean_GB_Logistic,0.56,0.7872340425531915,0.6666666666666666,0.5714285714285714,0.6153846153846154,0.4721909965787695,0.7705627705627706,29,4,6,8
Mean_GB_Logistic,0.5700000000000001,0.7872340425531915,0.6666666666666666,0.5714285714285714,0.6153846153846154,0.4721909965787695,0.7705627705627706,29,4,6,8
Mean_GB_Logistic,0.58,0.7659574468085106,0.6363636363636364,0.5,0.56,0.4091376703540316,0.7705627705627706,29,4,7,7
Mean_GB_Logistic,0.59,0.7659574468085106,0.6363636363636364,0.5,0.56,0.4091376703540316,0.7705627705627706,29,4,7,7
Mean_GB_Logistic,0.6,0.7659574468085106,0.6363636363636364,0.5,0.56,0.4091376703540316,0.7705627705627706,29,4,7,7
Mean_GB_Logistic,0.61,0.7872340425531915,0.7,0.5,0.5833333333333334,0.45713024289370635,0.7705627705627706,30,3,7,7
Mean_GB_Logistic,0.62,0.7872340425531915,0.7,0.5,0.5833333333333334,0.45713024289370635,0.7705627705627706,30,3,7,7
Mean_GB_Logistic,0.63,0.7872340425531915,0.7,0.5,0.5833333333333334,0.45713024289370635,0.7705627705627706,30,3,7,7
Mean_GB_Logistic,0.64,0.8085106382978723,0.7777777777777778,0.5,0.6086956521739131,0.5106954600494468,0.7705627705627706,31,2,7,7
Mean_GB_Logistic,0.65,0.8085106382978723,0.7777777777777778,0.5,0.6086956521739131,0.5106954600494468,0.7705627705627706,31,2,7,7
Mean_GB_Logistic,0.66,0.8297872340425532,0.875,0.5,0.6363636363636364,0.5715595018720835,0.7705627705627706,32,1,7,7
Mean_GB_Logistic,0.67,0.8297872340425532,0.875,0.5,0.6363636363636364,0.5715595018720835,0.7705627705627706,32,1,7,7
Mean_GB_Logistic,0.68,0.8297872340425532,0.875,0.5,0.6363636363636364,0.5715595018720835,0.7705627705627706,32,1,7,7
Mean_GB_Logistic,0.6900000000000001,0.8297872340425532,0.875,0.5,0.6363636363636364,0.5715595018720835,0.7705627705627706,32,1,7,7
Mean_GB_Logistic,0.7000000000000001,0.8085106382978723,0.8571428571428571,0.42857142857142855,0.5714285714285714,0.5115850204490008,0.7705627705627706,32,1,8,6
Mean_GB_Logistic,0.71,0.8085106382978723,0.8571428571428571,0.42857142857142855,0.5714285714285714,0.5115850204490008,0.7705627705627706,32,1,8,6
Mean_GB_Logistic,0.72,0.8085106382978723,0.8571428571428571,0.42857142857142855,0.5714285714285714,0.5115850204490008,0.7705627705627706,32,1,8,6
Mean_GB_Logistic,0.73,0.8085106382978723,0.8571428571428571,0.42857142857142855,0.5714285714285714,0.5115850204490008,0.7705627705627706,32,1,8,6
Mean_GB_Logistic,0.74,0.8085106382978723,0.8571428571428571,0.42857142857142855,0.5714285714285714,0.5115850204490008,0.7705627705627706,32,1,8,6
Mean_GB_Logistic,0.75,0.7872340425531915,0.8333333333333334,0.35714285714285715,0.5,0.4479075736395105,0.7705627705627706,32,1,9,5
Mean_GB_Logistic,0.76,0.7659574468085106,0.8,0.2857142857142857,0.42105263157894735,0.37883611319363125,0.7705627705627706,32,1,10,4
Mean_GB_Logistic,0.77,0.7446808510638298,0.75,0.21428571428571427,0.3333333333333333,0.3015322125810123,0.7705627705627706,32,1,11,3
Mean_GB_Logistic,0.78,0.7446808510638298,0.75,0.21428571428571427,0.3333333333333333,0.3015322125810123,0.7705627705627706,32,1,11,3
Mean_GB_Logistic,0.79,0.7659574468085106,1.0,0.21428571428571427,0.35294117647058826,0.4008918628686366,0.7705627705627706,33,0,11,3
Mean_GB_Logistic,0.8,0.7659574468085106,1.0,0.21428571428571427,0.35294117647058826,0.4008918628686366,0.7705627705627706,33,0,11,3
Mean_GB_Logistic,0.81,0.7659574468085106,1.0,0.21428571428571427,0.35294117647058826,0.4008918628686366,0.7705627705627706,33,0,11,3
Mean_GB_Logistic,0.8200000000000001,0.7659574468085106,1.0,0.21428571428571427,0.35294117647058826,0.4008918628686366,0.7705627705627706,33,0,11,3
Mean_GB_Logistic,0.8300000000000001,0.7659574468085106,1.0,0.21428571428571427,0.35294117647058826,0.4008918628686366,0.7705627705627706,33,0,11,3
Mean_GB_Logistic,0.84,0.7659574468085106,1.0,0.21428571428571427,0.35294117647058826,0.4008918628686366,0.7705627705627706,33,0,11,3
Mean_GB_Logistic,0.85,0.7659574468085106,1.0,0.21428571428571427,0.35294117647058826,0.4008918628686366,0.7705627705627706,33,0,11,3
Mean_GB_Logistic,0.86,0.7659574468085106,1.0,0.21428571428571427,0.35294117647058826,0.4008918628686366,0.7705627705627706,33,0,11,3
Mean_GB_Logistic,0.87,0.7659574468085106,1.0,0.21428571428571427,0.35294117647058826,0.4008918628686366,0.7705627705627706,33,0,11,3
Mean_GB_Logistic,0.88,0.7659574468085106,1.0,0.21428571428571427,0.35294117647058826,0.4008918628686366,0.7705627705627706,33,0,11,3
Mean_GB_Logistic,0.89,0.7659574468085106,1.0,0.21428571428571427,0.35294117647058826,0.4008918628686366,0.7705627705627706,33,0,11,3
Mean_GB_Logistic,0.9,0.7446808510638298,1.0,0.14285714285714285,0.25,0.3236694374850748,0.7705627705627706,33,0,12,2
Mean_GB_Logistic,0.91,0.723404255319149,1.0,0.07142857142857142,0.13333333333333333,0.22636748005145246,0.7705627705627706,33,0,13,1
Mean_GB_Logistic,0.92,0.723404255319149,1.0,0.07142857142857142,0.13333333333333333,0.22636748005145246,0.7705627705627706,33,0,13,1
Mean_GB_Logistic,0.93,0.723404255319149,1.0,0.07142857142857142,0.13333333333333333,0.22636748005145246,0.7705627705627706,33,0,13,1
Mean_GB_Logistic,0.9400000000000001,0.723404255319149,1.0,0.07142857142857142,0.13333333333333333,0.22636748005145246,0.7705627705627706,33,0,13,1
Mean_GB_Logistic,0.9500000000000001,0.7021276595744681,0.0,0.0,0.0,0.0,0.7705627705627706,33,0,14,0
